Nghị định Về chế độ thôi việc đối với cán bộ, công chức

Căn_cứ <L rel="Pursuant"> Luật tổ_chức Chính_phủ ngày 30 tháng 9 năm 1992 </L> ;
Căn_cứ <BL rel="Pursuant"> Bộ_Luật Lao_động ngày 23 tháng 6 năm 1994 </BL> ;
Căn_cứ <PL rel="Pursuant"> Pháp_lệnh Cán_bộ , công_chức ngày 26/02 năm 1998 </PL> ;
Điều 1 . 

1 . Những người được quy_định tại các khoản 2 , 3 , 4 và 5 Điều 1 của <PL rel="Reference"> Pháp_lệnh Cán_bộ , công_chức </PL> ;
2 . Những cán_bộ , công_chức biệt_phái sang làm_việc tại các tổ_chức kinh_tế , tổ_chức xã_hội-nghề_nghiệp mà các tổ_chức này đã được cơ_quan có thẩm_quyền giao chỉ_tiêu biên_chế ; 

3 . Cán_bộ , công_chức làm_việc ở những ngành_nghề có liên_quan đến bí_mật Nhà_nước khi thôi_việc , thực_hiện theo quy_định tại Điều 18 của <PL rel="Reference"> Pháp_lệnh Cán_bộ , công_chức </PL> .
Điều 2 . 

1 . Cán_bộ , công_chức thôi_việc trong những trường_hợp sau đây thì được hưởng chế_độ thôi_việc : 

a ) Do sắp_xếp tổ_chức , giảm biên_chế theo quyết_định của cơ_quan , tổ_chức có thẩm_quyền ; 

b ) Tự_nguyện xin thôi_việc được cơ_quan , tổ_chức có thẩm_quyền đồng_ý . 

2 . Cán_bộ , công_chức thôi_việc mà không đủ điều_kiện hưởng chế_độ hưu_trí hàng tháng theo quy_định tại các khoản 1 , khoản 2 Điều 145 <BL rel="Reference"> Bộ_Luật Lao_động </BL> thì được hưởng trợ_cấp một lần và các quyền_lợi quy_định tại Điều 3 và Điều 4 của Nghị_định này .
Điều 3 .  Cán_bộ , công_chức thôi_việc do sắp_xếp tổ_chức , giảm biên_chế theo quyết_định của cơ_quan , tổ_chức có thẩm_quyền thì được hưởng chế_độ thôi_việc như sau : 

1 . Được trợ_cấp một khoản tiền để tìm việc_làm mới bằng 3 tháng_lương và phụ_cấp ( nếu có ) .  Nếu sau đó cán_bộ , công_chức không tìm được việc_làm thì cứ mỗi năm làm_việc được tính bằng một tháng lương hiện hưởng và phụ_cấp ( nếu có ) , nhưng thấp nhất cũng bằng 2 tháng lương hiện hưởng và phụ_cấp ( nếu có ) ; 

2 . Được chính_quyền địa_phương giúp_đỡ , đăng_ký hộ_khẩu và tạo điều_kiện để làm_ăn sinh_sống , khi trở về nơi cư_trú hợp_pháp ; 

3 . Được hưởng chế_độ trợ_cấp xã_hội , bảo_hiểm_xã_hội và các chế_độ khác theo quy_định của Pháp_luật . 

Điều 4 .  Cán_bộ , công_chức có nguyện_vọng thôi_việc quy_định tại khoản 2 Điều 2 của Nghị_định này được cơ_quan , tổ_chức có thẩm_quyền đồng_ý thì được hưởng chế_độ thôi_việc và cứ mỗi năm làm_việc được tính 1/2 ( một phần hai ) tháng lương hiện hưởng và phụ_cấp ( nếu có ) và được hưởng quyền_lợi quy_định tại các khoản 2 và khoản 3 Điều 3 của Nghị_định này . 

Điều 5 .  Thời_gian làm_việc để tính chế_độ thôi_việc đối_với cán_bộ , công_chức quy_định tại khoản 1 Điều 2 của Nghị_định này như sau : 

1 . Là tổng thời_gian làm_việc kể từ khi cán_bộ , công_chức có quyết_định tuyển_dụng ; 

2 . Thời_gian mà cán_bộ , công_chức đã làm_việc trong các doanh_nghiệp Nhà_nước , lực_lượng vũ_trang nếu chưa được hưởng trợ_cấp thôi_việc thì được tính là thời_gian làm_việc ; 

3 . Ngoài_ra , nếu có thời_gian sau đây thì cũng được tính là thời_gian làm_việc của cán_bộ , công_chức : 

a ) Thời_gian cán_bộ , công_chức được cơ_quan , tổ_chức ký hợp_đồng tạm_tuyển theo chỉ_tiêu biên_chế , có đóng bảo_hiểm_xã_hội và sau đó được cơ_quan , tổ_chức tuyển_dụng chính_thức ; 

b ) Thời_gian cán_bộ , công_chức được cơ_quan sử_dụng cán_bộ , công_chức cử đi đào_tạo , bồi_dưỡng ; 

c ) Thời_gian cán_bộ , công_chức nghỉ theo quy_định tại các Điều 73 , 74 , 75 và Điều 78 của <BL rel="Reference"> Bộ_Luật Lao_động </BL> ;
d ) Thời_gian cán_bộ , công_chức nghỉ_việc để chữa bệnh có giấy chứng_nhận của thầy_thuốc và hưởng trợ_cấp bảo_hiểm_xã_hội ; 

đ ) Thời_gian cán_bộ , công_chức nghỉ sinh con theo quy_định tại khoản 1 Điều 144 và khản 1 Điều 117 của <BL rel="Reference"> Bộ_Luật Lao_động </BL> ;
e ) Thời_gian cán_bộ , công_chức bị xử_lý kỷ_luật hoặc truy_cứu trách_nhiệm hình_sự mà đã được cơ_quan , tổ_chức có thẩm_quyền kết_luận là oan , sai theo quy_định tại Điều 45 của <PL rel="Reference"> Pháp_lệnh Cán_bộ , công_chức </PL> ;
g ) Thời_gian cán_bộ , công_chức bị tạm đình_chỉ công_tác theo quy_định tại Điều 41 của <PL rel="Reference"> Pháp_lệnh Cán_bộ , công_chức </PL> .
Điều 6 .  Kinh_phí chi_trả chế_độ thôi_việc được quy_định như sau : 

1 . Do sắp_xếp tổ_chức , giảm biên_chế theo quyết_định của cơ_quan , tổ_chức có thẩm_quyền thì do ngân_sách Nhà_nước chi_trả ; 

2 . Các trường_hợp thôi_việc khác do các Bộ , ngành và địa_phương chi_trả trong kinh_phí hành_chính sự_nghiệp đã được Chính_phủ giao ; 

3 . Cán_bộ , công_chức đã có thời_gian làm_việc tại các doanh_nghiệp nhà_nước thì doanh_nghiệp có trách_nhiệm chi_trả trợ_cấp thôi_việc trong thời_gian cán_bộ , công_chức làm_việc tại các doanh_nghiệp đó .  Kinh_phí được chuyển theo thông_báo của đơn_vị mà cán_bộ , công_chức đang làm_việc để đơn_vị cũ chi_trả .  Trường_hợp đơn_vị cũ đã bị giải_thể hoặc thực_sự có khó_khăn về tài_chính thì do ngân_sách Nhà_nước chi_trả . 

Điều 7 . 

1 . Cán_bộ , công_chức bị kỷ_luật bằng hình_thức buộc thôi_việc thì không được hưởng chế_độ thôi_việc và các quyền_lợi khác . 

2 . Cán_bộ , công_chức tự_ý bỏ việc thì ngoài việc xử_lý kỷ_luật bằng hình_thức buộc thôi_việc sẽ không được hưởng chế_độ thôi_việc và các quyền_lợi khác , mà còn phải bồi_thường cho cơ_quan , tổ_chức sử_dụng cán_bộ , công_chức các chi_phí đào_tạo , bồi_dưỡng ( nếu có ) theo nguyên_tắc sau : 

a ) Chỉ tính kinh_phí bồi_thường cho những khóa học do cơ_quan , tổ_chức đứng ra tổ_chức hoặc do cơ_quan , tổ_chức cử đi đào_tạo , bồi_dưỡng ở trong và ngoài nước có thời_hạn từ 3 tháng trở lên ; 

b ) Khi xét mức chi_phí bồi_thường phải căn_cứ vào thâm_niên công_tác , cống_hiến của cán_bộ , công_chức để quyết_định bồi_thường một phần hoặc toàn_bộ ; 

c ) Cơ_quan , tổ_chức phải thành_lập Hội_đồng xét bồi_thường chi_phí đào_tạo , bồi_dưỡng cán_bộ , công_chức để xem_xét và đề_nghị cơ_quan tổ_chức có thẩm_quyền quản_lý cán_bộ , công_chức quyết_định . 

3 . Thành_phần hội_đồng xét bồi_thường gồm có : 

Người đứng đầu_cơ_quan , tổ_chức hoặc cấp phó của người đứng đầu_cơ_quan , tổ_chức được người đứng đầu ủy_quyền làm Chủ_tịch Hội_đồng . 

Đại_diện lãnh_đạo tổ_chức công_đoàn cùng cấp ; 

Người phụ_trách bộ_phận công_tác đào_tạo , bồi_dưỡng cán_bộ , công_chức của cơ_quan , tổ_chức ; 

Người phụ_trách bộ_phận tài_chính-kế_toán của cơ_quan , tổ_chức ; 

Người phụ_trách đơn_vị trực_tiếp của người phải bồi_thường ; 

4 . Hội_đồng xét bồi_thường tiến_hành họp xem_xét bồi_thường theo trình_tự sau : Chủ_tịch Hội_đồng công_bố thành_phần tham_gia , cử thư_ký ;  đại_diện bộ_phận đào_tạo , bồi_dưỡng báo_cáo chế_độ và mức bồi_thường ;  Hội_đồng nghe giải_trình của người phải bồi_thường ;  Hội_đồng thảo_luận và bỏ_phiếu kín về mức bồi_thường .  Kết_quả được lập thành_văn_bản đề_nghị cơ_quan , tổ_chức có thẩm_quyền quyết_định .  Hội_đồng tự giải_thể sau khi hoàn_thành nhiệm_vụ . 

5 . Trường_hợp người phải bồi_thường chi_phí đào_tạo , bồi_dưỡng không thực_hiện nghiêm_chỉnh quyết_định thì cơ_quan , tổ_chức có quyền yêu_cầu Tòa_án giải_quyết . 

Điều 8 .  Trong thời_gian cán_bộ , công_chức đang bị xem_xét kỷ_luật hoặc bị truy_cứu trách_nhiệm hình_sự thì cơ_quan , tổ_chức quản_lý hay sử_dụng cán_bộ , công_chức không được cho cán_bộ , công_chức đó thôi_việc . 

Điều 9 .  Cơ_quan , tổ_chức không được cho cán_bộ , công_chức thôi_việc quy_định tại khoản 1 Điều 2 của Nghị_định này trong các trường_hợp sau : 

1 . Cán_bộ , công_chức đang nghỉ hàng năm , nghỉ về việc riêng và những trường_hợp nghỉ khác được người đứng đầu_cơ_quan , tổ_chức cho phép . 

2 . Cán_bộ , công_chức ốm_đau hoặc bị tai_nạn , bệnh nghề_nghiệp đang điều_trị tại các bệnh_viện theo quyết_định của thầy_thuốc ; 

3 . Nữ cán_bộ , công_chức khi đang có_thai , nghỉ thai_sản , nuôi con dưới 12 tháng tuổi , trừ trường_hợp cá_nhân có nguyện_vọng xin thôi_việc . 

Điều 10 .  Tổ_chức , cá_nhân không thực_hiện hoặc thực_hiện không đúng những quy_định tại Nghị_định này thì tùy theo tính_chất , mức_độ vi_phạm sẽ bị xử_lý kỷ_luật hoặc bị truy_cứu trách_nhiệm hình_sự theo quy_định của pháp_luật , nếu gây thiệt_hại về vật_chất thì phải bồi_thường . 

Điều 11 .  Cán_bộ , công_chức thôi_việc , nếu tự xét thấy chưa thỏa_đáng thì có quyền khiếu_nại đến cơ_quan , tổ_chức có thẩm_quyền theo quy_định của pháp_luật về khiếu_nại , tố_cáo . 

Các cơ_quan , tổ_chức khi nhận được khiếu_nại của cán_bộ , công_chức phải có trách_nhiệm trả_lời đương_sự trong thời_gian quy_định của pháp_luật . 

Cán_bộ , công_chức bị kỷ_luật bằng hình_thức buộc thôi_việc có quyền khiếu_nại với cơ_quan , tổ_chức có thẩm_quyền hoặc khởi_kiện vụ án hành_chính tại Tòa_án theo quy_định của pháp_luật . 

Điều 12 . 

1 . Nghị_định này có hiệu_lực thi_hành sau 15 ngày kể từ ngày ký . 

2 . Nghị_định này thay_thế những quy_định về chế_độ thôi_việc tại các văn_bản sau : 

<NĐ rel="PartReplace"> Nghị_định số 24/CP của Hội_đồng Chính_phủ ngày 08 tháng 11 năm 1962 </NĐ> về ban_hành Điều_lệ tuyển_dụng và cho thôi_việc công_nhân , viên_chức Nhà_nước ;
<NĐ rel="PartReplace"> Nghị_định số 109/HĐBT </NĐ> của Hộ đồng Bộ_trưởng ngày 12 tháng 4 năm 1991 về sắp_xếp tổ_chức biên_chế hành_chính sự_nghiệp ;
<QĐ rel="PartReplace"> Quyết_định số 111/HĐBT </QĐ> của Hội_đồng Bộ_trưởng ngày 12 tháng 4 năm 1991 về một_số chính_sách trong việc sắp_xếp biên_chế ;
<QĐ rel="PartReplace"> Quyết_định số 76/HĐBT </QĐ> của Hội_đồng Bộ_trưởng ngày 09 tháng 3 năm1992 về chủ_trương , biện_pháp đẩy_mạnh sắp_xếp biên_chế hành_chính sự_nghiệp .
Điều 13 .  Bộ_trưởng , Trưởng ban Ban Tổ_chức-Cán_bộ Chính_phủ chịu trách_nhiệm hướng_dẫn thi_hành Nghị_định này . 

Điều 14 .  Bộ_trưởng , Thủ_trưởng cơ_quan ngang Bộ , cơ_quan thuộc Chính_phủ , Chủ_tịch ủy_ban Nhân_dân các tỉnh , thành_phố trực_thuộc Trung_ương và người đứng đầu các cơ_quan , tổ_chức có liên_quan chịu trách_nhiệm thi_hành Nghị_định này ./. 
