Nghị định Về bảo đảm tiền vay của các tổ chức tín dụng

Căn_cứ <L rel="Pursuant"> Luật Tổ_chức Chính_phủ ngày 30 tháng 9 năm 1992 </L> ;
Căn_cứ <L rel="Pursuant"> Luật Các tổ_chức tín_dụng số 02/1997/QH10 ngày 12 tháng 12 năm 1997 </L> ;
Điều 1 .  Đối_tượng điều_chỉnh và phạm_vi áp_dụng 

1 . Nghị_định này quy_định về bảo_đảm tiền vay trong việc cấp tín_dụng dưới hình_thức cho vay của các tổ_chức tín_dụng đối_với khách_hàng vay theo quy_định của <L rel="Reference"> Luật Các tổ_chức tín_dụng </L> .
2 . Việc cấp tín_dụng dưới các hình_thức khác của tổ_chức tín_dụng theo quy_định của <L rel="Reference"> Luật Các tổ_chức tín_dụng </L> , nếu các bên có thỏa_thuận về biện_pháp bảo_đảm thì cũng được áp_dụng các quy_định của Nghị_định này , trừ trường_hợp pháp_luật có quy_định khác .
Điều 2 .  Giải_thích từ_ngữ 

1 . Bảo_đảm tiền vay là việc tổ_chức tín_dụng áp_dụng các biện_pháp nhằm phòng_ngừa rủi_ro , tạo cơ_sở kinh_tế và pháp_lý để thu_hồi được các khoản nợ đã cho khách_hàng vay . 

2 . Cho vay có bảo_đảm bằng tài_sản là việc cho vay vốn của tổ_chức tín_dụng mà theo đó nghĩa_vụ trả nợ của khách_hàng vay được cam_kết bảo_đảm thực_hiện bằng tài_sản cầm_cố , thế_chấp , tài_sản hình_thành từ vốn vay của khách_hàng vay hoặc bảo_lãnh bằng tài_sản của bên thứ ba . 

3 . Tài_sản bảo_đảm tiền vay là tài_sản của khách_hàng vay , tài_sản hình_thành từ vốn vay và tài_sản của bên bảo_lãnh dùng để bảo_đảm thực_hiện nghĩa_vụ trả nợ đối_với tổ_chức tín_dụng . 

4 . Tài_sản hình_thành từ vốn vay là tài_sản của khách_hàng vay mà giá_trị tài_sản được tạo nên bởi một phần hoặc toàn_bộ khoản vay của tổ_chức tín_dụng . 

5 . Bảo_đảm tiền vay bằng tài_sản hình_thành từ vốn vay là việc khách_hàng vay dùng tài_sản hình_thành từ vốn vay để bảo_đảm thực_hiện nghĩa_vụ trả nợ cho chính khoản vay đó đối_với tổ_chức tín_dụng . 

6 . Bảo_lãnh bằng tài_sản của bên thứ ba là việc bên thứ ba ( gọi là bên bảo_lãnh ) cam_kết với tổ_chức tín_dụng cho vay về việc sử_dụng tài_sản thuộc sở_hữu của mình để thực_hiện nghĩa_vụ trả nợ thay cho khách_hàng vay , nếu đến hạn trả nợ mà khách_hàng vay không thực_hiện hoặc thực_hiện không đúng nghĩa_vụ trả nợ . 

7 . Khả_năng tài_chính của khách_hàng vay là khả_năng về vốn , tài_sản của khách_hàng vay để bảo_đảm hoạt_động thường_xuyên và thực_hiện các nghĩa_vụ thanh_toán . 

8 . Các tổ_chức tín_dụng là các tổ_chức tín_dụng được thành_lập và hoạt_động theo <L rel="Reference"> Luật Các tổ_chức tín_dụng </L> .
9 . Khách_hàng vay bao_gồm pháp_nhân , hộ gia_đình , tổ_hợp_tác , doanh_nghiệp tư_nhân và cá_nhân có đủ điều_kiện vay vốn tại tổ_chức tín_dụng theo quy_định của pháp_luật . 

10 .  Bảo_lãnh bằng tín_chấp của tổ_chức đoàn_thể chính_trị-xã_hội là biện_pháp bảo_đảm tiền vay trong trường_hợp cho vay không có bảo_đảm bằng tài_sản , theo đó tổ_chức đoàn_thể chính_trị-xã_hội tại cơ_sở bằng uy_tín của mình bảo_lãnh cho cá_nhân và hộ gia_đình nghèo vay một khoản tiền nhỏ tại tổ_chức tín_dụng để sản_xuất kinh_doanh , làm dịch_vụ . 

11 .  Nghĩa_vụ trả nợ của khách_hàng vay đối_với tổ_chức tín_dụng bao_gồm tiền vay ( nợ gốc ) , lãi vay , lãi phạt quá hạn , các khoản phí ( nếu có ) được ghi trong hợp_đồng tín_dụng mà khách_hàng vay phải trả theo quy_định của pháp_luật . 

Điều 3 .  Biện_pháp bảo_đảm tiền vay 

1 . Biện_pháp bảo_đảm tiền vay bằng tài_sản : 

a ) Cầm_cố , thế_chấp bằng tài_sản của khách_hàng vay ; 

b ) Bảo_lãnh bằng tài_sản của bên thứ ba ; 

c ) Bảo_đảm bằng tài_sản hình_thành từ vốn vay . 

2 . Biện_pháp bảo_đảm tiền vay trong trường_hợp cho vay không có bảo_đảm bằng tài_sản : 

a ) Tổ_chức tín_dụng chủ_động lựa_chọn khách_hàng vay để cho vay không có bảo_đảm bằng tài_sản ; 

b ) Tổ_chức tín_dụng nhà_nước được cho vay không có bảo_đảm theo chỉ_định của Chính_phủ ; 

c ) Tổ_chức tín_dụng cho cá_nhân , hộ gia_đình nghèo vay có bảo_lãnh bằng tín_chấp của tổ_chức đoàn_thể chính_trị-xã_hội . 

Điều 4 .  Nguyên_tắc bảo_đảm tiền vay 

1 . Tổ_chức tín_dụng có quyền lựa_chọn , quyết_định việc cho vay có bảo_đảm bằng tài_sản , cho vay không có bảo_đảm theo quy_định của Nghị_định này và chịu trách_nhiệm về quyết_định của mình .  Trường_hợp tổ_chức tín_dụng nhà_nước cho vay không có bảo_đảm bằng tài_sản theo chỉ_định của Chính_phủ , thì tổn_thất do nguyên_nhân khách_quan của các khoản cho vay này được Chính_phủ xử_lý . 

2 . Khách_hàng vay được tổ_chức tín_dụng lựa_chọn cho vay không có bảo_đảm bằng tài_sản , nếu trong quá_trình sử_dụng vốn vay , tổ_chức tín_dụng phát_hiện khách_hàng vay vi_phạm cam_kết trong hợp_đồng tín_dụng , thì tổ_chức tín_dụng có quyền áp_dụng các biện_pháp bảo_đảm bằng tài_sản hoặc thu_hồi nợ trước hạn . 

3 . Tổ_chức tín_dụng có quyền xử_lý_tài_sản bảo_đảm tiền vay theo quy_định của Nghị_định này và quy_định của pháp_luật có liên_quan để thu_hồi nợ khi khách_hàng vay hoặc bên bảo_lãnh không thực_hiện hoặc thực_hiện không đúng nghĩa_vụ trả nợ đã cam_kết . 

4 . Sau khi xử_lý_tài_sản bảo_đảm tiền vay , nếu khách_hàng vay hoặc bên bảo_lãnh vẫn chưa thực_hiện đúng nghĩa_vụ trả nợ , thì khách_hàng vay hoặc bên bảo_lãnh có trách_nhiệm tiếp_tục thực_hiện đúng nghĩa_vụ trả nợ đã cam_kết . 

Điều 5 .  Bảo_vệ quyền và lợi_ích hợp_pháp của các bên 

Nhà_nước bảo_vệ quyền và lợi_ích hợp_pháp của các bên trong việc bảo_đảm tiền vay .  Không một tổ_chức , cá_nhân nào được can_thiệp trái pháp_luật vào việc bảo_đảm tiền vay và việc xử_lý_tài_sản bảo_đảm tiền vay của các bên . 

Điều 6 .  Nguyên_tắc bảo_đảm tiền vay bằng tài_sản cầm_cố , thế_chấp của khách_hàng vay , bảo_lãnh bằng tài_sản của bên thứ_ba 

1 . Khách_hàng vay phải cầm_cố , thế_chấp tài_sản hoặc phải được bên thứ ba bảo_lãnh bằng tài_sản để bảo_đảm thực_hiện nghĩa_vụ trả nợ đối_với tổ_chức tín_dụng , trừ trường_hợp khách_hàng vay được tổ_chức tín_dụng cho vay có bảo_đảm bằng tài_sản hình_thành từ vốn vay hoặc cho vay không có bảo_đảm bằng tài_sản theo quy_định của Nghị_định này . 

2 . Tổ_chức tín_dụng và khách_hàng vay thỏa_thuận lựa_chọn áp_dụng biện_pháp bảo_đảm bằng tài_sản cầm_cố , thế_chấp của khách_hàng vay hoặc bảo_lãnh bằng tài_sản của bên thứ ba . 

3 . Tổ_chức tín_dụng có quyền lựa_chọn tài_sản đủ điều_kiện để làm bảo_đảm tiền vay ;  lựa_chọn bên thứ ba bảo_lãnh bằng tài_sản cho khách_hàng vay . 

4 . Bên bảo_lãnh chỉ được bảo_lãnh bằng tài_sản thuộc sở_hữu của mình .  Tổ_chức tín_dụng và bên bảo_lãnh có_thể thỏa_thuận biện_pháp cầm_cố , thế_chấp tài_sản của bên bảo_lãnh để bảo_đảm thực_hiện nghĩa_vụ bảo_lãnh . 

Bên bảo_lãnh là tổ_chức tín_dụng thì thực_hiện bảo_lãnh theo quy_định của <L rel="Reference"> Luật Các tổ_chức tín_dụng </L> và quy_định của Ngân_hàng Nhà_nước Việt_Nam .
5 . Khi thế_chấp tài_sản gắn liền với đất , khách_hàng vay phải thế_chấp cả giá_trị quyền sử_dụng đất cùng với tài_sản đó , trừ trường_hợp pháp_luật có quy_định khác . 

Điều 7 .  Điều_kiện , thủ_tục thực_hiện bảo_đảm tiền vay bằng tài_sản cầm_cố , thế_chấp của khách_hàng vay , bảo_lãnh bằng tài_sản của bên thứ_ba 

1 . Tài_sản , điều_kiện nhận tài_sản cầm_cố , thế_chấp , bảo_lãnh , thủ_tục ký_kết và thực_hiện hợp_đồng cầm_cố , hợp_đồng thế_chấp , hợp_đồng bảo_lãnh ( sau đây gọi là hợp_đồng bảo_đảm ) và đăng_ký giao_dịch bảo_đảm thực_hiện theo quy_định của pháp_luật về giao_dịch bảo_đảm .  Hợp_đồng bảo_đảm có chứng_nhận của Công_chứng Nhà_nước hoặc chứng_thực của ủy_ban nhân_dân cấp có thẩm_quyền nếu các bên có thỏa_thuận , trừ trường_hợp pháp_luật có quy_định khác . 

2 . Việc thế_chấp quyền sử_dụng đất được thực_hiện theo quy_định của pháp_luật về đất_đai . 

3 . Việc kiểm_tra tính hợp_pháp và điều_kiện của tài_sản bảo_đảm tiền vay do tổ_chức tín_dụng thực_hiện . 

Điều 8 .  Xác_định giá_trị tài_sản bảo_đảm tiền vay 

1 . Tài_sản bảo_đảm tiền vay phải được xác_định giá_trị tại thời_điểm ký_kết_hợp_đồng bảo_đảm ;  việc xác_định giá_trị tài_sản tại thời_điểm này chỉ để làm cơ_sở xác_định_mức cho vay của tổ_chức tín_dụng , không áp_dụng khi xử_lý_tài_sản để thu_hồi nợ .  Việc xác_định giá_trị tài_sản bảo_đảm tiền vay phải được lập thành_văn_bản riêng kèm theo hợp_đồng bảo_đảm . 

2 . Đối_với tài_sản bảo_đảm tiền vay không phải là quyền sử_dụng đất , thì việc xác_định giá_trị tài_sản bảo_đảm tiền vay do các bên thỏa_thuận , hoặc thuê tổ_chức tư_vấn , tổ_chức chuyên_môn xác_định trên cơ_sở giá thị_trường tại thời_điểm xác_định , có tham_khảo đến các loại giá_như giá quy_định của nhà_nước ( nếu có ) , giá mua , giá_trị còn lại trên sổ_sách kế_toán và các yếu_tố khác về giá . 

3 . Giá_trị quyền sử_dụng đất thế_chấp được xác_định như sau : 

a ) Đất được Nhà_nước giao cho hộ gia_đình , cá_nhân để sản_xuất nông_nghiệp , lâm_nghiệp , nuôi_trồng thủy_sản , làm muối ;  đất ở ;  đất chuyên_dùng ;  đất mà tổ_chức kinh_tế nhận chuyển_nhượng quyền sử_dụng đất hợp_pháp từ người khác hoặc được Nhà_nước giao có thu tiền sử_dụng đất mà tiền sử_dụng đất hoặc tiền nhận chuyển_nhượng quyền sử_dụng đất đó không do ngân_sách Nhà_nước cấp ;  đất mà hộ gia_đình , cá_nhân nhận chuyển_nhượng quyền sử_dụng đất hợp_pháp từ người khác hoặc được Nhà_nước giao có thu tiền sử_dụng đất , thì giá_trị quyền sử_dụng đất thế_chấp được xác_định theo giá đất của ủy_ban nhân_dân tỉnh , thành_phố trực_thuộc Trung_ương ban_hành áp_dụng tại thời_điểm thế_chấp ; 

b ) Đất được Nhà_nước cho hộ gia_đình , cá_nhân thuê mà đã trả tiền thuê đất cho cả thời_gian thuê ;  đất được Nhà_nước cho tổ_chức kinh_tế thuê đã trả tiền thuê đất cho cả thời_gian thuê mà tiền thuê đất đó không do ngân_sách Nhà_nước cấp ;  đất được Nhà_nước cho hộ gia_đình , cá_nhân thuê đã trả tiền thuê đất cho nhiều năm mà thời_gian thuê đất đã trả tiền còn lại ít_nhất là 5 năm ;  đất được Nhà_nước cho tổ_chức kinh_tế thuê đã trả tiền thuê đất cho nhiều năm mà thời_gian thuê đất đã trả tiền còn lại ít_nhất là 5 năm và tiền thuê đất đó không do ngân_sách Nhà_nước cấp , thì giá_trị quyền sử_dụng đất thế_chấp gồm tiền đền_bù thiệt_hại khi được Nhà_nước cho thuê đất ( nếu có ) và tiền thuê đất đã trả cho Nhà_nước sau khi trừ đi tiền thuê đất đã trả cho thời_gian đã sử_dụng ; 

c ) Đất được Nhà_nước cho tổ_chức kinh_tế , cá_nhân nước_ngoài , người Việt_Nam định_cư ở nước_ngoài đầu_tư vào Việt_Nam theo <L rel="Reference"> Luật_Đầu_tư nước_ngoài tại Việt_Nam </L> thuê , khi thế_chấp giá_trị quyền sử_dụng đất gắn liền với tài_sản thuộc sở_hữu của mình đã đầu_tư xây_dựng trên đất đó , thì giá_trị quyền sử_dụng đất thế_chấp được xác_định theo số tiền thuê đất đã trả cho Nhà_nước sau khi trừ tiền thuê đất đã trả cho thời_gian đã sử_dụng ;
d ) Đất được Nhà_nước giao cho tổ_chức kinh_tế không thu tiền sử_dụng đất để sử_dụng vào mục_đích sản_xuất nông_nghiệp , lâm_nghiệp , nuôi_trồng thủy_sản , làm muối ;  đất được Nhà_nước cho tổ_chức kinh_tế , hộ gia_đình , cá_nhân thuê đã trả tiền thuê đất hàng năm hoặc đã trả tiền thuê đất cho nhiều năm mà thời_gian thuê đất đã trả tiền còn lại dưới 5 năm , thì giá_trị tài_sản thế_chấp không tính giá_trị quyền sử_dụng đất ; 

đ ) Trường_hợp thế_chấp giá_trị quyền sử_dụng đất mà người thuê đất được miễn , giảm tiền thuê đất theo quy_định của pháp_luật , thì giá_trị quyền sử_dụng đất thế_chấp được tính theo giá_trị thuê đất trước khi được miễn , giảm . 

4 . Việc thế_chấp giá_trị quyền sử_dụng đất mà trên đất có tài_sản gắn liền , thì giá_trị tài_sản bảo_đảm tiền vay bao_gồm giá_trị quyền sử_dụng đất và giá_trị tài_sản gắn liền với đất . 

5 . Giá_trị tài_sản cầm_cố , thế_chấp được xác_định bao_gồm cả hoa_lợi , lợi_tức và các quyền phát_sinh từ tài_sản đó nếu các bên có thỏa_thuận hoặc pháp_luật có quy_định . 

Trong trường_hợp tài_sản thế_chấp là toàn_bộ bất_động_sản có vật phụ , thì giá_trị của vật phụ cũng thuộc giá_trị tài_sản thế_chấp ;  nếu chỉ thế_chấp một phần bất_động_sản có vật phụ , thì giá_trị vật phụ chỉ thuộc giá_trị tài_sản thế_chấp khi các bên có thỏa_thuận . 

Điều 9 .  Phạm_vi bảo_đảm thực_hiện nghĩa_vụ 

1 . Phạm_vi bảo_đảm thực_hiện nghĩa_vụ là nghĩa_vụ trả nợ của khách_hàng vay đối_với tổ_chức tín_dụng .  Nghĩa_vụ trả lãi vay , lãi quá hạn , các khoản phí ( nếu có ) không thuộc phạm_vi bảo_đảm thực_hiện nghĩa_vụ nếu các bên có thỏa_thuận . 

2 . Giá_trị tài_sản bảo_đảm tiền vay phải lớn hơn giá_trị nghĩa_vụ được bảo_đảm . 

3 . Nghĩa_vụ trả nợ ghi trong hợp_đồng tín_dụng có_thể được bảo_đảm bằng một hoặc nhiều tài_sản ;  bằng một hoặc nhiều biện_pháp bảo_đảm bằng tài_sản , với điều_kiện tổng giá_trị các tài_sản bảo_đảm phải lớn hơn giá_trị nghĩa_vụ được bảo_đảm . 

Điều 10 .  Mức cho vay so với giá_trị tài_sản bảo_đảm tiền vay 

Tổ_chức tín_dụng quyết_định_mức cho vay trong giới_hạn giá_trị tài_sản bảo_đảm tiền vay và phạm_vi bảo_đảm thực_hiện nghĩa_vụ đã được xác_định . 

Điều 11 .  Phạm_vi bảo_đảm tiền vay của tài_sản 

Một tài_sản được dùng để bảo_đảm cho một nghĩa_vụ trả nợ tại một tổ_chức tín_dụng ;  trường_hợp tài_sản có đăng_ký quyền sở_hữu theo quy_định của pháp_luật , thì một tài_sản có_thể được bảo_đảm thực_hiện nhiều nghĩa_vụ trả nợ tại một tổ_chức tín_dụng với điều_kiện giá_trị tài_sản bảo_đảm tiền vay phải lớn hơn tổng giá_trị các nghĩa_vụ được bảo_đảm . 

Điều 12 .  Việc giữ tài_sản và giấy_tờ của tài_sản cầm_cố , thế_chấp 

1 . Khi cầm_cố tài_sản , khách_hàng vay có nghĩa_vụ giao tài_sản cho tổ_chức tín_dụng giữ ;  nếu tài_sản có đăng_ký quyền sở_hữu thì các bên có_thể thỏa_thuận tài_sản do khách_hàng vay giữ hoặc giao cho bên thứ ba giữ , nhưng tổ_chức tín_dụng phải giữ bản_chính giấy chứng_nhận quyền sở_hữu tài_sản . 

2 . Đối_với tài_sản cầm_cố , thế_chấp là phương_tiện vận_tải , tàu_thuyền đánh_bắt_thủy hải_sản có giấy chứng_nhận đăng_ký , thì tổ_chức tín_dụng giữ bản_chính giấy chứng_nhận đăng_ký , chủ phương_tiện được dùng bản_sao có chứng_nhận của Công_chứng Nhà_nước và xác_nhận của tổ_chức tín_dụng ( nơi nhận cầm_cố , thế_chấp ) để lưu_hành phương_tiện trong thời_hạn cầm_cố , thế_chấp .  Tổ_chức tín_dụng chỉ xác_nhận vào một bản_sao giấy chứng_nhận đăng_ký phương_tiện sau khi đã có chứng_nhận của Công_chứng Nhà_nước . 

3 . Khi thế_chấp tài_sản , tài_sản thế_chấp do khách_hàng vay giữ , trừ trường_hợp các bên thỏa_thuận giao cho tổ_chức tín_dụng hoặc bên thứ ba giữ .  Nếu tài_sản thế_chấp là tài_sản có đăng_ký quyền sở_hữu , quyền sử_dụng đất thì tổ_chức tín_dụng phải giữ bản_chính giấy chứng_nhận quyền sở_hữu tài_sản , giấy chứng_nhận quyền sử_dụng đất . 

4 . Trong trường_hợp cầm_cố , thế_chấp tài_sản cho khoản vay hợp vốn , các tổ_chức tín_dụng tham_gia hợp vốn cử đại_diện quản_lý_tài_sản và giấy_tờ của tài_sản bảo_đảm tiền vay . 

Trường_hợp tổ_chức tín_dụng nước_ngoài , tổ_chức tín_dụng liên_doanh và tổ_chức tín_dụng Việt_Nam cùng cho vay hợp vốn đối_với một dự_án tại Việt_Nam , nếu tài_sản bảo_đảm tiền vay là giá_trị quyền sử_dụng đất và tài_sản gắn liền với đất , thì tổ_chức tín_dụng Việt_Nam phải là đại_diện quản_lý_tài_sản và giấy_tờ của tài_sản bảo_đảm tiền vay . 

5 . Bên giữ tài_sản và giấy_tờ của tài_sản bảo_đảm tiền vay , nếu để mất , hư_hỏng , thì xử_lý theo quy_định của pháp_luật về giao_dịch bảo_đảm . 

Điều 13 .  Thực_hiện nghĩa_vụ bảo_đảm bằng tài_sản trong trường_hợp khách_hàng vay , bên bảo_lãnh là doanh_nghiệp chia , tách , hợp_nhất , sáp_nhập , chuyển_đổi , cổ_phần_hóa 

1 . Khách_hàng vay , bên bảo_lãnh là doanh_nghiệp chia , tách , hợp_nhất , sáp_nhập , chuyển_đổi , cổ_phần_hóa theo quy_định của pháp_luật hoặc quyết_định của cơ_quan Nhà_nước có thẩm_quyền , nếu doanh_nghiệp không trả được nợ trước khi chia , tách , hợp_nhất , sáp_nhập , chuyển_đổi , cổ_phần_hóa , thì các doanh_nghiệp hình_thành sau khi chia , tách , hợp_nhất , sáp_nhập , chuyển_đổi , cổ_phần_hóa phải chịu trách_nhiệm nhận nợ và thực_hiện nghĩa_vụ trả nợ cho tổ_chức tín_dụng cho vay . 

2 . Tài_sản bảo_đảm cho nghĩa_vụ trả nợ của doanh_nghiệp khi chia , tách , hợp_nhất , sáp_nhập , chuyển_đổi , cổ_phần_hóa được thực_hiện như sau : 

a ) Đối_với doanh_nghiệp chia , tách : nếu tài_sản bảo_đảm tiền vay có_thể phân_chia được thì phân_chia theo tỷ_lệ tương_ứng với nghĩa_vụ trả nợ của doanh_nghiệp khi chia , tách ;  nếu tài_sản bảo_đảm tiền vay không_thể phân_chia được tương_ứng với nghĩa_vụ trả nợ và các doanh_nghiệp chia , tách không có thỏa_thuận khác về biện_pháp bảo_đảm thì tổ_chức tín_dụng có quyền thu_hồi nợ trước khi chia , tách ; 

b ) Đối_với doanh_nghiệp hợp_nhất , sáp_nhập , chuyển_đổi , cổ_phần_hóa : tài_sản bảo_đảm cho các khoản nợ của doanh_nghiệp trước khi hợp_nhất , sáp_nhập , chuyển_đổi , cổ_phần_hóa được tiếp_tục dùng làm tài_sản bảo_đảm cho các khoản nợ đó của các doanh_nghiệp mới sau khi hợp_nhất , sáp_nhập , chuyển_đổi , cổ_phần_hóa . 

3 . Trường_hợp_doanh_nghiệp không thực_hiện được các biện_pháp như quy_định tại khoản 2 Điều này , thì tổ_chức tín_dụng có quyền xử_lý_tài_sản bảo_đảm tiền vay để thu_hồi nợ trước khi thực_hiện chia , tách , hợp_nhất , sáp_nhập , chuyển_đổi , cổ_phần_hóa . 

4 . Trong mọi trường_hợp chuyển_giao nghĩa_vụ bảo_đảm bằng tài_sản quy_định tại khoản 2 Điều này , tổ_chức tín_dụng , khách_hàng vay hoặc bên bảo_lãnh là doanh_nghiệp sau khi chia , tách , hợp_nhất , sáp_nhập , chuyển_đổi , cổ_phần_hóa phải thỏa_thuận ký_kết lại hợp_đồng bảo_đảm . 

Điều 14 .  Trường_hợp áp_dụng 

1 . Tổ_chức tín_dụng cho vay trung_hạn , dài_hạn đối_với các dự_án đầu_tư phát_triển sản_xuất , kinh_doanh , dịch_vụ , đời_sống , nếu khách_hàng vay và tài_sản hình_thành từ vốn vay đáp_ứng được các điều_kiện quy_định tại Điều 15 của Nghị_định này . 

2 . Chính_phủ , Thủ_tướng Chính_phủ quyết_định giao cho tổ_chức tín_dụng cho vay đối_với khách_hàng vay và đối_tượng vay trong một_số trường_hợp cụ_thể . 

Điều 15 .  Điều_kiện đối_với khách_hàng vay và tài_sản hình_thành từ vốn vay 

1 . Đối_với khách_hàng vay 

a ) Có tín_nhiệm với tổ_chức tín_dụng ; 

b ) Có khả_năng tài_chính để thực_hiện nghĩa_vụ trả nợ ; 

c ) Có dự_án đầu_tư phát_triển sản_xuất , kinh_doanh , dịch_vụ khả_thi , có khả_năng hoàn_trả nợ ;  hoặc có dự_án , phương_án phục_vụ đời_sống khả_thi phù_hợp với quy_định của pháp_luật ; 

d ) Có mức vốn tự có tham_gia vào dự_án và giá_trị tài_sản bảo_đảm tiền vay bằng các biện_pháp cầm_cố , thế_chấp tối_thiểu bằng 50 % vốn đầu_tư của dự_án . 

2 . Đối_với tài_sản 

a ) Tài_sản hình_thành từ vốn vay dùng làm bảo_đảm tiền vay phải xác_định được quyền sở_hữu hoặc được giao quyền sử_dụng ;  giá_trị , số_lượng và được phép giao_dịch .  Nếu tài_sản là bất_động_sản gắn liền với đất thì phải có giấy chứng_nhận quyền sử_dụng đất đối_với khu đất mà trên đó tài_sản sẽ được hình_thành và phải hoàn_thành các thủ_tục về đầu_tư xây_dựng theo quy_định của pháp_luật ; 

b ) Đối_với tài_sản mà pháp_luật có quy_định phải mua bảo_hiểm , thì khách_hàng vay phải cam_kết mua bảo_hiểm trong suốt thời_hạn vay vốn khi tài_sản đã được hình_thành đưa vào sử_dụng . 

Điều 16 .  Hình_thức , nội_dung , thủ_tục ký_kết và thực_hiện hợp_đồng cầm_cố , thế_chấp tài_sản hình_thành từ vốn vay 

1 . Hợp_đồng cầm_cố , thế_chấp tài_sản hình_thành từ vốn vay phải được lập thành_văn_bản ;  có_thể ghi vào hợp_đồng tín_dụng hoặc lập thành_văn_bản riêng do các bên thỏa_thuận .  Khi tài_sản đã được hình_thành đưa vào sử_dụng , các bên phải lập phụ_lục hợp_đồng cầm_cố , thế_chấp tài_sản hình_thành từ vốn vay , trong đó mô_tả đặc_điểm , xác_định giá_trị tài_sản đã được hình_thành . 

2 . Nội_dung , thủ_tục ký_kết và thực_hiện hợp_đồng cầm_cố , thế_chấp tài_sản hình_thành từ vốn vay , đăng_ký giao_dịch bảo_đảm đối_với việc bảo_đảm bằng tài_sản hình_thành từ vốn vay thực_hiện theo quy_định của pháp_luật về giao_dịch bảo_đảm .  Hợp_đồng cầm_cố , thế_chấp tài_sản hình_thành từ vốn vay có chứng_nhận của Công_chứng Nhà_nước hoặc chứng_thực của ủy_ban nhân_dân cấp có thẩm_quyền nếu các bên có thỏa_thuận , trừ trường_hợp pháp_luật có quy_định khác . 

Điều 17 .  Quyền , nghĩa_vụ của khách_hàng vay khi vay có bảo_đảm bằng tài_sản hình_thành từ vốn vay 

1 . Khách_hàng vay có các quyền sau đây : 

a ) Được khai_thác công_dụng , hưởng hoa_lợi , lợi_tức từ tài_sản , trừ trường_hợp hoa_lợi , lợi_tức cũng thuộc tài_sản bảo_đảm tiền vay ; 

b ) Được cho thuê , cho mượn tài_sản nếu có thỏa_thuận với tổ_chức tín_dụng cho vay . 

2 . Khách_hàng vay có các nghĩa_vụ sau đây : 

a ) Phải giao cho tổ_chức tín_dụng giấy chứng_nhận quyền sử_dụng đất của khu đất mà tài_sản là bất_động_sản sẽ được hình_thành khi ký_kết_hợp_đồng bảo_đảm bằng tài_sản hình_thành từ vốn vay ; 

b ) Thông_báo cho tổ_chức tín_dụng về quá_trình hình_thành và tình_trạng tài_sản bảo_đảm , tạo điều_kiện để tổ_chức tín_dụng kiểm_tra tài_sản bảo_đảm tiền vay ; 

c ) Đối_với tài_sản bảo_đảm tiền vay mà pháp_luật quy_định đăng_ký quyền sở_hữu thì trước khi đưa vào sử_dụng , phải đăng_ký sở_hữu tài_sản và giao cho tổ_chức tín_dụng giữ bản_chính giấy chứng_nhận sở_hữu tài_sản đó ; 

d ) Không được bán , chuyển_nhượng , tặng , cho , góp vốn liên_doanh , hoặc dùng tài_sản hình_thành từ vốn vay để bảo_đảm thực_hiện nghĩa_vụ khác khi chưa trả hết nợ cho tổ_chức tín_dụng , trừ trường_hợp được tổ_chức tín_dụng đồng_ý cho bán để trả nợ cho chính khoản vay được bảo_đảm . 

Điều 18 .  Quyền , nghĩa_vụ của tổ_chức tín_dụng nhận bảo_đảm bằng tài_sản hình_thành từ vốn vay 

1 . Tổ_chức tín_dụng có các quyền sau đây : 

a ) Yêu_cầu khách_hàng vay thông_báo tiến_độ hình_thành tài_sản bảo_đảm và sự thay_đổi của tài_sản bảo_đảm tiền vay ; 

b ) Tiến_hành kiểm_tra và yêu_cầu khách_hàng vay cung_cấp các thông_tin để kiểm_tra , giám_sát tài_sản hình_thành từ vốn vay ; 

c ) Thu_hồi nợ vay trước hạn nếu phát_hiện vốn vay không được sử_dụng để hình_thành tài_sản như đã cam_kết ; 

d ) Xử_lý_tài_sản hình_thành từ vốn vay để thu nợ khi khách_hàng vay không thực_hiện hoặc thực_hiện không đúng nghĩa_vụ trả nợ . 

2 . Tổ_chức tín_dụng có các nghĩa_vụ sau đây : 

a ) Thẩm_định , kiểm_tra để đảm_bảo khách_hàng vay và tài_sản hình_thành từ vốn vay được dùng làm bảo_đảm tiền vay đáp_ứng các điều_kiện quy_định tại Điều 15 của Nghị_định này ; 

b ) Trả lại cho khách_hàng vay giấy chứng_nhận quyền sử_dụng đất , giấy chứng_nhận quyền sở_hữu tài_sản ( nếu có ) sau khi khách_hàng vay hoàn_thành nghĩa_vụ trả nợ . 

Điều 19 .  Trường_hợp áp_dụng 

Tổ_chức tín_dụng được lựa_chọn khách_hàng vay để cho vay không có bảo_đảm bằng tài_sản khi cho vay vốn ngắn_hạn , trung_hạn , dài_hạn để thực_hiện các dự_án đầu_tư phát_triển hoặc phương_án sản_xuất , kinh_doanh , dịch_vụ và đời_sống đối_với khách_hàng vay theo quy_định tại Điều 20 , Điều 21 của Nghị_định này . 

Điều 20 .  Điều_kiện đối_với khách_hàng vay không có bảo_đảm bằng tài_sản 

1 . Khách_hàng vay phải có đủ các điều_kiện sau đây : 

a ) Có tín_nhiệm với tổ_chức tín_dụng cho vay trong việc sử_dụng vốn vay và trả nợ đầy_đủ , đúng hạn cả gốc và lãi ; 

b ) Có dự_án đầu_tư hoặc phương_án sản_xuất , kinh_doanh , dịch_vụ khả_thi , có khả_năng hoàn_trả nợ ;  hoặc có dự_án , phương_án phục_vụ đời_sống khả_thi phù_hợp với quy_định của pháp_luật ; 

c ) Có khả_năng tài_chính để thực_hiện nghĩa_vụ trả nợ ; 

d ) Cam_kết thực_hiện biện_pháp bảo_đảm bằng tài_sản theo yêu_cầu của tổ_chức tín_dụng nếu sử_dụng vốn vay không đúng cam_kết trong hợp_đồng tín_dụng ;  cam_kết trả nợ trước hạn nếu không thực_hiện được các biện_pháp bảo_đảm bằng tài_sản quy_định tại điểm này . 

2 . Đối_với khách_hàng vay là doanh_nghiệp , ngoài các điều_kiện quy_định tại khoản 1 Điều này còn phải có kết_quả sản_xuất kinh_doanh có lãi trong hai năm liền kế với thời_điểm xem_xét cho vay . 

Điều 21 .  Hạn_chế cho vay không có bảo_đảm bằng tài_sản 

1 . Tổ_chức tín_dụng không được cho vay không có bảo_đảm bằng tài_sản đối_với các đối_tượng quy_định tại khoản 1 Điều 78 <L rel="Reference"> Luật Các tổ_chức tín_dụng </L> .
2 . Ngân_hàng Nhà_nước Việt_Nam quy_định_mức cho vay không có bảo_đảm bằng tài_sản cho một tổ_chức tín_dụng trong từng thời_kỳ . 

3 . Tổ_chức tín_dụng quy_định mức dư_nợ tối_đa được vay không có bảo_đảm bằng tài_sản đối_với một khách_hàng vay . 

MỤC 2 

TỔ_CHỨC TÍN_DỤNG NHÀ_NƯỚC CHO VAY KHÔNG CÓ BẢO_ĐẢM THEO CHỈ_ĐỊNH CỦA CHÍNH_PHỦ 

Điều 22 .  Cho vay không có bảo_đảm theo chỉ_định của Chính_phủ 

Tổ_chức tín_dụng nhà_nước cho vay không có bảo_đảm đối_với khách_hàng vay để thực_hiện các dự_án đầu_tư thuộc chương_trình kinh_tế đặc_biệt , chương_trình kinh_tế trọng_điểm của Nhà_nước , chương_trình kinh_tế-xã_hội và đối_với một_số khách_hàng thuộc đối_tượng được hưởng các chính_sách tín_dụng ưu_đãi về điều_kiện vay vốn theo quy_định tại các văn_bản quy_phạm pháp_luật của Chính_phủ hoặc Thủ_tướng Chính_phủ . 

Điều 23 .  Trách_nhiệm của tổ_chức tín_dụng nhà_nước được cho vay không có bảo_đảm theo chỉ_định của Chính_phủ 

1 . Thực_hiện đúng các quy_định của Chính_phủ , Thủ_tướng Chính_phủ đối_với khoản cho vay được chỉ_định và tuân_thủ các quy_định của pháp_luật trong quá_trình xem_xét cho vay , kiểm_tra sử_dụng vốn vay và thu_hồi nợ cả gốc và lãi . 

2 . Tổ_chức theo_dõi riêng các khoản cho vay theo chỉ_định và báo_cáo tình_hình sử_dụng vốn vay , khả_năng thu_hồi nợ , kiến_nghị xử_lý những tổn_thất trong các trường_hợp không thu_hồi được nợ theo quy_định tại khoản 1 Điều 25 của Nghị_định này . 

Điều 24 .  Trách_nhiệm của khách_hàng vay không có bảo_đảm theo chỉ_định của Chính_phủ 

1 . Thực_hiện đúng cam_kết trong hợp_đồng tín_dụng . 

2 . Thực_hiện đúng các quy_định của Chính_phủ hoặc Thủ_tướng Chính_phủ khi sử_dụng vốn vay đối_với khoản vay theo chỉ_định . 

3 . Chịu trách_nhiệm trước pháp_luật về những tổn_thất trong việc sử_dụng vốn vay do các nguyên_nhân chủ_quan của mình gây ra . 

Điều 25 .  Xử_lý tổn_thất các khoản cho vay không có bảo_đảm theo chỉ_định của Chính_phủ 

1 . Chính_phủ xử_lý tổn_thất cho các tổ_chức tín_dụng nhà_nước trong trường_hợp khách_hàng vay vốn theo chỉ_định không trả được nợ ( gốc và lãi ) do các nguyên_nhân sau đây : 

a ) Do thiên_tai , hỏa_hoạn và các biến_cố rủi_ro khách_quan khác ; 

b ) Khách_hàng vay là tổ_chức kinh_tế bị giải_thể theo quyết_định của cơ_quan Nhà_nước có thẩm_quyền hoặc bị tuyên_bố phá_sản mà sau khi xử_lý theo quy_định của pháp_luật vẫn không trả đủ nợ cho tổ_chức tín_dụng ; 

c ) Nhà_nước thay_đổi chủ_trương , chính_sách dẫn đến hoạt_động_sản_xuất kinh_doanh của khách_hàng vay gặp khó_khăn và không trả được nợ ; 

d ) Các nguyên_nhân khác theo quyết_định của Thủ_tướng Chính_phủ . 

2 . Hàng quý , tổ_chức tín_dụng nhà_nước được Chính_phủ , Thủ_tướng Chính_phủ chỉ_định cho vay không có bảo_đảm tổng_hợp các khoản tổn_thất do các nguyên_nhân quy_định tại khoản 1 Điều này , báo_cáo Thống_đốc Ngân_hàng Nhà_nước Việt_Nam và Bộ_trưởng Bộ Tài_chính để trình Thủ_tướng Chính_phủ quyết_định biện_pháp xử_lý tổn_thất cho tổ_chức tín_dụng . 

MỤC 3 

BẢO_LÃNH BẰNG TÍN_CHẤP CỦA TỔ_CHỨC ĐOÀN_THỂ CHÍNH_TRỊ-XÃ_HỘI CHO CÁ_NHÂN , HỘ GIA_ĐÌNH NGHÈO VAY VỐN 

Điều 26 .  Bảo_lãnh bằng tín_chấp của tổ_chức đoàn_thể chính_trị-xã_hội 

1 . Tổ_chức đoàn_thể chính_trị-xã_hội tại cơ_sở của : Hội Nông_dân Việt_Nam , Hội Liên_hiệp Phụ_nữ Việt_Nam , Tổng_Liên_đoàn lao_động Việt_Nam , Đoàn_Thanh_niên Cộng_sản Hồ_Chí_Minh , Hội Cựu_chiến_binh Việt_Nam được thực_hiện bảo_lãnh bằng tín_chấp cho cá_nhân , hộ gia_đình nghèo vay vốn tại các tổ_chức tín_dụng . 

2 . Người được bảo_lãnh là cá_nhân , hộ gia_đình nghèo là thành_viên của một trong các tổ_chức đoàn_thể chính_trị-xã_hội quy_định tại khoản 1 Điều này khi vay một khoản tiền nhỏ tại tổ_chức tín_dụng để sản_xuất kinh_doanh , làm dịch_vụ . 

3 . Mức vay tối_đa của mỗi cá_nhân , hộ gia_đình nghèo được tổ_chức đoàn_thể chính_trị-xã_hội bảo_lãnh bằng tín_chấp do Ngân_hàng Nhà_nước Việt_Nam quy_định trong từng thời_kỳ . 

Điều 27 .  Hình_thức bảo_lãnh bằng tín_chấp của tổ_chức đoàn_thể chính_trị-xã_hội 

Việc bảo_lãnh bằng tín_chấp của tổ_chức đoàn_thể chính_trị-xã_hội tại cơ_sở phải được lập thành_văn_bản , trong đó ghi rõ các nội_dung : số tiền vay , mục_đích vay , nghĩa_vụ của người vay , tổ_chức tín_dụng cho vay và tổ_chức bảo_lãnh . 

Điều 28 .  Quyền , nghĩa_vụ của tổ_chức tín_dụng cho vay có bảo_lãnh bằng tín_chấp của tổ_chức đoàn_thể chính_trị-xã_hội 

1 . Yêu_cầu tổ_chức bảo_lãnh phối_hợp với tổ_chức tín_dụng trong việc kiểm_tra sử_dụng vốn vay và đôn_đốc trả nợ . 

2 . Phối_hợp với tổ_chức bảo_lãnh thực_hiện việc cho vay và thu_hồi nợ . 

Điều 29 .  Quyền , nghĩa_vụ của tổ_chức đoàn_thể chính_trị-xã_hội bảo_lãnh bằng tín_chấp 

1 . Giúp_đỡ , hướng_dẫn , tạo điều_kiện cho cá_nhân , hộ gia_đình nghèo vay vốn và sử_dụng vốn vay đúng mục_đích , có hiệu_quả ;  đôn_đốc trả nợ đầy_đủ , đúng hạn cho tổ_chức tín_dụng . 

2 . Từ_chối việc bảo_lãnh nếu xét thấy cá_nhân , hộ gia_đình nghèo không có khả_năng sử_dụng vốn vay để sản_xuất kinh_doanh , làm dịch_vụ và trả nợ cho tổ_chức tín_dụng . 

Điều 30 .  Nghĩa_vụ của cá_nhân , hộ gia_đình nghèo được bảo_lãnh vay vốn 

1 . Sử_dụng vốn vay đúng mục_đích đã cam_kết . 

2 . Tạo điều_kiện thuận_lợi cho tổ_chức tín_dụng và tổ_chức đoàn_thể chính_trị-xã_hội kiểm_tra việc sử_dụng vốn vay . 

3 . Trả nợ đầy_đủ ( gốc và lãi ) đúng hạn cho tổ_chức tín_dụng . 

Điều 31 .  Nguyên_tắc xử_lý_tài_sản bảo_đảm tiền vay để thu_hồi nợ 

1 . Khi đến hạn mà khách_hàng vay , bên bảo_lãnh không thực_hiện hoặc thực_hiện không đúng nghĩa_vụ đối_với tổ_chức tín_dụng , thì tài_sản bảo_đảm tiền vay được xử_lý để thu_hồi nợ . 

2 . Tài_sản bảo_đảm tiền vay phải được xử_lý theo các phương_thức mà các bên đã thỏa_thuận trong hợp_đồng , trường_hợp các bên không xử_lý được theo các phương_thức đã thỏa_thuận thì tổ_chức tín_dụng có quyền : 

a ) Bán , chuyển_nhượng tài_sản cầm_cố , thế_chấp để thu_hồi nợ ; 

b ) Yêu_cầu bên bảo_lãnh thực_hiện nghĩa_vụ bảo_lãnh ;  nếu bên bảo_lãnh không thực_hiện hoặc thực_hiện không đúng nghĩa_vụ thì xử_lý_tài_sản của bên bảo_lãnh để thực_hiện nghĩa_vụ bảo_lãnh . 

3 . Tổ_chức tín_dụng có quyền chuyển_giao quyền thu_hồi nợ và ủy_quyền cho bên thứ ba xử_lý_tài_sản bảo_đảm tiền vay ;  trong trường_hợp này thì bên thứ ba cũng có quyền xử_lý_tài_sản bảo_đảm tiền vay để thu_hồi nợ như tổ_chức tín_dụng . 

4 . Trường_hợp một tài_sản bảo_đảm cho nhiều nghĩa_vụ trả nợ , nếu phải xử_lý_tài_sản bảo_đảm tiền vay để thực_hiện một nghĩa_vụ trả nợ đến hạn , thì các nghĩa_vụ trả nợ khác tuy chưa đến hạn cũng được coi là đến hạn và được xử_lý_tài_sản bảo_đảm tiền vay để thu_hồi nợ . 

5 . Trường_hợp tài_sản được các bên xử_lý theo thỏa_thuận thì phải thực_hiện nhanh_chóng , công_khai , bảo_đảm lợi_ích của các bên ;  nếu tài_sản không xử_lý được do không thỏa_thuận được giá bán , thì tổ_chức tín_dụng có quyền quyết_định_giá bán tài_sản để thu_hồi nợ . 

6 . Các chi_phí phát_sinh trong xử_lý_tài_sản bảo_đảm tiền vay do khách_hàng vay , bên bảo_lãnh chịu .  Tiền thu được từ xử_lý_tài_sản bảo_đảm tiền vay sau khi trừ chi_phí xử_lý , thì tổ_chức tín_dụng thu nợ theo thứ_tự : nợ gốc , lãi vay , lãi quá hạn , các khoản phí khác ( nếu có ) .  Tài_sản bảo_đảm tiền vay sau khi được xử_lý nếu không đủ để thực_hiện nghĩa_vụ trả nợ , thì khách_hàng vay , bên bảo_lãnh phải tiếp_tục thực_hiện nghĩa_vụ trả nợ đã cam_kết . 

7 . Các cơ_quan Nhà_nước có thẩm_quyền có trách_nhiệm tạo điều_kiện , hỗ_trợ các bên xử_lý_tài_sản bảo_đảm tiền vay để thu_hồi nợ cho tổ_chức tín_dụng . 

8 . Việc xử_lý_tài_sản bảo_đảm tiền vay là biện_pháp để thu_hồi nợ , không phải là hoạt_động kinh_doanh tài_sản của tổ_chức tín_dụng . 

Điều 32 .  Các trường_hợp tổ_chức tín_dụng có quyền xử_lý_tài_sản bảo_đảm tiền vay để thu_hồi nợ 

1 . Sau thời_hạn 60 ngày kể từ khi đến hạn trả nợ , mà tài_sản bảo_đảm tiền vay chưa được xử_lý theo thỏa_thuận . 

2 . Khách_hàng vay phải thực_hiện trả nợ trước hạn theo quy_định của pháp_luật , nhưng không thực_hiện hoặc thực_hiện không đúng nghĩa_vụ trả nợ . 

3 . Khách_hàng vay là tổ_chức kinh_tế bị giải_thể trước khi đến hạn trả nợ , thì nghĩa_vụ trả nợ tuy chưa đến hạn cũng được coi là đến hạn , nếu khách_hàng vay không trả nợ và không xử_lý_tài_sản bảo_đảm tiền vay để trả nợ , thì tổ_chức tín_dụng có quyền xử_lý_tài_sản để thu_hồi nợ . 

4 . Xử_lý_tài_sản bảo_đảm tiền vay theo quy_định tại khoản 3 Điều 13 của Nghị_định này . 

Điều 33 .  Phương_thức xử_lý_tài_sản bảo_đảm tiền vay 

1 . Bán tài_sản bảo_đảm tiền vay . 

2 . Tổ_chức tín_dụng nhận chính tài_sản bảo_đảm tiền vay để thay_thế cho việc thực_hiện nghĩa_vụ được bảo_đảm . 

3 . Tổ_chức tín_dụng được trực_tiếp_nhận các khoản tiền hoặc tài_sản từ bên thứ ba trong trường_hợp bên thứ ba có nghĩa_vụ trả tiền hoặc tài_sản cho khách_hàng vay , bên bảo_lãnh . 

Điều 34 .  Thực_hiện xử_lý_tài_sản bảo_đảm tiền vay 

1 . Các bên thỏa_thuận về việc thực_hiện các phương_thức xử_lý_tài_sản bảo_đảm tiền vay như quy_định tại Điều 33 của Nghị_định này . 

Trong trường_hợp các bên thỏa_thuận thực_hiện phương_thức bán tài_sản bảo_đảm tiền vay thì bên được bán tài_sản có_thể là khách_hàng vay hoặc bên bảo_lãnh bán , tổ_chức tín_dụng bán , hai bên phối_hợp cùng bán , ủy quyền cho bên thứ ba bán .  Bên được bán tài_sản có_thể trực_tiếp bán cho người mua , ủy quyền cho Trung_tâm bán đấu_giá tài_sản hoặc doanh_nghiệp bán đấu_giá tài_sản thực_hiện việc bán tài_sản bảo_đảm tiền vay . 

2 . Trong trường_hợp tổ_chức tín_dụng có quyền xử_lý_tài_sản bảo_đảm tiền vay theo quy_định tại Điều 32 của Nghị_định này , thì khách_hàng vay , bên bảo_lãnh phải giao tài_sản cho tổ_chức tín_dụng để xử_lý . 

Tổ_chức tín_dụng có quyền thực_hiện xử_lý_tài_sản bảo_đảm tiền vay như sau : 

a ) Trực_tiếp bán cho người mua ; 

b ) ủy_quyền việc bán đấu_giá tài_sản cho Trung_tâm bán đấu_giá tài_sản hoặc doanh_nghiệp bán đấu_giá tài_sản theo quy_định của pháp_luật về bán đấu_giá tài_sản ; 

c ) ủy_quyền hoặc chuyển_giao cho tổ_chức có chức_năng được mua_bán tài_sản để bán ; 

d ) Khi tổ_chức tín_dụng nhận chính tài_sản bảo_đảm tiền vay để thay_thế cho nghĩa_vụ trả nợ thì tài_sản đó được chuyển quyền sở_hữu cho tổ_chức tín_dụng ; 

đ ) Trong trường_hợp bên thứ ba có nghĩa_vụ trả tiền hoặc tài_sản cho khách_hàng vay , bên bảo_lãnh thì tổ_chức tín_dụng được trực_tiếp_nhận các khoản tiền hoặc tài_sản từ bên thứ ba . 

3 . Trong thời_gian tài_sản bảo_đảm tiền vay chưa xử_lý được , tổ_chức tín_dụng được quyền khai_thác , sử_dụng tài_sản bảo_đảm .  Số tiền thu được từ việc khai_thác , sử_dụng tài_sản bảo_đảm sau khi trừ các chi_phí cần_thiết , hợp_lý cho việc khai_thác , sử_dụng tài_sản sẽ được dùng để thu_hồi nợ . 

4 . Trong trường_hợp các bên có tranh_chấp và khởi_kiện , thì tài_sản bảo_đảm tiền vay được xử_lý theo bản_án có hiệu_lực pháp_luật của Tòa_án hoặc quyết_định của cơ_quan Nhà_nước có thẩm_quyền . 

5 . Trong trường_hợp khách_hàng vay , bên bảo_lãnh là doanh_nghiệp bị phá_sản , thì tài_sản bảo_đảm tiền vay được xử_lý theo quy_định của pháp_luật về phá_sản doanh_nghiệp . 

Điều 35 .  Trách_nhiệm của các cơ_quan Nhà_nước có thẩm_quyền trong việc xử_lý_tài_sản bảo_đảm tiền vay để thu_hồi nợ cho tổ_chức tín_dụng 

1 . Trong trường_hợp việc xử_lý_tài_sản bảo_đảm tiền vay gặp khó_khăn kể_cả nguyên_nhân chủ_quan và khách_quan , các cơ_quan Nhà_nước có thẩm_quyền có trách_nhiệm tạo điều_kiện , hỗ_trợ khi có đề_nghị của tổ_chức tín_dụng . 

2 . Bộ Công_an hướng_dẫn cơ_quan Công_an các cấp thực_hiện các biện_pháp hỗ_trợ tổ_chức tín_dụng trong việc xử_lý_tài_sản khi khách_hàng vay , bên bảo_lãnh không thực_hiện việc xử_lý_tài_sản bảo_đảm tiền vay như đã thỏa_thuận . 

3 . Ủy_ban nhân_dân tỉnh , thành_phố trực_thuộc Trung_ương chỉ_đạo các ngành , các cấp thuộc quyền quản_lý của mình thực_hiện Nghị_định này và có biện_pháp hỗ_trợ việc xử_lý_tài_sản bảo_đảm tiền vay để thu_hồi nợ cho các tổ_chức tín_dụng . 

4 . Sau khi tài_sản bảo_đảm tiền vay đã được xử_lý , cơ_quan Nhà_nước có thẩm_quyền có trách_nhiệm thực_hiện việc đăng_ký quyền sở_hữu tài_sản , chuyển quyền sử_dụng đất cho người mua tài_sản , người nhận chuyển_nhượng quyền sử_dụng đất theo quy_định của pháp_luật . 

Điều 36 .  Hạch_toán kế_toán , báo_cáo , thanh_tra , kiểm_tra 

1 . Tổ_chức tín_dụng phải tổ_chức hạch_toán kế_toán , thực_hiện chế_độ thông_tin , báo_cáo thống_kê việc cho vay có bảo_đảm bằng tài_sản , cho vay không có bảo_đảm bằng tài_sản và xử_lý_tài_sản bảo_đảm tiền vay theo quy_định của Ngân_hàng Nhà_nước Việt_Nam . 

2 . Ngân_hàng Nhà_nước Việt_Nam có trách_nhiệm thanh_tra , kiểm_tra việc thực_hiện Nghị_định này . 

Điều 37 .  Xử_lý vi_phạm 

1 . Tổ_chức , cá_nhân vi_phạm_quy_định tại Nghị_định này , tùy theo tính_chất , mức_độ vi_phạm sẽ bị xử_phạt theo quy_định của pháp_luật . 

2 . Tổ_chức , cá_nhân vi_phạm hợp_đồng bảo_đảm nếu gây thiệt_hại phải bồi_thường cho bên bị thiệt_hại theo quy_định của pháp_luật ;  mọi tranh_chấp hợp_đồng được giải_quyết theo quy_định của pháp_luật . 

Điều 38 .  Hiệu_lực thi_hành 

1 . Nghị_định này có hiệu_lực sau 15 ngày kể từ ngày ký . 

2 . Quy_định tại điểm 1 , mục II của <NQ rel="PartDrop"> Nghị_quyết số 49/CP-m ngày 06 tháng 5 năm 1997 </NQ> của Chính_phủ về các doanh_nghiệp nhà_nước vay vốn của các ngân_hàng thương_mại quốc_doanh không phải thế_chấp và các quy_định trước_đây về thế_chấp , cầm_cố , bảo_lãnh vay vốn ngân_hàng hết hiệu_lực thi_hành .
3 . Các hợp_đồng tín_dụng có áp_dụng các biện_pháp cầm_cố , thế_chấp , bảo_lãnh và cho vay không có bảo_đảm bằng tài_sản được xác_lập trước ngày Nghị_định này có hiệu_lực , tiếp_tục thực_hiện theo các điều_khoản các bên đã thỏa_thuận phù_hợp với quy_định của pháp_luật tại thời_điểm ký_kết_hợp_đồng cho đến khi khách_hàng vay trả hết nợ cho tổ_chức tín_dụng cho vay ;  riêng việc xử_lý_tài_sản bảo_đảm tiền vay đối_với các hợp_đồng nói trên được thực_hiện theo quy_định của Nghị_định này . 

Điều 39 .  Trách_nhiệm hướng_dẫn và thi_hành 

1 . Ngân_hàng Nhà_nước Việt_Nam chịu trách_nhiệm hướng_dẫn thực_hiện Nghị_định này . 

2 . Ngân_hàng Nhà_nước Việt_Nam , Bộ Tư_pháp , Bộ Công_an , Bộ Tài_chính , Tổng_cục Địa_chính phối_hợp với các Bộ , ngành liên_quan ban_hành Thông_tư hướng_dẫn việc xử_lý_tài_sản bảo_đảm tiền vay để thu_hồi nợ cho các tổ_chức tín_dụng . 

3 . Bộ Tư_pháp hướng_dẫn thủ_tục công_chứng , Bộ Công_an , Bộ Giao_thông vận_tải , Bộ Thủy_sản hướng_dẫn việc sử_dụng bản_sao giấy chứng_nhận đăng_ký phương_tiện giao_thông vận_tải , tàu_thuyền đánh_bắt_thủy hải_sản để lưu_hành phương_tiện khi cầm_cố , thế_chấp vay vốn tại các tổ_chức tín_dụng . 

4 . Các Bộ_trưởng , Thủ_trưởng cơ_quan ngang Bộ , Thủ_trưởng cơ_quan thuộc Chính_phủ , Chủ_tịch ủy_ban nhân_dân các tỉnh , thành_phố trực_thuộc Trung_ương chịu trách_nhiệm thi_hành Nghị_định này . 