Nghị định Quy định chi tiết thi hành Luật thuế thu nhập doanh nghiệp

Căn_cứ <L rel="Pursuant"> Luật tổ_chức Chính_phủ ngày 30 tháng 9 năm 1992 </L> ;
Căn_cứ <L rel="Pursuant"> Luật thuế_thu_nhập doanh_nghiệp số 03/1997/QH9 ngày 10 tháng 5 năm 1997 </L> ;
Điều 1 .  Tổ_chức , cá_nhân sản_xuất , kinh_doanh hàng_hóa , dịch_vụ có thu_nhập phải nộp thuế_thu_nhập doanh_nghiệp bao_gồm : 

1 . Các tổ_chức sản_xuất , kinh_doanh hàng_hóa , dịch_vụ : Doanh_nghiệp nhà_nước ; Công_ty trách_nhiệm hữu_hạn ; Công_ty cổ_phần ; doanh_nghiệp có vốn đầu_tư nước_ngoài và Bên nước_ngoài tham_gia hợp_đồng hợp_tác kinh_doanh theo <L rel="Reference"> Luật đầu_tư nước_ngoài tại Việt_Nam </L> ; các công_ty nước_ngoài và tổ_chức nước_ngoài hoạt_động kinh_doanh ở Việt_Nam không theo <L rel="Reference"> Luật_Đầu_tư nước_ngoài tại Việt_Nam </L> ; doanh_nghiệp tư_nhân ; hợp_tác_xã ; tổ_hợp_tác ; tổ_chức kinh_tế của tổ_chức chính_trị , tổ_chức chính_trị-xã_hội , tổ_chức xã_hội , tổ_chức xã_hội-nghề_nghiệp , đơn_vị vũ_trang nhân_dân ; cơ_quan hành_chính sự_nghiệp có tổ_chức sản_xuất , kinh_doanh hàng_hóa , dịch_vụ .
2 . Cá_nhân trong nước sản_xuất , kinh_doanh hàng_hóa , dịch_vụ bao_gồm : 

a ) Cá_nhân và nhóm cá_nhân kinh_doanh ; 

b ) Hộ cá_thể ; 

c ) Cá_nhân hành_nghề độc_lập : Bác_sỹ , luật_sư , kế_toán , kiểm_toán , họa_sỹ , kiến_trúc_sư , nhạc sỹ và cá_nhân hành_nghề độc_lập khác ; 

d ) Cá_nhân cho thuê tài_sản như nhà , đất , phương_tiện vận_tải , máy_móc thiết_bị và các loại tài_sản khác ; 

e ) Hộ gia_đình , cá_nhân nông_dân trồng_trọt , chăn_nuôi , nuôi_trồng thủy_sản có giá_trị sản_phẩm hàng_hóa trên 90 triệu đồng/năm và có thu_nhập trên 36 triệu đồng/năm , phải nộp thuế_thu_nhập doanh_nghiệp cho phần thu_nhập trên 36 triệu đồng/năm . 

3 . Công_ty nước_ngoài hoạt_động kinh_doanh thông_qua cơ_sở thường_trú tại Việt_Nam . 

Cơ_sở thường_trú của công_ty nước_ngoài ở Việt_Nam là cơ_sở kinh_doanh mà thông_qua cơ_sở này công_ty nước_ngoài thực_hiện một phần hay toàn_bộ hoạt_động kinh_doanh của mình tại Việt_Nam mang lại thu_nhập .  Cơ_sở thường_trú của công_ty nước_ngoài bao_gồm các hình_thức sau : 

a ) Chi_nhánh , văn_phòng điều_hành , nhà_máy , xưởng sản_xuất , kho giao_nhận hàng_hóa , phương_tiện vận_tải , hầm_mỏ , mỏ dầu hoặc khí_đốt , địa_điểm thăm_dò hoặc khai_thác tài_nguyên thiên_nhiên hay các thiết_bị phương_tiện phục_vụ cho việc thăm_dò tài_nguyên thiên_nhiên ; 

b ) Địa_điểm xây_dựng ;  công_trình xây_dựng , lắp_đặt , lắp_ráp ;  các hoạt_động giám_sát xây_dựng , công_trình xây_dựng , lắp_đặt , lắp_ráp ; 

c ) Cơ_sở cung_cấp các dịch_vụ bao_gồm cả dịch_vụ tư_vấn thông_qua người làm_công cho mình hay một đối_tượng khác ; 

d ) Đại_lý cho công_ty nước_ngoài ; 

đ ) Đại_diện ở Việt_Nam trong các trường_hợp : 

Có thẩm_quyền ký_kết các hợp_đồng đứng_tên công_ty nước_ngoài . 

Không có thẩm_quyền ký_kết các hợp_đồng đứng_tên công_ty nước_ngoài nhưng thường_xuyên thực_hiện việc giao hàng_hóa hoặc cung_ứng dịch_vụ tại Việt_Nam . 

Trong trường_hợp Hiệp_định tránh đánh thuế hai lần mà Cộng_hòa xã_hội chủ_nghĩa Việt_Nam ký_kết có quy_định khác về cơ_sở thường_trú thì thực_hiện theo quy_định của Hiệp_định đó . 

4 . Cá_nhân nước_ngoài kinh_doanh có thu_nhập phát_sinh tại Việt_Nam . 

Điều 2 .  Đối_tượng không thuộc diện nộp thuế_thu_nhập doanh_nghiệp bao_gồm hộ gia_đình , cá_nhân , tổ_hợp_tác , hợp_tác_xã sản_xuất nông_nghiệp có thu_nhập từ sản_phẩm trồng_trọt , chăn_nuôi , nuôi_trồng thủy_sản , trừ hộ gia_đình , cá_nhân nông_dân quy_định tại khoản 2 Điều 1 của Nghị_định này . 

CHƯƠNG II 

CĂN_CỨ TÍNH THUẾ VÀ THUẾ_SUẤT 

Điều 3 . Doanh_thu để tính thu_nhập chịu thuế theo Điều 8 <L rel="Reference"> Luật thuế_thu_nhập doanh_nghiệp </L> được quy_định cụ_thể như sau :
1 . Đối_với hàng_hóa , dịch_vụ do cơ_sở sản_xuất , kinh_doanh bán ra là toàn_bộ tiền bán hàng , tiền cung_ứng dịch_vụ kể_cả trợ_giá , phụ_thu , phụ_trội mà cơ_sở sản_xuất , kinh_doanh được hưởng .  Nếu cơ_sở sản_xuất , kinh_doanh nộp thuế giá_trị gia_tăng theo phương_pháp trực_tiếp trên giá_trị gia_tăng , doanh_thu để tính thu_nhập bao_gồm cả thuế giá_trị gia_tăng . 

2 . Đối_với hàng_hóa bán theo phương_thức trả_góp là doanh_thu của hàng hóa_bán tính theo giá bán trả một lần , không bao_gồm lãi trả_chậm . 

3 . Đối_với hàng_hóa , dịch_vụ dùng để trao_đổi , biếu , tặng doanh_thu tính thuế theo giá bán của sản_phẩm , hàng hóa , dịch_vụ cùng loại hoặc tương_đương tại thời_điểm trao_đổi , biếu , tặng . 

4 . Đối_với sản_phẩm tự dùng , doanh_thu để tính thu_nhập chịu thuế là chi_phí để sản_xuất ra sản_phẩm đó . 

5 . Đối_với gia_công hàng_hóa là tiền thu về gia_công bao_gồm cả tiền công , nhiên_liệu , động_lực , vật_liệu phụ và chi_phí khác phục_vụ cho việc gia_công hàng_hóa . 

6 . Đối_với hoạt_động cho thuê tài_sản là số tiền thuê thu được từng kỳ theo hợp_đồng thuê .  Trường_hợp bên thuê trả tiền trước cho nhiều tháng , nhiều năm thì doanh_thu là toàn_bộ số tiền thu được . 

7 . Đối_với hoạt_động tín_dụng là tiền lãi cho vay thực_thu được trong kỳ tính thuế . 

8 . Đối_với hoạt_động khác do Bộ Tài_chính quy_định . 

Điều 4 .  Các khoản chi_phí hợp_lý được trừ để tính thu_nhập chịu thuế từ hoạt_động_sản_xuất , kinh_doanh , dịch_vụ bao_gồm : 

1 . Khấu_hao tài_sản cố_định dùng cho sản_xuất , kinh_doanh .  Mức trích khấu_hao tài_sản cố_định do Bộ Tài_chính quy_định . 

2 . Chi_phí nguyên_liệu , vật_liệu , nhiên_liệu , năng_lượng , hàng_hóa thực_tế sử_dụng vào sản_xuất , kinh_doanh , dịch_vụ liên_quan đến doanh_thu và thu_nhập chịu thuế trong kỳ , được tính theo mức tiêu_hao hợp_lý và giá thực_tế xuất kho . 

3 . Tiền_lương , tiền công và các khoản mang tính_chất tiền_lương , tiền công phải trả cho người lao_động , tiền ăn giữa ca : 

a ) Tiền_lương , tiền công và các khoản mang tính_chất tiền_lương , tiền công phải trả cho người lao_động trong các doanh_nghiệp nhà_nước theo chế_độ hiện_hành . 

b ) Tiền_lương , tiền công và các khoản mang tính_chất tiền_lương , tiền công phải trả cho người lao_động trong các cơ_sở kinh_doanh khác theo hợp_đồng lao_động .  Nếu chưa thực_hiện chế_độ hợp_đồng lao_động thì tiền_lương , tiền công và các khoản mang tính_chất tiền_lương , tiền công phải trả cho người lao_động được tính vào chi_phí để tính thu_nhập chịu thuế căn_cứ vào mức tiền_lương , tiền công bình_quân của ngành_nghề tại địa_phương . 

Không được tính vào chi_phí tiền_lương , tiền công các khoản chi_phí sau : 

Tiền_lương , tiền công của chủ doanh_nghiệp tư_nhân , chủ_hộ cá_thể sản_xuất , kinh_doanh , dịch_vụ . 

Tiền_lương , tiền công của sáng_lập viên các công_ty mà họ không trực_tiếp tham_gia điều_hành sản_xuất , kinh_doanh , dịch_vụ . 

c ) Chi_phí tiền ăn giữa ca cho người lao_động . 

4 . Chi_phí nghiên_cứu khoa_học , công_nghệ ;  sáng_kiến , cải_tiến ;  tài_trợ cho giáo_dục ;  y_tế ;  đào_tạo lao_động theo chế_độ quy_định . 

5 . Chi_phí dịch_vụ mua ngoài : điện , nước , điện_thoại , sửa_chữa tài_sản cố_định , tiền thuê tài_sản cố_định , kiểm_toán , bảo_hiểm tài_sản , chi_trả tiền sử_dụng các tài_liệu kỹ_thuật , bằng sáng_chế , giấy_phép công_nghệ không thuộc tài_sản cố_định , các dịch_vụ kỹ_thuật . 

6 . Các khoản chi cho lao_động nữ theo quy_định của pháp_luật ;  chi bảo_hộ lao_động ;  chi bảo_vệ cơ_sở kinh_doanh ;  trích nộp quỹ bảo_hiểm_xã_hội ;  bảo_hiểm_y_tế thuộc trách_nhiệm của cơ_sở kinh_doanh sử_dụng lao_động ;  kinh_phí công_đoàn ;  khoản trích nộp hình_thành nguồn chi_phí quản_lý cho cấp trên theo chế_độ quy_định . 

7 . Chi_trả lãi tiền vay vốn sản_xuất , kinh_doanh , dịch_vụ của ngân_hàng , của các tổ_chức tín_dụng theo lãi_suất thực_tế ;  chi_trả lãi tiền vay của các đối_tượng khác theo lãi_suất thực_tế , nhưng tối_đa không quá tỷ_lệ lãi_suất trần do ngân_hàng nhà_nước Việt_Nam quy_định cho các tổ_chức tín_dụng . 

8 . Trích các khoản dự_phòng : giảm_giá hàng tồn_kho , giảm_giá các loại chứng_khoán trong hoạt_động tài_chính và dự_phòng các khoản thu khó đòi . 

9 . Trợ_cấp thôi_việc cho người lao_động theo quy_định của pháp_luật . 

10 .  Chi về tiêu_thụ hàng_hóa , dịch_vụ bao_gồm : chi bao_gói , vận_chuyển , bốc_vác , thuê kho , bãi , bảo_hành sản_phẩm . 

11 .  Chi_phí quảng_cáo , tiếp_thị , khuyến_mại liên_quan trực_tiếp đến hoạt_động_sản_xuất , kinh_doanh , dịch_vụ và các khoản chi_phí khác được khống_chế tối_đa không quá 7 % tổng_số chi_phí .  Đối_với hoạt_động thương_nghiệp tổng_chi_phí để xác_định mức khống_chế không bao_gồm giá mua vào của hàng_hóa bán ra . 

Bộ Tài_chính hướng_dẫn mức khống_chế khoản chi_phí này phù_hợp với từng ngành_nghề . 

12 .  Các khoản thuế , phí , lệ_phí , tiền thuê đất phải nộp có liên_quan đến hoạt_động_sản_xuất , kinh_doanh , dịch_vụ ( trừ thuế_thu_nhập doanh_nghiệp ) bao_gồm : 

Thuế_xuất_khẩu ;  thuế tiêu_thụ đặc_biệt ;  thuế giá_trị gia_tăng ( đối_với cơ_sở kinh_doanh nộp thuế giá_trị gia_tăng theo phương_pháp tính trực_tiếp trên giá_trị gia_tăng ) ;  thuế môn_bài ;  thuế tài_nguyên ;  thuế sử_dụng đất nông_nghiệp ;  thuế nhà_đất ; 

Lệ_phí đường , phí qua cầu , qua phà , lệ_phí sân_bay , lệ_phí chứng_thư ... ; 

Tiền thuê đất . 

13 .  Chi_phí quản_lý kinh_doanh do công_ty nước_ngoài phân_bổ cho cơ_sở thường_trú ở Việt_Nam_theo tỷ_lệ doanh_thu của cơ_sở thường_trú so với tổng doanh_thu công_ty ở nước_ngoài . 

Điều 5 .  Các khoản doanh_thu , chi_phí hợp_lý được ghi trong sổ kế_toán của cơ_sở kinh_doanh bằng Đồng Việt_Nam .  Trường_hợp có doanh_thu , chi_phí bằng ngoại_tệ thì phải quy_đổi ra Đồng Việt_Nam_theo tỷ_giá do Ngân_hàng Nhà_nước Việt_Nam công_bố tại thời_điểm thu , chi ngoại_tệ . 

Điều 6 .  Không tính vào chi_phí hợp_lý các khoản chi_phí sau : 

1 . Các khoản trích trước vào chi_phí mà thực_tế không chi như : trích trước về sửa_chữa_lớn , phí bảo_hành sản_phẩm hàng_hóa , công_trình xây_dựng và các khoản trích trước khác ; 

2 . Các khoản chi không có chứng_từ hoặc chứng_từ không hợp_pháp ; 

3 . Các khoản tiền phạt như phạt vi_phạm hợp_đồng , phạt vi_phạm_luật giao_thông , phạt vi_phạm chế_độ đăng_ký kinh_doanh , phạt vi_phạm về kế_toán thống_kê , phạt vi_phạm hành_chính về thuế và các khoản phạt khác ; 

4 . Các khoản chi không liên_quan đến doanh_thu và thu_nhập chịu thuế như chi về đầu_tư xây_dựng cơ_bản ;  chi ủng_hộ các địa_phương , đoàn_thể , tổ_chức xã_hội ;  chi từ_thiện và các khoản chi khác không liên_quan đến doanh_thu và thu_nhập chịu thuế ; 

5 . Các khoản chi do các nguồn kinh_phí khác đài_thọ như chi_phí sự_nghiệp ;  chi trợ_cấp khó_khăn thường_xuyên , khó_khăn đột_xuất .  . . 

Điều 7 .  Các khoản thu_nhập chịu thuế khác bao_gồm : 

1 . Chênh_lệch về mua , bán chứng_khoán ; 

2 . Thu_nhập về quyền sở_hữu , quyền sử_dụng tài_sản : 

a ) Thu_nhập về cho thuê tài_sản . 

b ) Thu_nhập từ việc cho sử_dụng hoặc quyền sở_hữu_trí_tuệ . 

c ) Thu_nhập khác về quyền sở_hữu , quyền sử_dụng tài_sản . 

3 . Lãi từ chuyển_nhượng , thanh_lý_tài_sản ; 

4 . Lãi tiền gửi , cho vay vốn ; 

5 . Chênh_lệch do bán ngoại_tệ ; 

6 . Kết_dư cuối năm các khoản dự_phòng giảm_giá hàng tồn_kho , dự_phòng giảm_giá chứng_khoán , dự_phòng bù_đắp các khoản phải thu khó đòi ; 

7 . Thu các khoản thu khó đòi đã xóa sổ kế_toán nay đòi được ; 

8 . Thu các khoản nợ phải trả không xác_định được chủ_nợ ; 

9 . Các khoản thu_nhập từ sản_xuất , kinh_doanh , dịch_vụ của những năm trước bị bỏ sót mới phát_hiện ra ; 

10 .  Các khoản thu_nhập nhận được từ hoạt_động_sản_xuất , kinh_doanh , dịch_vụ ở nước_ngoài . 

Trường_hợp nhận được khoản thu_nhập đã nộp thuế_thu_nhập ở nước_ngoài thì cơ_sở kinh_doanh phải xác_định số thu_nhập trước khi nộp thuế_thu_nhập ở nước_ngoài để tính thuế_thu_nhập doanh_nghiệp .  Khi xác_định số thuế_thu_nhập cả năm sẽ được trừ số thuế_thu_nhập đã nộp ở nước_ngoài nhưng số thuế được trừ không vượt quá số thuế_thu_nhập tính theo luật thuế_thu_nhập doanh_nghiệp cho khoản thu_nhập nhận được đó ; 

11 .  Các khoản thu_nhập liên_quan đến việc tiêu_thụ hàng_hóa , cung_cấp dịch_vụ không tính trong doanh_thu , sau khi đã trừ các khoản chi_phí theo quy_định của Bộ Tài_chính để tạo ra khoản thu_nhập đó ; 

12 .  Các khoản thu_nhập khác . 

Điều 8 .  Cơ_sở kinh_doanh nhận thu_nhập do cơ_sở kinh_doanh nhận góp vốn cổ_phần , liên_doanh liên_kết kinh_tế chia cho ( sau khi đã nộp thuế ) thì không phải nộp thuế_thu_nhập doanh_nghiệp đối_với khoản thu_nhập đó nhưng phải gộp vào phần thu_nhập sau thuế để xác_định thuế_thu_nhập bổ_sung . 

Thu_nhập từ hoạt_động kinh_doanh dầu_khí theo quy_định của Chính_phủ . 

Điều 9 . Thuế_suất thuế_thu_nhập doanh_nghiệp áp_dụng đối_với cơ_sở kinh_doanh trong nước và tổ_chức , cá_nhân nước_ngoài kinh_doanh ở Việt_Nam không theo <L rel="Reference"> Luật đầu_tư nước_ngoài tại Việt_Nam </L> như sau :
1 . Thuế_suất chung là 32 % ; 

2 . Thuế_suất 25 % áp_dụng đối_với các cơ_sở kinh_doanh dưới đây trong thời_hạn 3 năm kể từ khi <L rel="Reference"> Luật thuế_thu_nhập doanh_nghiệp </L> có hiệu_lực thi_hành :
Khai_thác mỏ , khoáng_sản , lâm_sản và thủy_sản ; 

Luyện_kim ;  sản_xuất sản_phẩm cơ_khí ; 

Sản_xuất_hóa_chất cơ_bản , phân_bón , thuốc trừ_sâu ; 

Sản_xuất vật_liệu xây_dựng ( trừ sản_xuất xi_măng ) ; 

Xây_dựng ( trừ khảo_sát , thiết_kế , tư_vấn , giám_sát ) ; 

1 . Thuế_suất chung là 25 % . 

2 . Áp_dụng mức thuế_suất 20 % trong thời_hạn 10 năm kể từ khi hoạt_động_sản_xuất , kinh_doanh đối_với các dự_án đầu_tư có một trong các tiêu_chuẩn sau : 

a ) Xuất_khẩu ít_nhất 50 % sản_phẩm . 

b ) Sử_dụng từ 500 lao_động trở lên . 

c ) Nuôi_trồng , chế_biến nông_sản , lâm_sản , hải_sản . 

d ) Sử_dụng công_nghệ tiên_tiến , đầu_tư vào nghiên_cứu phát_triển . 

đ ) Sử_dụng nhiều nguyên_liệu , vật_tư sẵn có tại Việt_Nam ;  chế_biến , khai_thác có hiệu_quả tài_nguyên thiên_nhiên tại Việt_Nam ;  sản_xuất sản_phẩm có tỷ_lệ nội_địa_hóa cao .  . . 

3 . Áp_dụng mức thuế_suất 15 % trong thời_hạn 12 năm kể từ khi hoạt_động_sản_xuất , kinh_doanh đối_với các dự_án đầu_tư có một trong các tiêu_chuẩn sau : 

a ) Xuất_khẩu ít_nhất 80 % sản_phẩm . 

b ) Đầu_tư vào lĩnh_vực luyện_kim , hóa_chất cơ_bản , cơ_khí chế_tạo , hóa_dầu , phân_bón , sản_xuất linh_kiện điện_tử , linh_kiện ô_tô , xe_máy . 

c ) Xây_dựng-kinh_doanh công_trình kết_cấu_hạ_tầng ( cầu , đường , cấp thoát nước , điện , xây_dựng bến cảng ... ) . 

d ) Trồng cây công_nghiệp lâu năm . 

đ ) Đầu_tư vào vùng có khó_khăn ( kể_cả dự_án khách_sạn ) . 

e ) Chuyển_giao không bồi_hoàn tài_sản cho Nhà_nước Việt_Nam sau khi kết_thúc thời_hạn hoạt_động ( kể_cả dự_án khách_sạn ) . 

g ) Các dự_án có hai tiêu_chuẩn trong khoản 2 Điều này . 

4 . Áp_dụng mức thuế_suất 10 % trong thời_hạn 15 năm , kể từ khi hoạt_động_sản_xuất , kinh_doanh đối_với các dự_án : 

a ) Xây_dựng kết_cấu_hạ_tầng tại vùng khó_khăn . 

b ) Đầu_tư vào miền núi , hải_đảo , vùng_sâu , vùng_xa . 

c ) Trồng rừng . 

d ) Các dự_án thuộc danh_mục dự_án đặc_biệt khuyến_khích đầu_tư khác . 

5 . Đối_với các dự_án đầu_tư theo hợp_đồng BOT , BTO , BT , dự_án xây_dựng_hạ_tầng khu công_nghiệp , khu chế_xuất thì mức thuế_suất ưu_đãi 20 % , 15 % , 10 % áp_dụng trong suốt thời_gian thực_hiện dự_án . 

6 . Các thuế_suất nêu tại khoản 2 , 3 , 4 , 5 Điều này không áp_dụng đối_với các dự_án khách_sạn ( trừ trường_hợp đầu_tư vào vùng khó_khăn , miền núi , hải_đảo , chuyển_giao không bồi_hoàn tài_sản cho Nhà_nước Việt_Nam ) , các dự_án tài_chính , ngân_hàng , bảo_hiểm , cung_cấp dịch_vụ , thương_mại . 

Điều 11 .  Thuế_suất thuế_thu_nhập doanh_nghiệp áp_dụng đối_với tổ_chức , cá_nhân trong nước và nước_ngoài tiến_hành tìm_kiếm , thăm_dò , khai_thác dầu_khí là 50 % ;  khai_thác tài_nguyên quý_hiếm khác thì có_thể áp_dụng mức thuế_suất từ 32 % đến 50 % phù_hợp với từng dự_án , từng cơ_sở kinh_doanh .  Bộ Tài_chính quyết_định cụ_thể đối_với từng dự_án đầu_tư của tổ_chức , cá_nhân trong nước ;  cơ_quan có thẩm_quyền cấp giấy_phép đầu_tư quyết_định cụ_thể đối_với dự_án có vốn đầu_tư nước_ngoài , nhưng phải được sự đồng_ý của Bộ Tài_chính . 

Điều 12 .  Thu_nhập mà nhà đầu_tư nước_ngoài thu được do đầu_tư tại Việt_Nam ( kể_cả số thuế_thu_nhập được hoàn lại và số thu_nhập thu được do chuyển_nhượng vốn ) nếu chuyển ra nước_ngoài hoặc được giữ lại ngoài Việt_Nam đều phải chịu thuế chuyển thu_nhập ra nước_ngoài . 

Thuế_suất thuế chuyển thu_nhập ra nước_ngoài áp_dụng như sau : 

a ) Mức 5 % áp_dụng đối_với nhà đầu_tư nước_ngoài góp vốn pháp_định hoặc vốn để hợp_doanh từ 10 triệu USD trở lên và người Việt_Nam định_cư ở nước_ngoài đầu_tư về nước ; 

b ) Mức 7 % áp_dụng đối_với nhà đầu_tư nước_ngoài góp vốn pháp_định hoặc vốn để hợp_doanh từ 5 triệu USD đến dưới 10 triệu USD ; 

c ) Mức 10 % áp_dụng đối_với nhà đầu_tư nước_ngoài góp vốn pháp_định hoặc vốn để hợp_doanh dưới 5 triệu USD . 

I 

ĐĂNG_KÝ , KÊ_KHAI , NỘP THUẾ , QUYẾT_TOÁN THUẾ 

Điều 13 . Cơ_sở kinh_doanh có trách_nhiệm đăng_ký thuế_thu_nhập doanh_nghiệp cùng với việc đăng_ký nộp thuế giá_trị gia_tăng . Thủ_tục đăng_ký thuế theo <NĐ rel="Reference"> Nghị_định số 28/1998/NĐ-CP ngày 11 tháng 5 năm 1998 </NĐ> của Chính_phủ hướng_dẫn chi_tiết thi_hành <L rel="Others"> Luật thuế giá_trị gia_tăng </L> .
Điều 14 .  Cơ_sở kinh_doanh có trách_nhiệm kê_khai và nộp tờ khai thuế tạm nộp cả năm cho cơ_quan thuế chậm nhất là ngày 25 của tháng 1 hàng năm .  Mẫu tờ khai thuế do Bộ Tài_chính quy_định .  Nếu việc kê_khai thuế tạm nộp cả năm của cơ_sở kinh_doanh không có căn_cứ thì cơ_quan thuế có quyền ấn_định số thuế tạm nộp từng quý và cả năm . 

Điều 15 .  Việc điều_chỉnh số thuế_thu_nhập tạm nộp hàng quý và cả năm chỉ trong trường_hợp có sự thay_đổi lớn về sản_xuất , kinh_doanh .  Cơ_quan thuế nhận được đề_nghị điều_chỉnh số thuế tạm nộp hàng quý và cả năm của cơ_sở kinh_doanh , phải xem_xét nếu đúng có sự thay_đổi lớn về sản_xuất , kinh_doanh , về số thuế_thu_nhập tạm nộp , phải thông_báo để điều_chỉnh lại số tạm nộp cho phù_hợp . 

Điều 16 . Tổng_cục Thuế hướng_dẫn việc kê_khai khoán doanh_thu và tỷ_lệ thu_nhập chịu thuế áp_dụng trên doanh_thu đối_với cơ_sở kinh_doanh chưa thực_hiện đúng chế_độ kế_toán , hóa_đơn , chứng_từ theo khoản 2 Điều 12 <L rel="Reference"> Luật thuế_thu_nhập doanh_nghiệp </L> , phù_hợp với từng ngành_nghề kinh_doanh , giữa các huyện trong cùng tỉnh , thành_phố và giữa các huyện giáp_ranh của hai tỉnh , thành_phố .
Điều 17 .  Việc nộp thuế_thu_nhập doanh_nghiệp được quy_định như sau : 

1 . Cơ_sở kinh_doanh tạm nộp số thuế hàng quý đầy_đủ , đúng hạn vào ngân_sách nhà_nước theo thông_báo nộp thuế của cơ_quan thuế .  Thời_hạn nộp thuế được ghi trong thông_báo chậm nhất không quá ngày cuối quý . 

2 . Cơ_sở kinh_doanh chưa thực_hiện đúng chế_độ kế_toán , hóa_đơn , chứng_từ thì tính thuế_theo tỷ_lệ thu_nhập chịu thuế trên doanh_thu , phải nộp thuế hàng tháng theo thông_báo của cơ_quan thuế .  Thời_hạn nộp thuế của tháng được ghi trong thông_báo chậm nhất không quá ngày 25 của tháng tiếp_theo . 

3 . Cơ_sở kinh_doanh buôn_chuyến phải kê_khai và nộp thuế theo từng chuyến hàng với cơ_quan thuế_nơi mua hàng trước khi vận_chuyển hàng đi . 

4 . Tổ_chức , cá_nhân nước_ngoài kinh_doanh không có cơ_sở thường_trú tại Việt_Nam nhưng có thu_nhập phát_sinh ở Việt_Nam thì tổ_chức , cá_nhân ở Việt_Nam chi_trả thu_nhập có trách_nhiệm khấu_trừ tiền thuế theo hướng_dẫn của Bộ Tài_chính và nộp vào ngân_sách nhà_nước cùng thời_điểm chuyển trả tiền cho tổ_chức , cá_nhân nước_ngoài . 

Điều 18 .  Thuế_thu_nhập doanh_nghiệp được tính và nộp bằng đồng Việt_Nam . 

Điều 19 .  Cơ_sở kinh_doanh phải quyết_toán thuế_thu_nhập doanh_nghiệp hàng năm với cơ_quan thuế theo mẫu do Bộ Tài_chính quy_định . 

1 . Doanh_thu . 

2 . Chi_phí hợp_lý . 

3 . Thu_nhập chịu thuế . 

4 . Số thuế_thu_nhập phải nộp . 

5 . Số thuế_thu_nhập đã tạm nộp trong năm . 

6 . Số thuế_thu_nhập đã nộp ở nước_ngoài cho các khoản thu_nhập nhận được từ nước_ngoài . 

7 . Số thuế_thu_nhập nộp thiếu hoặc nộp thừa . 

Điều 20 .  Cơ_sở kinh_doanh phải nộp báo_cáo quyết_toán thuế cho cơ_quan thuế trong thời_hạn 60 ngày , kể từ ngày kết_thúc năm dương_lịch hoặc năm tài_chính ;  nộp đầy_đủ số thuế_còn thiếu theo báo_cáo quyết_toán trong thời_hạn 10 ngày , kể từ ngày nộp báo_cáo quyết_toán ;  nếu nộp thừa được trừ vào số thuế phải nộp của kỳ tiếp_theo . 

Điều 21 .  Trường_hợp sáp_nhập , hợp_nhất , chia tách , giải_thể , phá_sản , cơ_sở kinh_doanh vẫn phải thực_hiện quyết_toán thuế với cơ_quan thuế và gửi báo_cáo quyết_toán trong thời_hạn 45 ngày , kể từ ngày có quyết_định sáp_nhập , hợp_nhất , chia , tách , giải_thể , phá_sản . 

Điều 22 .  Sau khi nhận được báo_cáo quyết_toán thuế , cơ_quan thuế phải xem_xét kiểm_tra .  Trong trường_hợp cần_thiết , được phép tiến_hành kiểm_tra tại cơ_sở kinh_doanh .  Kết_thúc kiểm_tra phải có biên_bản và kiến_nghị biện_pháp xử_lý . 

Cơ_sở kinh_doanh có trách_nhiệm thực_hiện theo biên_bản kiểm_tra của cơ_quan thuế . 

Điều 23 .  Trong quá_trình kiểm_tra quyết_toán thuế , nếu phát_hiện giá mua , giá bán , chi_phí kinh_doanh của cơ_sở kinh_doanh không hợp_lý , cơ_quan thuế có quyền xác_định lại theo giá thị_trường trong và ngoài nước để bảo_đảm thu đúng , thu đủ thuế_thu_nhập doanh_nghiệp . 

Điều 24 .  Cơ_quan thuế có những nhiệm_vụ , quyền_hạn , trách_nhiệm sau đây : 

1 . Hướng_dẫn cơ_sở kinh_doanh thực_hiện kê_khai , nộp thuế theo đúng quy_định của <L rel="Reference"> Luật thuế_thu_nhập doanh_nghiệp </L> .
2 . Thông_báo cho cơ_sở kinh_doanh về số thuế phải nộp và thời_hạn nộp thuế theo đúng quy_định . Nếu quá thời_hạn nộp thuế_ghi trên thông_báo mà cơ_sở kinh_doanh chưa nộp thì tiếp_tục ra thông_báo về số thuế và số tiền phạt chậm nộp ; nếu cơ_sở kinh_doanh vẫn không nộp đủ số thuế , số tiền phạt theo thông_báo thì có quyền áp_dụng hoặc đề_nghị cơ_quan có thẩm_quyền áp_dụng các biện_pháp xử_lý quy_định tại khoản 4 Điều 24 của <L rel="Reference"> Luật thuế_thu_nhập doanh_nghiệp </L> để bảo_đảm thu đủ số thuế , số tiền phạt ; nếu đã thực_hiện các biện_pháp xử_lý trên mà cơ_sở kinh_doanh vẫn không nộp đủ số thuế , số tiền phạt thì chuyển hồ_sơ sang cơ_quan nhà_nước có thẩm_quyền để xử_lý theo quy_định của pháp_luật .
3 . Kiểm_tra , thanh_tra việc kê_khai , nộp thuế , quyết_toán thuế của cơ_sở kinh_doanh . 

4 . Xử_lý vi_phạm hành_chính về thuế và giải_quyết khiếu_nại về thuế . 

5 . Yêu_cầu cơ_sở kinh_doanh cung_cấp sổ kế_toán , hóa_đơn , chứng_từ và hồ_sơ tài_liệu khác có liên_quan tới việc tính thuế , nộp thuế ;  yêu_cầu các tổ_chức tín_dụng , ngân_hàng và tổ_chức , cá_nhân khác cung_cấp tài_liệu có liên_quan đến việc tính thuế , nộp thuế . 

6 . Lưu_giữ và sử_dụng số_liệu , tài_liệu mà cơ_sở kinh_doanh và đối_tượng khác cung_cấp theo chế_độ quy_định . 

Điều 25 .  Cơ_quan thuế có quyền ấn_định thu_nhập chịu thuế để tính thuế đối_với cơ_sở kinh_doanh trong các trường_hợp sau : 

1 . Không thực_hiện hoặc thực_hiện không đúng chế_độ kế_toán , hóa_đơn , chứng_từ . 

2 . Không kê_khai hoặc kê_khai không đúng các căn_cứ để tính thuế hoặc không chứng_minh được các căn_cứ đã ghi trong tờ khai theo yêu_cầu của cơ_quan thuế . 

3 . Từ_chối việc xuất_trình sổ kế_toán , hóa_đơn , chứng_từ và các tài_liệu cần_thiết liên_quan đến việc tính thuế . 

4 . Kinh_doanh không có đăng_ký kinh_doanh mà bị phát_hiện . 

Cơ_quan thuế căn_cứ vào tài_liệu điều_tra về tình_hình hoạt_động kinh_doanh của cơ_sở kinh_doanh hoặc căn_cứ vào thu_nhập chịu thuế của cơ_sở kinh_doanh cùng ngành_nghề , có quy_mô kinh_doanh tương_đương để ấn_định thu_nhập chịu thuế . 

Trong trường_hợp cơ_sở kinh_doanh không đồng_ý với mức ấn_định thu_nhập chịu thuế thì có quyền khiếu_nại lên cơ_quan thuế cấp trên trực_tiếp ;  trong khi chờ giải_quyết cơ_sở kinh_doanh vẫn phải nộp thuế theo mức thuế đã ấn_định . 

CHƯƠNG IV 

MIỄN THUẾ , GIẢM THUẾ THU_NHẬP DOANH_NGHIỆP 

Điều 26 .  Cơ_sở sản_xuất trong nước mới thành_lập được miễn thuế_thu_nhập doanh_nghiệp 2 năm đầu , kể từ khi có thu_nhập chịu thuế và được giảm 50 % số thuế_thu_nhập doanh_nghiệp phải nộp trong thời_gian 2 năm tiếp_theo .  Trường_hợp cơ_sở sản_xuất thành_lập ở miền núi , hải_đảo và vùng có khó_khăn khác thời_gian giảm thuế được kéo_dài thêm 2 năm nữa . 

Điều 27 .  Cơ_sở sản_xuất mới thành_lập thuộc lĩnh_vực , ngành_nghề được ưu_đãi đầu_tư theo quy_định của Chính_phủ được miễn thuế , giảm thuế như sau : 

1 . Đầu_tư ở những huyện ngoài vùng miền núi , hải_đảo và các vùng có khó_khăn khác được miễn thuế_thu_nhập 2 năm đầu , kể từ khi có thu_nhập chịu thuế và được giảm 50 % số thuế_thu_nhập phải nộp trong thời_hạn 3 năm tiếp_theo . 

2 . Đầu_tư ở những huyện thuộc vùng dân_tộc_thiểu_số ở miền núi cao được miễn thuế_thu_nhập trong thời_hạn 4 năm đầu , kể từ khi có thu_nhập chịu thuế và được giảm 50 % số thuế_thu_nhập phải nộp trong thời_hạn 9 năm tiếp_theo . 

3 . Đầu_tư ở những huyện thuộc vùng dân_tộc_thiểu_số , miền núi và hải_đảo được miễn thuế_thu_nhập trong thời_hạn 4 năm đầu , kể từ khi có thu_nhập chịu thuế và được giảm 50 % số thuế_thu_nhập phải nộp trong thời_hạn 7 năm tiếp_theo . 

4 . Đầu_tư ở những vùng khó_khăn được miễn thuế_thu_nhập trong thời_hạn 3 năm đầu , kể từ khi có thu_nhập chịu thuế và được giảm 50 % số thuế_thu_nhập phải nộp trong thời_hạn 5 năm tiếp_theo . 

Điều 28 .  Cơ_sở kinh_doanh , dịch_vụ mới thành_lập thuộc ngành_nghề được ưu_đãi đầu_tư theo quy_định của Chính_phủ được miễn thuế , giảm thuế như sau : 

1 . Đầu_tư ở những huyện ngoài vùng dân_tộc_thiểu_số , miền núi , hải_đảo và các vùng có khó_khăn khác được giảm 50 % số thuế_thu_nhập phải nộp trong 2 năm đầu , kể từ khi có thu_nhập chịu thuế . 

2 . Đầu_tư ở những huyện thuộc vùng dân_tộc_thiểu_số ở miền núi cao được miễn thuế_thu_nhập trong thời_hạn 2 năm đầu , kể từ khi có thu_nhập chịu thuế và được giảm 50 % số thuế_thu_nhập phải nộp trong thời_hạn 5 năm tiếp_theo . 

3 . Đầu_tư ở những huyện thuộc vùng dân_tộc_thiểu_số , miền núi và hải_đảo được miễn thuế_thu_nhập trong thời_hạn 2 năm đầu , kể từ khi có thu_nhập chịu thuế và được giảm 50 % số thuế_thu_nhập phải nộp trong thời_hạn 4 năm tiếp_theo . 

4 . Đầu_tư ở những vùng khó_khăn được miễn thuế_thu_nhập trong thời_hạn 1 năm đầu , kể từ khi có thu_nhập chịu thuế và được giảm 50 % số thuế_thu_nhập phải nộp trong thời_hạn 3 năm tiếp_theo . 

Điều 29 .  Cơ_sở sản_xuất trong nước đầu_tư xây_dựng dây_chuyền sản_xuất mới , mở_rộng quy_mô , đổi_mới công_nghệ , cải_thiện môi_trường sinh_thái , nâng cao năng_lực sản_xuất được miễn thuế_thu_nhập doanh_nghiệp cho phần thu_nhập tăng thêm của năm đầu và giảm 50 % số thuế_thu_nhập phải nộp 2 năm tiếp_theo do đầu_tư mới mang lại . 

Bộ Tài_chính hướng_dẫn cách xác_định phần thu_nhập tăng thêm do đầu_tư mới mang lại được miễn thuế , giảm thuế . 

Điều 30 .  Cơ_sở kinh_doanh trong nước di_chuyển đến miền núi , hải_đảo và vùng có khó_khăn khác được miễn thuế_thu_nhập doanh_nghiệp 3 năm đầu , kể từ khi có thu_nhập chịu thuế . 

Điều 31 .  Miễn thuế_thu_nhập doanh_nghiệp cho phần thu_nhập của các cơ_sở kinh_doanh trong nước như sau : 

1 . Phần_thu_nhập từ việc thực_hiện các hợp_đồng nghiên_cứu khoa_học . 

2 . Phần_thu_nhập từ việc thực_hiện các hợp_đồng dịch_vụ kỹ_thuật trực_tiếp phục_vụ nông_nghiệp . 

3 . Phần_thu_nhập từ hoạt_động_sản_xuất , kinh_doanh , dịch_vụ của cơ_sở kinh_doanh dành riêng cho lao_động là người tàn_tật . 

4 . Phần_thu_nhập từ hoạt_động dạy nghề dành riêng cho người tàn_tật , dân_tộc_thiểu_số , trẻ_em có hoàn_cảnh đặc_biệt khó_khăn , đối_tượng tệ_nạn xã_hội . 

5 . Hộ cá_thể sản_xuất kinh_doanh , dịch_vụ có thu_nhập bình_quân tháng trong năm dưới mức lương tối_thiểu do Nhà_nước quy_định đối_với công_chức Nhà_nước . 

Điều 32 . Việc miễn thuế , giảm thuế_thu_nhập doanh_nghiệp đối_với doanh_nghiệp có vốn đầu_tư nước_ngoài và Bên nước_ngoài tham_gia hợp_đồng hợp_tác kinh_doanh theo <L rel="Reference"> Luật đầu_tư nước_ngoài tại Việt_Nam </L> áp_dụng như sau :
1 . Các dự_án ghi tại khoản 2 Điều 10 của Nghị_định này được miễn thuế_thu_nhập trong 1 năm đầu , kể từ khi có thu_nhập chịu thuế và giảm 50 % số thuế_thu_nhập phải nộp trong 2 năm tiếp_theo . 

2 . Các dự_án ghi tại khoản 3 Điều 10 của Nghị_định này được miễn thuế_thu_nhập trong thời_hạn 2 năm đầu , kể từ khi có thu_nhập chịu thuế và giảm 50 % số thuế_thu_nhập phải nộp trong 3 năm tiếp_theo . 

3 . Các dự_án ghi tại khoản 4 Điều 10 của Nghị_định này được miễn thuế_thu_nhập trong 4 năm đầu , kể từ khi có thu_nhập chịu thuế và giảm 50 % số thuế_thu_nhập phải nộp trong 4 năm tiếp_theo . 

4 . Các dự_án trồng rừng và các dự_án xây_dựng công_trình kết_cấu_hạ_tầng tại miền núi , hải_đảo và các dự_án khác đặc_biệt khuyến_khích đầu_tư được miễn thuế_thu_nhập trong thời_hạn 8 năm , kể từ khi có thu_nhập chịu thuế . 

5 . Việc miễn thuế , giảm thuế_thu_nhập trên đây không áp_dụng đối_với các dự_án khách_sạn ( trừ trường_hợp đầu_tư vào miền núi , hải_đảo và vùng có khó_khăn hoặc chuyển_giao không bồi_hoàn tài_sản cho Nhà_nước Việt_Nam sau khi kết_thúc thời_gian hoạt_động ) , các dự_án đầu_tư vào lĩnh_vực tài_chính , ngân_hàng , bảo_hiểm , cung_cấp dịch_vụ , thương_mại . 

Điều 33 .  Miễn thuế , giảm thuế_thu_nhập doanh_nghiệp cho các nhà đầu_tư nước_ngoài trong các trường_hợp sau : 

1 . Người Việt_Nam định_cư ở nước_ngoài đầu_tư về nước theo <L rel="Reference"> Luật đầu_tư nước_ngoài tại Việt_Nam </L> được giảm 20 % số thuế_thu_nhập phải nộp , trừ trường_hợp được hưởng mức thuế_suất thuế_thu_nhập là 10 % .
2 . Bằng sáng_chế , bí_quyết kỹ_thuật , quy_trình công_nghệ , dịch_vụ kỹ_thuật dùng để góp vốn pháp_định . 

3 . Miễn thuế_thu_nhập doanh_nghiệp cho các nhà đầu_tư nước_ngoài trong trường_hợp chuyển_nhượng phần vốn góp cho các doanh_nghiệp nhà_nước hoặc các doanh_nghiệp mà nhà_nước nắm cổ_phần chi_phối .  Giảm 50 % thuế_thu_nhập doanh_nghiệp cho các nhà đầu_tư nước_ngoài chuyển_nhượng phần vốn góp cho các doanh_nghiệp Việt_Nam khác . 

Điều 34 . 

1 . Nhà_đầu_tư nước_ngoài dùng thu_nhập được chia để tái_đầu_tư được hoàn lại số thuế_thu_nhập doanh_nghiệp đã nộp của số thu_nhập tái_đầu_tư , nếu đáp_ứng các điều_kiện sau : 

Tái_đầu_tư vào các dự_án thuộc lĩnh_vực khuyến_khích đầu_tư nêu tại Điều 10 của Nghị_định này ; 

Vốn tái_đầu_tư được sử_dụng 3 năm trở lên . 

Đã góp đủ vốn pháp_định ghi trong giấy_phép đầu_tư . 

2 . Mức hoàn thuế_thu_nhập do tái_đầu_tư như sau : 

100 % đối_với các dự_án quy_định tại khoản 4 Điều 10 của Nghị_định này . 

75 % đối_với các dự_án quy_định tại khoản 3 Điều 10 của Nghị_định này . 

50 % đối_với các dự_án quy_định tại khoản 2 Điều 10 của Nghị_định này . 

3 . Bộ Tài_chính quy_định thủ_tục , hồ_sơ để xét hoàn thuế_thu_nhập và quyết_định hoàn thuế_thu_nhập . 

Điều 35 .  Cơ_sở kinh_doanh trong nước và doanh_nghiệp có vốn đầu_tư nước_ngoài hoạt_động trong lĩnh_vực sản_xuất , xây_dựng , vận_tải sử_dụng từ 10 đến 100 lao_động nữ và số lao_động nữ chiếm trên 50 % tổng_số lao_động có_mặt thường_xuyên hoặc sử_dụng thường_xuyên trên 100 lao_động nữ chiếm trên 30 % tổng_số lao_động thường_xuyên của doanh_nghiệp được giảm thuế_thu_nhập bằng mức chi_phí tăng thêm cho lao_động nữ . 

Bộ Tài_chính quy_định chi_tiết các khoản chi_phí tăng thêm cho lao_động nữ quy_định tại Điều này . 

Điều 36 .  Việc miễn thuế , giảm thuế chỉ áp_dụng đối_với cơ_sở kinh_doanh đã thực_hiện đúng chế_độ kế_toán và nộp thuế theo kê_khai . 

Bộ Tài_chính hướng_dẫn thủ_tục xét miễn thuế , giảm thuế và quyết_định việc miễn thuế , giảm thuế đối_với cơ_sở kinh_doanh trong nước . 

Đối_với doanh_nghiệp có vốn đầu_tư nước_ngoài và Bên nước_ngoài tham_gia hợp_đồng hợp_tác kinh_doanh theo <L rel="Reference"> Luật đầu_tư nước_ngoài tại Việt_Nam </L> việc miễn thuế , giảm thuế được ghi trong giấy_phép đầu_tư do cơ_quan có thẩm_quyền cấp sau khi được sự thống_nhất của Bộ Tài_chính .
Điều 37 .  Cơ_sở kinh_doanh trong nước và doanh_nghiệp có vốn đầu_tư nước_ngoài sau khi quyết_toán với cơ_quan thuế mà bị lỗ thì được chuyển lỗ sang những năm sau , số lỗ này được trừ vào thu_nhập chịu thuế .  Thời_gian chuyển lỗ không quá 5 năm . 

CHƯƠNG_V 

XỬ_LÝ VI_PHẠM 

Điều 38 . Đối_tượng nộp thuế , cán_bộ thuế và cá_nhân khác vi_phạm <L rel="Reference"> Luật thuế_thu_nhập doanh_nghiệp </L> thì tùy theo hành_vi , mức_độ vi_phạm mà bị xử_lý theo Điều 24 , Điều 26 của <L rel="Reference"> Luật thuế_thu_nhập doanh_nghiệp </L> và các văn_bản pháp_luật khác về xử_lý vi_phạm hành_chính trong lĩnh_vực thuế .
Điều 39 . Cơ_quan thuế , cán_bộ thuế hoàn_thành tốt nhiệm_vụ được giao ; tổ_chức , cá_nhân có thành_tích trong việc thực_hiện <L rel="Reference"> Luật thuế_thu_nhập doanh_nghiệp </L> ; đối_tượng nộp thuế thực_hiện tốt nghĩa_vụ nộp thuế được khen_thưởng theo quy_định của Chính_phủ .
I 

TỔ_CHỨC THỰC_HIỆN 

Điều 40 .  Nghị_định này có hiệu_lực thi_hành từ ngày 1 tháng 1 năm 1999 . 

I 

Việc giải_quyết những tồn_tại về thuế_lợi_tức trước ngày 1 tháng 1 năm 1999 được thực_hiện theo quy_định của <L rel="Reference"> Luật thuế_lợi_tức </L> , <L rel="Reference"> Luật sửa_đổi , bổ_sung một_số Điều của <L rel="Others"> Luật thuế_lợi_tức </L> </L> và các quy_định về thuế_lợi_tức trong các văn_bản quy_phạm pháp_luật khác .
Điều 41 .  Bộ_trưởng Bộ Tài_chính hướng_dẫn thi_hành Nghị_định này . 

I 

Các Bộ_trưởng , Thủ_trưởng cơ_quan ngang Bộ , cơ_quan thuộc Chính_phủ , Chủ_tịch Ủy_ban Nhân_dân tỉnh , thành_phố trực_thuộc Trung_ương chịu trách_nhiệm thi_hành Nghị_định này ./. 