Nghị định Quy định về kiểm định chất lượng giáo dục nghề nghiệp

Căn_cứ <L rel="Pursuant"> Luật tổ_chức Chính_phủ ngày 19 tháng 6 năm 2015 </L> ;
Căn_cứ <L rel="Pursuant"> Luật đầu_tư ngày 26 tháng 11 năm 2014 </L> và <L rel="Pursuant"> Luật sửa_đổi , bổ_sung Điều 6 và Phụ_lục 4 về Danh_mục ngành , nghề đầu_tư kinh_doanh có điều_kiện của <L rel="Others"> Luật đầu_tư </L> ngày 22 tháng 11 năm 2016 </L> ;
Căn_cứ <L rel="Pursuant"> Luật doanh_nghiệp ngày 26 tháng 11 năm 2014 </L> ;
Căn_cứ <L rel="Pursuant"> Luật giáo_dục nghề_nghiệp ngày 21 tháng 11 năm 2014 </L> ;
Căn_cứ <L rel="Pursuant"> Luật ban_hành_văn_bản quy_phạm pháp_luật ngày 22 tháng 6 năm 2015 </L> ;
Điều 1 .  Phạm_vi điều_chỉnh 

1 . Nghị_định này quy_định về kiểm_định chất_lượng giáo_dục nghề_nghiệp , bao_gồm : 

a ) Điều_kiện , thủ_tục , thẩm_quyền cấp , cấp lại , thu_hồi giấy chứng_nhận đủ điều_kiện hoạt_động kiểm_định chất_lượng giáo_dục nghề_nghiệp ( sau đây gọi là Giấy chứng_nhận đủ điều_kiện hoạt_động kiểm_định ) ;  đình_chỉ hoạt_động kiểm_định chất_lượng giáo_dục nghề_nghiệp ;  chức_năng , nhiệm_vụ , trách_nhiệm và quyền_hạn của tổ_chức kiểm_định chất_lượng giáo_dục nghề_nghiệp ( sau đây gọi là tổ_chức kiểm_định ) ; 

b ) Tiêu_chuẩn , nhiệm_vụ , quyền_hạn của kiểm_định viên chất_lượng giáo_dục nghề_nghiệp ( sau đây gọi là kiểm_định viên ) ;  cấp , cấp lại , thu_hồi thẻ kiểm_định viên chất_lượng giáo_dục nghề_nghiệp ( sau đây gọi là thẻ kiểm_định viên ) ; 

c ) Cấp , thu_hồi giấy chứng_nhận đạt tiêu_chuẩn kiểm_định chất_lượng giáo_dục nghề_nghiệp ( sau đây gọi là Giấy chứng_nhận đạt tiêu_chuẩn kiểm_định ) . 

2 . Nghị_định này không áp_dụng đối_với : 

a ) Cấp , thu_hồi Giấy chứng_nhận đạt tiêu_chuẩn kiểm_định đối_với trường trung_cấp sư_phạm , trường cao_đẳng sư_phạm , phân_hiệu trường trung_cấp sư_phạm , phân_hiệu trường cao_đẳng sư_phạm ; 

b ) Cấp , thu_hồi Giấy chứng_nhận đạt tiêu_chuẩn kiểm_định chất_lượng chương_trình đào_tạo đối_với nhóm ngành đào_tạo giáo_viên thuộc thẩm_quyền quản_lý nhà_nước của Bộ Giáo_dục và Đào_tạo . 

Điều 2 .  Đối_tượng áp_dụng 

1 . Cơ_sở giáo_dục nghề_nghiệp . 

2 . Cơ_sở giáo_dục đại_học , doanh_nghiệp có đăng_ký hoạt_động giáo_dục nghề_nghiệp ( sau đây gọi là cơ_sở hoạt_động giáo_dục nghề_nghiệp ) . 

3 . Tổ_chức kiểm_định chất_lượng giáo_dục nghề_nghiệp . 

4 . Cơ_quan , tổ_chức , cá_nhân có liên_quan đến các nội_dung quy_định tại Điều 1 Nghị_định này . 

Điều 3 .  Giải_thích từ_ngữ 

1 . Kiểm_định chất_lượng giáo_dục nghề_nghiệp là hoạt_động đánh_giá và công_nhận mức_độ cơ_sở giáo_dục nghề_nghiệp hoặc chương_trình đào_tạo các trình_độ giáo_dục nghề_nghiệp đạt tiêu_chuẩn kiểm_định chất_lượng giáo_dục nghề_nghiệp theo quy_định của Bộ Lao_động-Thương_binh và Xã_hội . 

2 . Kiểm_định viên là người có đủ tiêu_chuẩn theo quy_định tại Điều 13 và được cấp thẻ kiểm_định viên theo quy_định tại Điều 18 Nghị_định này . 

3 . Đánh_giá ngoài là quá_trình khảo_sát , đánh_giá của tổ_chức kiểm_định để xác_định mức_độ cơ_sở giáo_dục nghề_nghiệp hoặc chương_trình đào_tạo các trình_độ giáo_dục nghề_nghiệp đạt tiêu_chuẩn kiểm_định chất_lượng giáo_dục nghề_nghiệp theo quy_định của Bộ Lao_động-Thương_binh và Xã_hội . 

Chương_II 

ĐIỀU_KIỆN , THỦ_TỤC , THẨM_QUYỀN CẤP , CẤP LẠI , THU_HỒI GIẤY CHỨNG_NHẬN ĐỦ ĐIỀU_KIỆN HOẠT_ĐỘNG KIỂM_ĐỊNH CHẤT_LƯỢNG GIÁO_DỤC NGHỀ_NGHIỆP ;  ĐÌNH_CHỈ HOẠT_ĐỘNG KIỂM_ĐỊNH CHẤT_LƯỢNG GIÁO_DỤC NGHỀ_NGHIỆP ;  CHỨC_NĂNG , NHIỆM_VỤ , TRÁCH_NHIỆM VÀ QUYỀN_HẠN CỦA TỔ_CHỨC KIỂM_ĐỊNH CHẤT_LƯỢNG GIÁO_DỤC NGHỀ_NGHIỆP 

Mục 1 .  ĐIỀU_KIỆN CẤP GIẤY CHỨNG_NHẬN ĐỦ ĐIỀU_KIỆN HOẠT_ĐỘNG KIỂM_ĐỊNH CHẤT_LƯỢNG GIÁO_DỤC NGHỀ_NGHIỆP 

Điều 4 .  Điều_kiện cấp Giấy chứng_nhận đủ điều_kiện hoạt_động kiểm_định chất_lượng giáo_dục nghề_nghiệp đối_với tổ_chức trong nước là đơn_vị sự_nghiệp , doanh_nghiệp 

1 . Được thành_lập và hoạt_động theo quy_định của pháp_luật Việt_Nam . 

2 . Có trụ_sở ổn_định trong thời_gian ít_nhất 2 năm ;  có đủ phòng làm_việc cho kiểm_định viên với diện_tích tối_thiểu là 8 m2/người ;  có đủ trang_thiết_bị phục_vụ hoạt_động kiểm_định chất_lượng giáo_dục nghề_nghiệp . 

3 . Người trực_tiếp phụ_trách hoạt_động kiểm_định chất_lượng giáo_dục nghề_nghiệp đáp_ứng yêu_cầu theo quy_định tại Điều 6 Nghị_định này . 

4 . Có ít_nhất 10 kiểm_định viên làm_việc toàn thời_gian theo hợp_đồng lao_động hoặc hợp_đồng làm_việc tối_thiểu từ 12 tháng trở lên cho tổ_chức kiểm_định . 

5 . Có trang thông_tin điện_tử của tổ_chức kiểm , định trong đó có nội_dung , cơ_sở dữ_liệu phục_vụ hoạt_động kiểm_định chất_lượng giáo_dục nghề_nghiệp . 

Điều 5 .  Điều_kiện cấp Giấy chứng_nhận đủ điều_kiện hoạt_động kiểm_định chất_lượng giáo_dục nghề_nghiệp đối_với tổ_chức nước_ngoài 

1 . Đáp_ứng các điều_kiện quy_định tại Điều 4 Nghị_định này . 

2 . Có thời_gian hoạt_động trong lĩnh_vực giáo_dục , giáo_dục nghề_nghiệp , kiểm_định chất_lượng giáo_dục , kiểm_định chất_lượng giáo_dục nghề_nghiệp ít_nhất là 5 năm liên_tục tính đến thời_điểm đề_nghị cấp Giấy chứng_nhận đủ điều_kiện hoạt_động kiểm_định . 

Điều 6 .  Điều_kiện đối_với người trực_tiếp phụ_trách hoạt_động kiểm_định chất_lượng giáo_dục nghề_nghiệp của tổ_chức kiểm_định 

1 . Là người đứng đầu hoặc cấp phó của người đứng đầu của tổ_chức kiểm_định là đơn_vị sự_nghiệp ;  tổng_giám_đốc hoặc phó_tổng_giám_đốc ;  giám_đốc hoặc phó_giám_đốc của tổ_chức kiểm_định là doanh_nghiệp . 

2 . Có năng_lực hành_vi dân_sự đầy_đủ ;  không có án tích , có phiếu lý_lịch tư_pháp theo quy_định đối_với công_dân Việt_Nam , có giấy_tờ chứng_minh không phải là người phạm_tội hoặc bị truy_cứu trách_nhiệm hình_sự theo quy_định của pháp_luật nước_ngoài đối_với công_dân nước_ngoài . 

3 . Có thẻ kiểm_định viên còn thời_hạn sử_dụng . 

Mục 2 .  THỦ_TỤC , THẨM_QUYỀN CẤP , CẤP LẠI , THU_HỒI GIẤY CHỨNG_NHẬN ĐỦ ĐIỀU_KIỆN HOẠT_ĐỘNG KIỂM_ĐỊNH CHẤT_LƯỢNG GIÁO_DỤC NGHỀ_NGHIỆP ;  ĐÌNH_CHỈ HOẠT_ĐỘNG KIỂM_ĐỊNH CHẤT_LƯỢNG GIÁO_DỤC NGHỀ_NGHIỆP 

Điều 7 .  Thẩm_quyền cấp , cấp lại và thu_hồi Giấy chứng_nhận đủ điều_kiện hoạt_động kiểm_định chất_lượng giáo_dục nghề_nghiệp ;  đình_chỉ hoạt_động kiểm_định chất_lượng giáo_dục nghề_nghiệp 

Bộ_trưởng Bộ Lao_động-Thương_binh và Xã_hội cấp , cấp lại , và thu_hồi Giấy chứng_nhận đủ điều_kiện hoạt_động kiểm_định , đình_chỉ hoạt_động kiểm_định chất_lượng giáo_dục nghề_nghiệp . 

Điều 8 .  Thủ_tục cấp , cấp lại Giấy chứng_nhận đủ điều_kiện hoạt_động kiểm_định chất_lượng giáo_dục nghề_nghiệp 

1 . Hồ_sơ đề_nghị cấp Giấy chứng_nhận đủ điều_kiện hoạt_động kiểm_định đối_với tổ_chức trong nước là 01 bộ , bao_gồm : 

a ) Đơn đề_nghị cấp Giấy chứng_nhận đủ điều_kiện hoạt_động kiểm_định ( Mẫu_số 01 quy_định tại Phụ_lục kèm theo Nghị_định này ) ; 

b ) Bản_sao Quyết_định thành_lập đối_với đơn_vị sự_nghiệp hoặc bản_sao Giấy chứng_nhận đăng_ký doanh_nghiệp đối_với doanh_nghiệp ; 

c ) Tài_liệu về người trực_tiếp phụ_trách hoạt_động kiểm_định chất_lượng giáo_dục nghề_nghiệp của tổ_chức kiểm_định : Quyết_định bổ_nhiệm người trực_tiếp phụ_trách hoạt_động kiểm_định chất_lượng giáo_dục nghề_nghiệp và các giấy_tờ theo quy_định tại khoản 2 , khoản 3 Điều 6 Nghị_định này ; 

d ) Tài_liệu về kiểm_định viên của tổ_chức kiểm_định : Bản_sao thẻ kiểm_định viên ;  bản_sao các hợp_đồng lao_động hoặc hợp_đồng làm_việc ký_kết giữa tổ_chức kiểm_định và kiểm_định viên ; 

đ ) Bản_sao giấy chứng_nhận quyền sở_hữu đất , sở_hữu nhà nếu là nhà của đơn_vị sự_nghiệp theo quyết_định thành_lập hoặc thuộc sở_hữu của người đứng_tên đăng_ký kinh_doanh hoặc bản_sao hợp_đồng thuê nhà hoặc thuê đất đối_với trường_hợp tổ_chức kiểm_định thuê trụ_sở ; 

e ) Bản kê diện_tích phòng làm_việc và trang_thiết_bị phục_vụ hoạt_động kiểm_định chất_lượng giáo_dục nghề_nghiệp ; 

g ) Địa_chỉ trang thông_tin điện_tử của tổ_chức kiểm_định . 

2 . Hồ_sơ đề_nghị cấp Giấy chứng_nhận đủ điều_kiện hoạt_động kiểm_định đối_với tổ_chức nước_ngoài là 01 bộ , bao_gồm : 

a ) Các tài_liệu quy_định tại khoản 1 Điều này ; 

b ) Bản_sao Giấy chứng_nhận đăng_ký đầu_tư ; 

c ) Tài_liệu chứng_minh có hoạt_động trong lĩnh_vực giáo_dục , giáo_dục nghề_nghiệp , kiểm_định chất_lượng giáo_dục , kiểm_định chất_lượng giáo_dục nghề_nghiệp ít_nhất 5 năm liên_tục tính đến thời_điểm đề_nghị cấp Giấy chứng_nhận đủ điều_kiện hoạt_động kiểm_định , gồm : 

- Tóm_tắt quá_trình hình_thành và phát_triển trong lĩnh_vực giáo_dục , giáo_dục nghề_nghiệp , kiểm_định chất_lượng giáo_dục nghề_nghiệp của tổ_chức kiểm_định , trong đó nêu rõ các kết_quả đạt được và địa_chỉ đường_dẫn của các trang thông_tin điện_tử liên_quan ; 

- Giấy cho phép hoạt_động trong lĩnh_vực giáo_dục , giáo_dục nghề_nghiệp , kiểm_định chất_lượng giáo_dục nghề_nghiệp được nước sở_tại cấp hoặc hiệp_hội quốc_tế hợp_pháp cấp hoặc công_nhận . 

Các giấy_tờ , tài_liệu của nước_ngoài phải được hợp_pháp hóa_lãnh_sự tại Bộ Ngoại_giao Việt_Nam hoặc cơ_quan đại_diện ngoại_giao , cơ_quan lãnh_sự hoặc cơ_quan được ủy_quyền thực_hiện chức_năng lãnh_sự của Việt_Nam ở nước_ngoài , trừ trường_hợp được miễn hợp_pháp hóa_lãnh_sự theo quy_định của pháp_luật về hợp_pháp hóa_lãnh_sự . 

3 . Hồ_sơ đề_nghị cấp lại Giấy chứng_nhận đủ điều_kiện hoạt_động kiểm_định : 

a ) Trường_hợp sửa_đổi , bổ_sung Giấy chứng_nhận đủ điều_kiện hoạt_động kiểm_định , hồ_sơ đề_nghị bao_gồm : 

- Đơn đề_nghị cấp lại Giấy chứng_nhận đủ điều_kiện hoạt_động kiểm_định ( Mẫu_số 02 quy_định tại Phụ_lục kèm theo Nghị_định này ) ; 

- Giấy chứng_nhận đủ điều_kiện hoạt_động kiểm_định đã được cấp ; 

- Tài_liệu chứng_minh đủ điều_kiện hoạt_động kiểm_định chất_lượng giáo_dục nghề_nghiệp đối_với những nội_dung có sửa_đổi , bổ_sung . 

b ) Trường_hợp Giấy chứng_nhận đủ điều_kiện hoạt_động kiểm_định bị mất , hỏng : Đơn đề_nghị cấp lại Giấy chứng_nhận đủ điều_kiện hoạt_động kiểm_định ( Mẫu_số 02 quy_định tại Phụ_lục kèm theo Nghị_định này ) . 

4 . Thủ_tục cấp , cấp lại Giấy chứng_nhận đủ điều_kiện hoạt_động kiểm_định 

a ) Tổ_chức có nhu_cầu cấp , cấp lại Giấy chứng_nhận đủ điều_kiện hoạt_động kiểm_định gửi trực_tiếp hoặc qua bưu_điện 01 bộ hồ_sơ đăng_ký cấp , cấp lại Giấy chứng_nhận đủ điều_kiện hoạt_động kiểm_định đến Tổng_cục Giáo_dục nghề_nghiệp ; 

b ) Trong thời_hạn 20 ngày làm_việc kể từ ngày nhận đủ hồ_sơ hợp_lệ , căn_cứ vào các quy_định tại khoản 1 , khoản 2 , khoản 3 Điều này , Tổng_cục Giáo_dục nghề_nghiệp thẩm_định , trình Bộ_trưởng Bộ Lao_động-Thương_binh và Xã_hội quyết_định việc cấp , cấp lại Giấy chứng_nhận đủ điều_kiện hoạt_động kiểm_định .  Trường_hợp hồ_sơ không hợp_lệ , trong thời_hạn 05 ngày làm_việc kể từ ngày nhận được hồ_sơ , Tổng_cục Giáo_dục nghề_nghiệp có văn_bản trả_lời cho tổ_chức có nhu_cầu cấp , cấp lại Giấy chứng_nhận đủ điều_kiện hoạt_động kiểm_định và nêu rõ lý_do ; 

c ) Trong thời_hạn 10 ngày làm_việc , kể từ ngày nhận được hồ_sơ của Tổng_cục Giáo_dục nghề_nghiệp , Bộ_trưởng Bộ Lao_động-Thương_binh và Xã_hội cấp , cấp lại Giấy chứng_nhận đủ điều_kiện hoạt_động kiểm_định ( Mẫu_số 03 quy_định tại Phụ_lục kèm theo Nghị_định này ) ;  trường_hợp không cấp , cấp lại Giấy chứng_nhận đủ điều_kiện hoạt_động kiểm_định , Tổng_cục Giáo_dục nghề_nghiệp có văn_bản trả_lời cho tổ_chức có nhu_cầu cấp , cấp lại Giấy chứng_nhận đủ điều_kiện hoạt_động kiểm_định và nêu rõ lý_do ; 

d ) Trong thời_hạn 05 ngày làm_việc kể từ ngày cấp , cấp lại Giấy chứng_nhận đủ điều_kiện hoạt_động kiểm_định , Tổng_cục Giáo_dục nghề_nghiệp gửi bản_sao Giấy chứng_nhận đủ điều_kiện hoạt_động kiểm_định về Sở Lao_động-Thương_binh và Xã_hội nơi tổ_chức kiểm_định đặt trụ_sở để thực_hiện quản_lý theo địa_bàn .  Danh_sách tổ_chức kiểm_định được cấp , cấp lại Giấy chứng_nhận đủ điều_kiện hoạt_động kiểm_định được công_bố trên trang thông_tin điện_tử của Bộ Lao_động-Thương_binh và Xã_hội và Tổng_cục Giáo_dục nghề_nghiệp . 

Điều 9 .  Đình_chỉ hoạt_động kiểm_định chất_lượng giáo_dục nghề_nghiệp 

1 . Tổ_chức kiểm_định bị đình_chỉ hoạt_động kiểm_định chất_lượng giáo_dục nghề_nghiệp khi xảy ra một trong các trường_hợp sau đây : 

a ) Trong quá_trình hoạt_động , không duy_trì được một trong các điều_kiện quy_định tại Điều 4 , Điều 5 Nghị_định này ; 

b ) Thực_hiện hoạt_động kiểm_định chất_lượng giáo_dục nghề_nghiệp không khách_quan , không_trung_thực dẫn đến kết_quả kiểm_định chất_lượng giáo_dục nghề_nghiệp sai so với thực_tế . 

2 . Thời_hạn đình_chỉ : 

a ) Trường_hợp tổ_chức kiểm_định bị đình_chỉ hoạt_động kiểm_định chất_lượng giáo_dục nghề_nghiệp do nguyên_nhân nêu tại điểm a khoản 1 Điều này thì thời_hạn đình_chỉ hoạt_động tối_thiểu là 01 tháng cho đến khi các nguyên_nhân dẫn đến việc đình_chỉ hoạt_động được khắc_phục , thời_hạn tối_đa là 3 tháng ; 

b ) Trường_hợp tổ_chức kiểm_định bị đình_chỉ do nguyên_nhân nêu tại điểm b khoản 1 Điều này thì thời_hạn đình_chỉ hoạt_động là 03 tháng . 

3 . Thủ_tục đình_chỉ hoạt_động kiểm_định chất_lượng giáo_dục nghề_nghiệp : 

a ) Trong thời_hạn 10 ngày làm_việc , kể từ ngày nhận được kết_luận của cơ_quan có thẩm_quyền theo quy_định tại Điều 26 Nghị_định này về hành_vi vi_phạm của tổ_chức kiểm_định quy_định tại khoản 1 Điều này , Tổng_cục Giáo_dục nghề_nghiệp trình Bộ_trưởng Bộ Lao_động-Thương_binh và Xã_hội quyết_định đình_chỉ hoạt_động kiểm_định chất_lượng giáo_dục nghề_nghiệp ; 

b ) Quyết_định đình_chỉ hoạt_động kiểm_định chất_lượng giáo_dục nghề_nghiệp phải xác_định rõ lý_do , thời_hạn đình_chỉ ; 

c ) Trong thời_hạn 05 ngày làm_việc kể từ ngày ban_hành quyết_định đình_chỉ , Tổng_cục Giáo_dục nghề_nghiệp gửi bản_sao quyết_định đình_chỉ về Sở Lao_động-Thương_binh và Xã_hội nơi tổ_chức kiểm_định đặt trụ_sở để thực_hiện quản_lý theo địa_bàn .  Quyết_định đình_chỉ hoạt_động kiểm_định chất_lượng giáo_dục nghề_nghiệp được công_bố trên trang thông_tin điện_tử của Bộ Lao_động-Thương_binh và Xã_hội và Tổng_cục Giáo_dục nghề_nghiệp . 

4 . Thủ_tục cho phép tổ_chức kiểm_định tiếp_tục hoạt_động kiểm_định chất_lượng giáo_dục nghề_nghiệp khi nguyên_nhân dẫn đến việc đình_chỉ nêu tại điểm a khoản 1 Điều này được khắc_phục không quá thời_hạn tối_đa quy_định tại điểm a khoản 2 Điều này : 

a ) Hồ_sơ đề_nghị cho phép tiếp_tục hoạt_động kiểm_định chất_lượng giáo_dục nghề_nghiệp gồm : 

- Đơn đề_nghị cho phép tiếp_tục hoạt_động kiểm_định chất_lượng giáo_dục nghề_nghiệp ( Mẫu_số 04 quy_định tại Phụ_lục kèm theo Nghị_định này ) ; 

- Các tài_liệu chứng_minh tổ_chức kiểm_định đã khắc_phục được các nguyên_nhân dẫn đến đình_chỉ hoạt_động kiểm_định chất_lượng giáo_dục nghề_nghiệp . 

b ) Trình_tự thực_hiện : 

- Tổ_chức kiểm_định gửi trực_tiếp hoặc qua bưu_điện 1 bộ hồ_sơ đề_nghị cho phép tiếp_tục hoạt_động kiểm_định chất_lượng giáo_dục nghề_nghiệp đến Tổng_cục Giáo_dục nghề_nghiệp ; 

- Trong thời_hạn 20 ngày làm_việc kể từ ngày nhận đủ hồ_sơ hợp_lệ , Tổng_cục Giáo_dục nghề_nghiệp xem_xét , trình Bộ_trưởng Bộ Lao_động-Thương_binh và Xã_hội quyết_định cho phép tổ_chức kiểm_định tiếp_tục hoạt_động kiểm_định chất_lượng giáo_dục nghề_nghiệp .  Trường_hợp hồ_sơ không hợp_lệ , trong thời_hạn 05 ngày làm_việc kể từ ngày nhận được hồ_sơ , Tổng_cục Giáo_dục nghề_nghiệp có văn_bản trả_lời cho tổ_chức đề_nghị cho phép tiếp_tục hoạt_động kiểm_định chất_lượng giáo_dục nghề_nghiệp và nêu rõ lý_do ; 

- Trong thời_hạn 10 ngày làm_việc , kể từ ngày nhận được hồ_sơ của Tổng_cục Giáo_dục nghề_nghiệp , Bộ_trưởng Bộ Lao_động-Thương_binh và Xã_hội quyết_định cho phép tổ_chức kiểm_định tiếp_tục hoạt_động kiểm_định chất_lượng giáo_dục nghề_nghiệp ;  trường_hợp không cho phép , Tổng_cục Giáo_dục nghề_nghiệp có văn_bản trả_lời cho tổ_chức đề_nghị cho phép tiếp_tục hoạt_động kiểm_định chất_lượng giáo_dục nghề_nghiệp và nêu rõ lý_do . 

c ) Trong thời_hạn 05 ngày làm_việc kể từ ngày ban_hành quyết_định cho phép tổ_chức kiểm_định tiếp_tục hoạt_động kiểm_định chất_lượng giáo_dục nghề_nghiệp , Tổng_cục Giáo_dục nghề_nghiệp gửi bản_sao quyết_định về Sở Lao_động-Thương_binh và Xã_hội nơi tổ_chức kiểm_định đặt trụ_sở để thực_hiện quản_lý theo địa_bàn .  Quyết_định cho phép tổ_chức kiểm_định tiếp_tục hoạt_động kiểm_định chất_lượng giáo_dục nghề_nghiệp được công_bố trên trang thông_tin điện_tử của Bộ Lao_động-Thương_binh và Xã_hội và Tổng_cục Giáo_dục nghề_nghiệp . 

5 . Trường_hợp tổ_chức kiểm_định bị đình_chỉ do nguyên_nhân nêu tại điểm b khoản 1 Điều này , trong thời_hạn đình_chỉ tổ_chức kiểm_định có văn_bản cam_kết không vi_phạm nguyên_nhân bị đình_chỉ gửi Tổng_cục Giáo_dục nghề_nghiệp ;  hết thời_hạn đình_chỉ , tổ_chức kiểm_định được phép tiếp_tục hoạt_động trở_lại .  Nếu không có văn_bản cam_kết thì tổ_chức kiểm_định không được phép tiếp_tục hoạt_động trở_lại . 

Điều 10 .  Thu_hồi Giấy chứng_nhận đủ điều_kiện hoạt_động kiểm_định chất_lượng giáo_dục nghề_nghiệp 

1 . Tổ_chức kiểm_định bị thu_hồi Giấy chứng_nhận đủ điều_kiện hoạt_động kiểm_định trong các trường_hợp sau đây : 

a ) Tổ_chức kiểm_định đề_nghị chấm_dứt hoạt_động kiểm_định chất_lượng giáo_dục nghề_nghiệp ; 

b ) Tẩy , xóa , sửa_chữa , làm thay_đổi nội_dung Giấy chứng_nhận đủ điều_kiện hoạt_động kiểm_định ; 

c ) Gian_lận , giả_mạo giấy_tờ , tài_liệu để được cấp , cấp lại Giấy chứng_nhận đủ điều_kiện hoạt_động kiểm_định ; 

d ) Giấy chứng_nhận đủ điều_kiện hoạt_động kiểm_định được cấp không đúng thẩm_quyền ; 

đ ) Bị xử_phạt 3 lần trong vòng 12 tháng do vi_phạm hành_chính trong lĩnh_vực kiểm_định chất_lượng giáo_dục nghề_nghiệp ; 

e ) Bị đình_chỉ hoạt_động kiểm_định chất_lượng giáo_dục nghề_nghiệp 2 lần trong vòng 12 tháng hoặc hết thời_hạn bị đình_chỉ hoạt_động kiểm_định chất_lượng giáo_dục nghề_nghiệp mà không khắc_phục được các nguyên_nhân bị đình_chỉ ; 

g ) Hoạt_động kiểm_định chất_lượng giáo_dục nghề_nghiệp trong thời_gian bị đình_chỉ hoạt_động ; 

h ) Bị giải_thể đối_với đơn_vị sự_nghiệp hoặc thu_hồi Giấy chứng_nhận đăng_ký doanh_nghiệp đối_với doanh_nghiệp hoạt_động kiểm_định . 

2 . Hồ_sơ thu_hồi Giấy chứng_nhận đủ điều_kiện hoạt_động kiểm_định 

a ) Trường_hợp tổ_chức kiểm_định đề_nghị chấm_dứt hoạt_động kiểm_định chất_lượng giáo_dục nghề_nghiệp , hồ_sơ bao_gồm : 

- Đơn đề_nghị chấm_dứt hoạt_động kiểm_định chất_lượng giáo_dục nghề_nghiệp ( Mẫu_số 05 quy_định tại Phụ_lục kèm theo Nghị_định này ) ; 

- Bản_sao Giấy chứng_nhận đủ điều_kiện hoạt_động kiểm_định đã được cấp ; 

- Phương_án bảo_đảm quyền , lợi_ích hợp_pháp của tổ_chức , cá_nhân có liên_quan đến hoạt_động kiểm_định chất_lượng giáo_dục nghề_nghiệp do tổ_chức kiểm_định thực_hiện . 

b ) Trường_hợp bị buộc thu_hồi Giấy chứng_nhận đủ điều_kiện hoạt_động kiểm_định , hồ_sơ bao_gồm : 

- Tờ_trình của Tổng_cục_trưởng Tổng_cục Giáo_dục nghề_nghiệp đề_nghị Bộ_trưởng Bộ Lao_động-Thương_binh và Xã_hội thu_hồi Giấy chứng_nhận đủ điều_kiện hoạt_động kiểm_định trong đó nêu rõ lý_do thu_hồi ; 

- Các chứng_cứ dẫn đến buộc phải thu_hồi Giấy chứng_nhận đủ điều_kiện hoạt_động kiểm_định . 

3 . Trình_tự thu_hồi Giấy chứng_nhận đủ điều_kiện hoạt_động kiểm_định 

a ) Trường_hợp tổ_chức kiểm_định đề_nghị chấm_dứt hoạt_động kiểm_định chất_lượng giáo_dục nghề_nghiệp : 

- Tổ_chức kiểm_định gửi trực_tiếp hoặc qua bưu_điện 01 bộ hồ_sơ đề_nghị chấm_dứt hoạt_động kiểm_định chất_lượng giáo_dục nghề_nghiệp đến Tổng_cục Giáo_dục nghề_nghiệp ; 

- Trong thời_hạn 20 ngày làm_việc kể từ ngày nhận đủ hồ_sơ hợp_lệ , Tổng_cục Giáo_dục nghề_nghiệp xem_xét , trình Bộ_trưởng Bộ Lao_động-Thương_binh và Xã_hội quyết_định thu_hồi Giấy chứng_nhận đủ điều_kiện hoạt_động kiểm_định .  Trường_hợp hồ_sơ không hợp_lệ , trong thời_hạn 05 ngày làm_việc kể từ ngày nhận được hồ_sơ , Tổng_cục Giáo_dục nghề_nghiệp có văn_bản trả_lời cho tổ_chức kiểm_định đề_nghị chấm_dứt hoạt_động kiểm_định chất_lượng giáo_dục nghề_nghiệp và nêu rõ lý_do . 

- Trong thời_hạn 10 ngày làm_việc , kể từ ngày nhận được hồ_sơ của Tổng_cục Giáo_dục nghề_nghiệp , Bộ_trưởng Bộ Lao_động-Thương_binh và Xã_hội quyết_định thu_hồi Giấy chứng_nhận đủ điều_kiện hoạt_động kiểm_định . 

b ) Trường_hợp bị buộc thu_hồi Giấy chứng_nhận đủ điều_kiện hoạt_động kiểm_định : 

- Tổng_cục Giáo_dục nghề_nghiệp lập hồ_sơ thu_hồi Giấy chứng_nhận đủ điều_kiện hoạt_động kiểm_định trình Bộ_trưởng Bộ Lao_động-Thương_binh và Xã_hội ; 

4 . Trong thời_hạn 05 ngày làm_việc kể từ ngày ban_hành quyết_định thu_hồi Giấy chứng_nhận đủ điều_kiện hoạt_động kiểm_định , Tổng_cục Giáo_dục nghề_nghiệp gửi bản_sao quyết_định thu_hồi Giấy chứng_nhận đủ điều_kiện hoạt_động kiểm_định về Sở Lao_động-Thương_binh và Xã_hội nơi tổ_chức kiểm_định đặt trụ_sở để thực_hiện quản_lý theo địa_bàn .  Quyết_định thu_hồi Giấy chứng_nhận đủ điều_kiện hoạt_động kiểm_định được công_bố trên trang thông_tin điện_tử của Bộ Lao_động-Thương_binh và Xã_hội và Tổng_cục Giáo_dục nghề_nghiệp .  Trong thời_hạn 05 ngày làm_việc kể từ ngày nhận được quyết_định thu_hồi Giấy chứng_nhận đủ điều_kiện hoạt_động kiểm_định , tổ_chức kiểm_định có trách_nhiệm nộp lại Giấy chứng_nhận đủ điều_kiện hoạt_động kiểm_định cho Tổng_cục Giáo_dục nghề_nghiệp . 

5 . Khi bị thu_hồi Giấy chứng_nhận đủ điều_kiện hoạt_động kiểm_định , các hợp_đồng kiểm_định chất_lượng giáo_dục nghề_nghiệp đã ký giữa tổ_chức kiểm_định và các cơ_sở giáo_dục nghề_nghiệp , cơ_sở hoạt_động giáo_dục nghề_nghiệp đang thực_hiện bị chấm_dứt , không có hiệu_lực .  Tổ_chức kiểm_định phải bảo_đảm quyền , lợi_ích hợp_pháp của tổ_chức , cá_nhân có liên_quan đến hoạt_động kiểm_định chất_lượng giáo_dục nghề_nghiệp do tổ_chức kiểm_định thực_hiện . 

Mục 3 .  CHỨC_NĂNG , NHIỆM_VỤ , TRÁCH_NHIỆM , QUYỀN_HẠN CỦA TỔ_CHỨC KIỂM_ĐỊNH CHẤT_LƯỢNG GIÁO_DỤC NGHỀ_NGHIỆP 

Điều 11 .  Chức_năng , nhiệm_vụ , trách_nhiệm của tổ_chức kiểm_định chất_lượng giáo_dục nghề_nghiệp 

1 . Tổ_chức kiểm_định có chức_năng sau đây : 

a ) Tổ_chức các hoạt_động đánh_giá và công_nhận cơ_sở giáo_dục nghề_nghiệp và chương_trình đào_tạo đạt tiêu_chuẩn kiểm_định chất_lượng giáo_dục nghề_nghiệp ; 

b ) Cấp , thu_hồi Giấy chứng_nhận đạt tiêu_chuẩn kiểm_định . 

2 . Tổ_chức kiểm_định có nhiệm_vụ , trách_nhiệm : 

a ) Công_bố công_khai Giấy chứng_nhận đủ điều_kiện hoạt_động kiểm_định , địa_điểm đặt trụ_sở , danh_sách các kiểm_định viên , danh_sách thành_viên Hội_đồng kiểm_định chất_lượng giáo_dục nghề_nghiệp trên trang thông_tin điện_tử của tổ_chức kiểm_định ; 

b ) Tuân_thủ quy_định về tiêu_chí , tiêu_chuẩn , quy_trình và chu_kỳ kiểm_định chất_lượng giáo_dục nghề_nghiệp do Bộ Lao_động-Thương_binh và Xã_hội ban_hành ;  cấp , thu_hồi Giấy chứng_nhận đạt tiêu_chuẩn kiểm_định quy_định tại Chương IV Nghị_định này ; 

c ) Xử_lý các kiến_nghị của kiểm_định viên trong trường_hợp cơ_sở giáo_dục nghề_nghiệp , chương_trình đào_tạo không có đủ điều_kiện để thực_hiện đánh_giá ngoài ; 

d ) Thành_lập Hội_đồng kiểm_định chất_lượng giáo_dục nghề_nghiệp theo quy_định của Bộ Lao_động-Thương_binh và Xã_hội ; 

đ ) Cung_cấp hồ_sơ , tài_liệu bằng văn_bản về kiểm_định viên , hoạt_động kiểm_định chất_lượng giáo_dục nghề_nghiệp theo yêu_cầu của cơ_quan nhà_nước có thẩm_quyền theo quy_định của pháp_luật ; 

e ) Quản_lý kiểm_định viên và nhân_viên của tổ_chức kiểm_định ; 

g ) Từ ngày 01 đến ngày 10 tháng 12 hằng năm , báo_cáo tình_hình hoạt_động kiểm_định chất_lượng giáo_dục nghề_nghiệp với Tổng_cục Giáo_dục nghề_nghiệp , Sở Lao_động-Thương_binh và Xã_hội nơi tổ_chức kiểm_định đặt trụ_sở ( Mẫu_số 06 quy_định tại Phụ_lục kèm theo Nghị_định này ) .  Việc báo_cáo thực_hiện bằng hình_thức trực_tuyến và văn_bản ; 

h ) Báo_cáo đột_xuất theo yêu_cầu của Bộ Lao_động-Thương_binh và Xã_hội , Tổng_cục Giáo_dục nghề_nghiệp , Sở Lao_động-Thương_binh và Xã_hội nơi tổ_chức kiểm_định đặt trụ_sở ; 

i ) Thực_hiện các nhiệm_vụ , trách_nhiệm khác theo quy_định của pháp_luật . 

Điều 12 .  Quyền_hạn của tổ_chức kiểm_định chất_lượng giáo_dục nghề_nghiệp 

1 . Được thực_hiện các hoạt_động quy_định tại khoản 1 Điều 11 Nghị_định này . 

2 . Ngoài các kiểm_định viên làm_việc toàn thời_gian theo quy_định tại khoản 4 Điều 4 Nghị_định này , tổ_chức kiểm_định được quyền thuê kiểm_định viên , chuyên_gia trong nước và ngoài nước để thực_hiện hợp_đồng kiểm_định chất_lượng giáo_dục nghề_nghiệp . 

3 . Tham_gia các tổ_chức nghề_nghiệp về kiểm_định chất_lượng giáo_dục nghề_nghiệp trong nước và quốc_tế . 

4 . Ký_kết các hợp_đồng cung_cấp dịch_vụ kiểm_định chất_lượng giáo_dục nghề_nghiệp . 

5 . Thực_hiện các quyền khác theo quy_định của pháp_luật . 

I 

TIÊU_CHUẨN , NHIỆM_VỤ , QUYỀN_HẠN CỦA KIỂM_ĐỊNH VIÊN CHẤT_LƯỢNG GIÁO_DỤC NGHỀ_NGHIỆP ;  CẤP , CẤP LẠI , THU_HỒI THẺ KIỂM_ĐỊNH VIÊN CHẤT_LƯỢNG GIÁO_DỤC NGHỀ_NGHIỆP 

Điều 13 .  Tiêu_chuẩn kiểm_định viên chất_lượng giáo_dục nghề_nghiệp 

1 . Có phẩm_chất đạo_đức tốt , có đủ sức_khỏe đáp_ứng yêu_cầu công_việc . 

2 . Có bằng tốt_nghiệp đại_học trở lên . 

3 . Có ít_nhất 05 năm kinh_nghiệm về quản_lý , giảng_dạy , nghiên_cứu trong lĩnh_vực giáo_dục , giáo_dục nghề_nghiệp hoặc làm_việc về ngành , nghề có liên_quan đến chuyên_môn , nghiệp_vụ được đào_tạo . 

4 . Hoàn_thành khóa đào_tạo kiểm_định viên chất_lượng giáo_dục nghề_nghiệp do Tổng_cục Giáo_dục nghề_nghiệp hoặc do đơn_vị được Tổng_cục Giáo_dục nghề_nghiệp giao nhiệm_vụ tổ_chức . 

5 . Có trình_độ ngoại_ngữ từ bậc 2 theo quy_định của Bộ Giáo_dục và Đào_tạo ban_hành Khung năng_lực ngoại_ngữ 6 bậc dùng cho Việt_Nam hoặc tương_đương trở lên . 

6 . Đạt chuẩn kỹ_năng sử_dụng công_nghệ thông_tin cơ_bản theo quy_định của Bộ Thông_tin và Truyền_thông quy_định Chuẩn kỹ_năng sử_dụng công_nghệ thông_tin hoặc tương_đương trở lên . 

Điều 14 .  Nhiệm_vụ của kiểm_định viên chất_lượng giáo_dục nghề_nghiệp 

1 . Bảo_quản thẻ kiểm_định viên ;  không cho người khác sử_dụng hoặc sử_dụng thẻ kiểm_định viên của người khác ;  chỉ sử_dụng thẻ kiểm_định viên trong hoạt_động kiểm_định chất_lượng giáo_dục nghề_nghiệp . 

2 . Tuân_thủ các quy_định của Bộ Lao_động-Thương_binh và Xã_hội đối_với thành_viên đoàn đánh_giá ngoài . 

3 . Cung_cấp thông_tin cá_nhân cho Tổng_cục Giáo_dục nghề_nghiệp khi được yêu_cầu hoặc khi có sự thay_đổi . 

4 . Thực_hiện các nhiệm_vụ khác theo quy_định của pháp_luật . 

Điều 15 .  Quyền_hạn của kiểm_định viên chất_lượng giáo_dục nghề_nghiệp 

1 . Được ký hợp_đồng với tổ_chức kiểm_định . 

2 . Trong thời_gian tham_gia đoàn đánh_giá ngoài , kiểm_định viên có các quyền sau đây : 

a ) Độc_lập về chuyên_môn nghiệp_vụ ; 

b ) Yêu_cầu cơ_sở giáo_dục nghề_nghiệp hoặc cơ_sở hoạt_động giáo_dục nghề_nghiệp được đánh_giá ngoài cung_cấp đầy_đủ , kịp_thời các tài_liệu , thông_tin liên_quan ; 

c ) Bảo_lưu_ý_kiến cá_nhân ; 

d ) Nếu xét thấy cơ_sở giáo_dục nghề_nghiệp , chương_trình đào_tạo không có đủ điều_kiện để thực_hiện đánh_giá ngoài theo quy_định thì báo_cáo , kiến_nghị với tổ_chức kiểm_định và Tổng_cục Giáo_dục nghề_nghiệp để xử_lý . 

Điều 16 .  Thẩm_quyền cấp , cấp lại , thu_hồi thẻ kiểm_định viên chất_lượng giáo_dục nghề_nghiệp 

Tổng_Cục_trưởng Tổng_cục Giáo_dục nghề_nghiệp cấp , cấp lại và thu_hồi thẻ kiểm_định viên . 

Điều 17 .  Thời_hạn của thẻ kiểm_định viên chất_lượng giáo_dục nghề_nghiệp 

1 . Trường_hợp với thẻ kiểm_định viên được cấp mới , cấp lại do hết thời_hạn thì thời_hạn của thẻ là 5 năm kể từ ngày cấp . 

2 . Trường_hợp thẻ kiểm_định viên được cấp lại do bị hỏng hoặc bị mất thì thời_hạn của thẻ là thời_gian còn lại của thẻ kiểm_định viên đã được cấp . 

Điều 18 .  Cấp thẻ kiểm_định viên chất_lượng giáo_dục nghề_nghiệp 

1 . Người đáp_ứng đủ các tiêu_chuẩn theo quy_định tại Điều 13 Nghị_định này và đạt yêu_cầu theo quy_chế đánh_giá cấp thẻ kiểm_định viên của Bộ Lao_động-Thương_binh và Xã_hội thì được cấp thẻ kiểm_định_viên ( Mẫu_số 07 quy_định tại Phụ_lục kèm theo Nghị_định này ) . 

2 . Người có nhu_cầu cấp thẻ kiểm_định viên gửi trực_tiếp hoặc qua bưu_điện 01 bộ hồ_sơ đề_nghị cấp thẻ đến Tổng_cục Giáo_dục nghề_nghiệp .  Hồ_sơ bao_gồm : 

a ) Đơn đề_nghị cấp thẻ kiểm_định_viên ( Mẫu_số 08 quy_định tại Phụ_lục kèm theo Nghị_định này ) ; 

b ) 04 ảnh màu giống nhau , cỡ 2 cm x 3 cm chụp trên nền màu sáng , mắt nhìn thẳng , đầu để trần , không đeo kính màu , mặc thường_phục , được chụp trong thời_gian không quá 06 tháng tính đến ngày nộp hồ_sơ ; 

c ) Bản_sao văn_bằng , chứng_chỉ đáp_ứng quy_định tại các khoản 2 , 4 , 5 và 6 Điều 13 Nghị_định này ; 

d ) Giấy chứng_nhận sức_khỏe do trung_tâm y_tế cấp huyện hoặc cấp tương_đương trở lên cấp trong thời_gian không quá 06 tháng tính đến ngày nộp hồ_sơ . 

3 . Trường_hợp người có nhu_cầu cấp thẻ kiểm_định viên không đáp_ứng đủ tiêu_chuẩn theo quy_định tại Điều 13 Nghị_định này , trong thời_hạn 05 ngày làm_việc , Tổng_cục Giáo_dục nghề_nghiệp có trách_nhiệm thông_báo bằng văn_bản và nêu rõ lý_do không được tham_gia đánh_giá cấp thẻ kiểm_định viên . 

4 . Trường_hợp người có nhu_cầu cấp thẻ kiểm_định viên có hồ_sơ hợp_lệ và đáp_ứng đủ tiêu_chuẩn theo quy_định tại Điều 13 Nghị_định này , Tổng_cục Giáo_dục nghề_nghiệp tổ_chức đánh_giá cấp thẻ kiểm_định viên theo quy_chế đánh_giá cấp thẻ kiểm_định viên do Bộ Lao_động-Thương_binh và Xã_hội ban_hành .  Trong thời_hạn 15 ngày làm_việc kể từ ngày có quyết_định phê_duyệt danh_sách người được đánh_giá cấp thẻ kiểm_định viên đạt yêu_cầu , Tổng_cục Giáo_dục nghề_nghiệp cấp thẻ kiểm_định viên cho người đạt yêu_cầu và công_bố trên trang thông_tin điện_tử của Tổng_cục Giáo_dục nghề_nghiệp . 

Điều 19 .  Cấp lại thẻ kiểm_định viên chất_lượng giáo_dục nghề_nghiệp 

1 . Thẻ kiểm_định viên được cấp lại trong các trường_hợp sau đây : 

a ) Hết thời_hạn ; 

b ) Bị hỏng hoặc bị mất . 

2 . Thẻ kiểm_định viên hết thời_hạn không được cấp lại trong các trường_hợp sau đây : 

a ) Sau 03 tháng kể từ ngày hết thời_hạn ghi trên thẻ kiểm_định viên mà kiểm_định viên không đề_nghị cấp lại ; 

b ) Trong thời_hạn của thẻ kiểm_định viên mà kiểm_định viên không tham_gia hoạt_động liên_quan đến kiểm_định chất_lượng giáo_dục nghề_nghiệp . 

3 . Người có nhu_cầu cấp lại thẻ kiểm_định viên gửi trực_tiếp hoặc qua bưu_điện 01 bộ hồ_sơ đề_nghị cấp lại thẻ đến Tổng_cục Giáo_dục nghề_nghiệp .  Hồ_sơ bao_gồm : 

a ) Đơn đề_nghị cấp lại thẻ kiểm_định_viên ( Mẫu_số 09 quy_định tại Phụ_lục kèm theo Nghị_định này ) ; 

b ) 04 ảnh màu giống nhau , cỡ 2 cm x 3 cm chụp trên nền màu sáng , mắt nhìn thẳng , đầu để trần , không đeo kính màu , mặc thường_phục , được chụp trong thời_gian không quá 6 tháng tính đến ngày nộp hồ_sơ ; 

c ) Bản khai quá_trình tham_gia hoạt_động liên_quan đến kiểm_định chất_lượng giáo_dục nghề_nghiệp trong thời_gian thẻ kiểm_định viên còn giá_trị sử_dụng và bản_sao các hợp_đồng ký với tổ_chức kiểm_định để thực_hiện đánh_giá ngoài ( nếu có ) ; 

d ) Thẻ kiểm_định viên đã được cấp bị hỏng hoặc hết thời_hạn . 

4 . Trong thời_hạn 15 ngày làm_việc kể từ ngày nhận đủ hồ_sơ hợp_lệ , Tổng_cục Giáo_dục nghề_nghiệp kiểm_tra , đối_chiếu , cấp lại thẻ kiểm_định viên .  Trường_hợp không cấp lại thẻ kiểm_định viên , trong thời_hạn 05 ngày làm_việc kể từ ngày nhận được hồ_sơ , Tổng_cục Giáo_dục nghề_nghiệp có văn_bản trả_lời cho người có nhu_cầu cấp lại thẻ kiểm_định viên và nêu rõ lý_do . 

Điều 20 .  Thu_hồi thẻ kiểm_định viên chất_lượng giáo_dục nghề_nghiệp 

1 . Thẻ kiểm_định viên bị thu_hồi trong những trường_hợp sau đây : 

a ) Cung_cấp thông_tin sai để được cấp thẻ kiểm_định viên ; 

b ) 2 ( hai ) lần bị tước quyền sử_dụng thẻ kiểm_định viên trong thời_hạn của thẻ kiểm_định viên theo quy_định tại khoản 8 Điều 25 <NĐ rel="Reference"> Nghị_định số 79/2015/NĐ-CP ngày 14 tháng 9 năm 2015 </NĐ> của Chính_phủ quy_định xử_phạt vi_phạm hành_chính trong lĩnh_vực giáo_dục nghề_nghiệp .
2 . Trong thời_hạn 15 ngày làm_việc , kể từ ngày xác_định rõ một trong các trường_hợp quy_định tại khoản 1 Điều này , Tổng_cục Giáo_dục nghề_nghiệp ra quyết_định thu_hồi thẻ kiểm_định viên , thông_báo cho các tổ_chức kiểm_định và công_bố trên trang thông_tin điện_tử của Tổng_cục Giáo_dục nghề_nghiệp . 

3 . Ngay sau khi có quyết_định thu_hồi thẻ kiểm_định viên , người bị thu_hồi thẻ kiểm_định viên có trách_nhiệm nộp lại thẻ kiểm_định viên cho Tổng_cục Giáo_dục nghề_nghiệp . 

Chương_IV 

CẤP , THU_HỒI GIẤY CHỨNG_NHẬN ĐẠT TIÊU_CHUẨN KIỂM_ĐỊNH CHẤT_LƯỢNG GIÁO_DỤC NGHỀ_NGHIỆP 

Điều 21 .  Thẩm_quyền cấp , thu_hồi Giấy chứng_nhận đạt tiêu_chuẩn kiểm_định chất_lượng giáo_dục nghề_nghiệp 

Người đứng đầu của tổ_chức kiểm_định là đơn_vị sự_nghiệp ;  tổng_giám_đốc hoặc giám_đốc của tổ_chức kiểm_định là doanh_nghiệp , cấp , thu_hồi Giấy chứng_nhận đạt tiêu_chuẩn kiểm_định . 

Điều 22 .  Thời_hạn của Giấy chứng_nhận đạt tiêu_chuẩn kiểm_định chất_lượng giáo_dục nghề_nghiệp 

Giấy chứng_nhận đạt tiêu_chuẩn kiểm_định có thời_hạn 5 năm kể từ ngày cấp . 

Điều 23 .  Cấp Giấy chứng_nhận đạt tiêu_chuẩn kiểm_định chất_lượng giáo_dục nghề_nghiệp 

1 . Công_nhận cơ_sở giáo_dục nghề_nghiệp , chương_trình đào_tạo đạt tiêu_chuẩn kiểm_định chất_lượng giáo_dục nghề_nghiệp 

a ) Trong thời_hạn 35 ngày làm_việc , kể từ ngày nhận được hồ_sơ đánh_giá ngoài của đoàn đánh_giá ngoài tại cơ_sở giáo_dục nghề_nghiệp , cơ_sở hoạt_động giáo_dục nghề_nghiệp , Hội_đồng kiểm_định chất_lượng giáo_dục nghề_nghiệp của tổ_chức kiểm_định tiến_hành tổ_chức thẩm_định kết_quả của đoàn đánh_giá ngoài theo quy_định do Bộ Lao_động-Thương_binh và Xã_hội ban_hành ; 

b ) Trong thời_hạn 05 ngày làm_việc , kể từ ngày có báo_cáo kết_quả thẩm_định của Hội_đồng kiểm_định chất_lượng giáo_dục nghề_nghiệp , người trực_tiếp phụ_trách hoạt_động kiểm_định chất_lượng giáo_dục nghề_nghiệp quy_định tại Điều 6 Nghị_định này xem_xét , ra quyết_định công_nhận kết_quả đánh_giá ngoài . 

Quyết_định công_nhận kết_quả đánh_giá ngoài nêu rõ công_nhận cơ_sở giáo_dục nghề_nghiệp , chương_trình đào_tạo đạt tiêu_chuẩn hoặc không đạt tiêu_chuẩn kiểm_định chất_lượng giáo_dục nghề_nghiệp theo quy_định do Bộ Lao_động-Thương_binh và Xã_hội ban_hành , trong đó nêu rõ tổng_số điểm đánh_giá . 

2 . Tổ_chức kiểm_định cấp Giấy chứng_nhận đạt tiêu_chuẩn kiểm_định chất_lượng giáo_dục nghề_nghiệp 

a ) Trong thời_hạn 03 ngày làm_việc kể từ ngày ký ban_hành quyết_định công_nhận cơ_sở giáo_dục nghề_nghiệp đạt tiêu_chuẩn kiểm_định chất_lượng giáo_dục nghề_nghiệp , tổ_chức kiểm_định cấp Giấy chứng_nhận đạt tiêu_chuẩn kiểm_định cho cơ_sở giáo_dục nghề_nghiệp được công_nhận đạt tiêu_chuẩn kiểm_định chất_lượng giáo_dục nghề_nghiệp ( Mẫu_số 10 quy_định tại Phụ_lục kèm theo Nghị_định này ) ; 

b ) Trong thời_hạn 03 ngày làm_việc kể từ ngày ký ban_hành quyết_định công_nhận chương_trình đào_tạo đạt tiêu_chuẩn kiểm_định chất_lượng giáo_dục nghề_nghiệp , tổ_chức kiểm_định cấp Giấy chứng_nhận đạt tiêu_chuẩn kiểm_định cho chương_trình đào_tạo được công_nhận đạt tiêu_chuẩn kiểm_định chất_lượng giáo_dục nghề_nghiệp ( Mẫu_số 11 quy_định tại Phụ_lục kèm theo Nghị_định này ) . 

3 . Trong thời_hạn 10 ngày làm_việc kể từ ngày ký ban_hành quyết_định công_nhận cơ_sở giáo_dục nghề_nghiệp , chương_trình đào_tạo đạt tiêu_chuẩn hoặc không đạt tiêu_chuẩn kiểm_định chất_lượng giáo_dục nghề_nghiệp , tổ_chức kiểm_định gửi Tổng_cục Giáo_dục nghề_nghiệp , Sở Lao_động-Thương_binh và Xã_hội nơi cơ_sở giáo_dục nghề_nghiệp , cơ_sở hoạt_động giáo_dục nghề_nghiệp được kiểm_định đặt trụ_sở , Sở Lao_động-Thương_binh và Xã_hội nơi tổ_chức kiểm_định đặt trụ_sở bản_sao quyết_định công_nhận cơ_sở giáo_dục nghề_nghiệp , chương_trình đào_tạo đạt tiêu_chuẩn hoặc không đạt tiêu_chuẩn kiểm_định chất_lượng giáo_dục nghề_nghiệp , bản_sao Giấy chứng_nhận đạt tiêu_chuẩn kiểm_định ( nếu có ) . 

4 . Giấy chứng_nhận đạt tiêu_chuẩn kiểm_định được công_bố trên trang thông_tin điện_tử của Tổng_cục Giáo_dục nghề_nghiệp , tổ_chức kiểm_định và cơ_sở giáo_dục nghề_nghiệp , cơ_sở hoạt_động giáo_dục nghề_nghiệp được cấp giấy chứng_nhận . 

Điều 24 .  Thu_hồi Giấy chứng_nhận đạt tiêu_chuẩn kiểm_định chất_lượng giáo_dục nghề_nghiệp 

1 . Các trường_hợp bị thu_hồi : 

a ) Cơ_sở giáo_dục nghề_nghiệp , cơ_sở hoạt_động giáo_dục nghề_nghiệp bị thu_hồi giấy chứng_nhận đăng_ký hoạt_động giáo_dục nghề_nghiệp thì bị thu_hồi các Giấy chứng_nhận đạt tiêu_chuẩn kiểm_định chất_lượng cơ_sở giáo_dục nghề_nghiệp và Giấy chứng_nhận đạt tiêu_chuẩn kiểm_định chất_lượng chương_trình đào_tạo ( đối_với chương_trình đào_tạo có trong giấy chứng_nhận đăng_ký hoạt_động giáo_dục nghề_nghiệp bị thu_hồi ) ; 

b ) Cơ_sở giáo_dục nghề_nghiệp bị giải_thể theo quy_định tại khoản 1 Điều 21 của <L rel="Reference"> Luật Giáo_dục nghề_nghiệp </L> thì bị thu_hồi toàn_bộ các Giấy chứng_nhận đạt tiêu_chuẩn kiểm_định đã được cấp ;
c ) Cơ_sở giáo_dục nghề_nghiệp có 02 năm liên_tiếp không báo_cáo kết_quả tự đánh_giá chất_lượng cơ_sở giáo_dục nghề_nghiệp hàng năm theo quy_định của Bộ_trưởng Bộ Lao_động-Thương_binh và Xã_hội thì bị thu_hồi Giấy chứng_nhận đạt tiêu_chuẩn kiểm_định chất_lượng cơ_sở giáo_dục nghề_nghiệp ; 

d ) Cơ_sở giáo_dục nghề_nghiệp , cơ_sở hoạt_động giáo_dục nghề_nghiệp có 02 năm liên_tiếp không báo_cáo kết_quả tự đánh_giá chất_lượng chương_trình đào_tạo hàng năm theo quy_định của Bộ_trưởng Bộ Lao_động-Thương_binh và Xã_hội thì bị thu_hồi Giấy chứng_nhận đạt tiêu_chuẩn kiểm_định chất_lượng của chương_trình đào_tạo đó ; 

đ ) Tổ_chức kiểm_định thực_hiện việc cấp Giấy chứng_nhận đạt tiêu_chuẩn kiểm_định không đúng quy_định tại Nghị_định này ; 

e ) Có hành_vi bàn_bạc , thỏa_thuận , thống_nhất giữa tổ_chức kiểm_định và cơ_sở giáo_dục nghề_nghiệp , cơ_sở hoạt_động giáo_dục nghề_nghiệp nhằm làm sai_lệch kết_quả đánh_giá ngoài để được cấp Giấy chứng_nhận đạt tiêu_chuẩn kiểm_định ; 

g ) Gian_lận , giả_mạo hoặc tẩy , xóa , sửa_chữa , làm thay_đổi nội_dung giấy_tờ , tài_liệu để đạt tiêu_chuẩn kiểm_định chất_lượng giáo_dục nghề_nghiệp ; 

h ) Cơ_sở giáo_dục nghề_nghiệp , chương_trình đào_tạo không đạt tiêu_chuẩn kiểm_định chất_lượng giáo_dục nghề_nghiệp trong thời_gian Giấy chứng_nhận đạt tiêu_chuẩn kiểm_định đã cấp còn thời_hạn . 

2 . Thủ_tục thu_hồi Giấy chứng_nhận đạt tiêu_chuẩn kiểm_định : 

a ) Trường_hợp tổ_chức , cá_nhân phát_hiện cơ_sở giáo_dục nghề_nghiệp , cơ_sở hoạt_động giáo_dục nghề_nghiệp , tổ_chức kiểm_định có hành_vi vi_phạm một trong các quy_định khoản 1 Điều này : 

Trong thời_hạn 20 ngày làm_việc kể từ ngày nhận được văn_bản thông_báo của tổ_chức , cá_nhân , Tổng_cục Giáo_dục nghề_nghiệp thực_hiện kiểm_tra , đánh_giá mức_độ vi_phạm .  Trong thời_hạn 10 ngày làm_việc kể từ ngày có kết_quả kiểm_tra , đánh_giá mức_độ vi_phạm , trường_hợp xác_định phải thu_hồi Giấy chứng_nhận đạt tiêu_chuẩn kiểm_định , Tổng_cục Giáo_dục nghề_nghiệp yêu_cầu tổ_chức kiểm_định thực_hiện thu_hồi Giấy chứng_nhận đạt tiêu_chuẩn kiểm_định đã cấp . 

Trong thời_hạn 10 ngày làm_việc kể từ khi nhận được yêu_cầu của Tổng_cục Giáo_dục nghề_nghiệp , người có thẩm_quyền cấp Giấy chứng_nhận đạt tiêu_chuẩn kiểm_định ra quyết_định thu_hồi và gửi Tổng_cục Giáo_dục nghề_nghiệp , Sở Lao_động-Thương_binh và Xã_hội nơi cơ_sở giáo_dục nghề_nghiệp , cơ_sở hoạt_động giáo_dục nghề_nghiệp được cấp Giấy chứng_nhận đạt tiêu_chuẩn kiểm_định đặt trụ_sở , Sở Lao_động-Thương_binh và Xã_hội nơi tổ_chức kiểm_định đặt trụ_sở bản_sao quyết_định thu_hồi . 

b ) Trường_hợp tổ_chức kiểm_định phát_hiện cơ_sở giáo_dục nghề_nghiệp , cơ_sở hoạt_động giáo_dục nghề_nghiệp đã được tổ_chức thực_hiện kiểm_định có hành_vi vi_phạm một trong các quy_định tại khoản 1 Điều này : 

Tổ_chức kiểm_định thực_hiện kiểm_tra , đánh_giá mức_độ vi_phạm .  Trong thời_hạn 10 ngày làm_việc kể từ ngày có được kết_quả kiểm_tra , đánh_giá mức_độ vi_phạm , trường_hợp xác_định phải thu_hồi Giấy chứng_nhận đạt tiêu_chuẩn kiểm_định đã cấp , người có thẩm_quyền cấp Giấy chứng_nhận đạt tiêu_chuẩn kiểm_định ra quyết_định thu_hồi và gửi Tổng_cục Giáo_dục nghề_nghiệp , Sở Lao_động-Thương_binh và Xã_hội nơi cơ_sở giáo_dục nghề_nghiệp , cơ_sở hoạt_động giáo_dục nghề_nghiệp được cấp Giấy chứng_nhận đạt tiêu_chuẩn kiểm_định đặt trụ_sở , Sở Lao_động-Thương_binh và Xã_hội nơi tổ_chức kiểm_định đặt trụ_sở bản_sao quyết_định thu_hồi . 

c ) Trong thời_hạn 05 ngày làm_việc kể từ ngày nhận được quyết_định thu_hồi Giấy chứng_nhận đạt tiêu_chuẩn kiểm_định , cơ_sở giáo_dục nghề_nghiệp , cơ_sở hoạt_động giáo_dục nghề_nghiệp có trách_nhiệm nộp lại Giấy chứng_nhận đạt tiêu_chuẩn kiểm_định cho tổ_chức kiểm_định . 

3 . Quyết_định thu_hồi Giấy chứng_nhận đạt tiêu_chuẩn kiểm_định được công_bố trên trang thông_tin điện_tử của tổ_chức kiểm_định , trang thông_tin điện_tử của Tổng_cục Giáo_dục nghề_nghiệp và trang thông_tin điện_tử của cơ_sở giáo_dục nghề_nghiệp , cơ_sở hoạt_động giáo_dục nghề_nghiệp bị thu_hồi Giấy chứng_nhận . 

Chương_V 

ĐIỀU_KHOẢN THI_HÀNH 

Điều 25 .  Điều_khoản chuyển_tiếp 

1 . Giấy chứng_nhận đạt tiêu_chuẩn kiểm_định chất_lượng dạy nghề do Bộ Lao_động-Thương_binh và Xã_hội cấp cho các cơ_sở dạy nghề , Giấy chứng_nhận kiểm_định chất_lượng giáo_dục do các tổ_chức kiểm_định chất_lượng giáo_dục cấp cho trường cao_đẳng và trường trung_cấp chuyên_nghiệp theo quy_định của Bộ Giáo_dục và Đào_tạo trước ngày Nghị_định này có hiệu_lực , có giá_trị tương_đương Giấy chứng_nhận đạt tiêu_chuẩn kiểm_định chất_lượng giáo_dục nghề_nghiệp cho đến hết thời_hạn ghi trên giấy chứng_nhận . 

2 . Đến hết ngày 31 tháng 12 năm 2018 , người được cấp chứng_chỉ hoàn_thành khóa đào_tạo kiểm_định viên chất_lượng cơ_sở dạy nghề trước ngày Nghị_định này có hiệu_lực thi_hành và là thành_viên đoàn kiểm_định chất_lượng dạy nghề do Tổng_cục Dạy nghề thành_lập : 

a ) Được xem như hoàn_thành khóa đào_tạo kiểm_định viên chất_lượng giáo_dục nghề_nghiệp ; 

b ) Được tham_gia đoàn kiểm_định chất_lượng giáo_dục nghề_nghiệp ; 

c ) Được xem là kiểm_định viên khi đơn_vị sự_nghiệp , doanh_nghiệp đề_nghị cấp , cấp lại Giấy chứng_nhận đủ điều_kiện hoạt_động kiểm_định . 

3 . Người được cấp thẻ kiểm_định viên kiểm_định chất_lượng đại_học và trung_cấp chuyên_nghiệp trước ngày Nghị_định này có hiệu_lực thi_hành và thẻ còn thời_hạn : 

a ) Được tham_gia các hoạt_động kiểm_định chất_lượng giáo_dục nghề_nghiệp yêu_cầu phải có thẻ kiểm_định viên chất_lượng giáo_dục nghề_nghiệp đến khi thẻ được cấp hết thời_hạn ; 

b ) Được cấp thẻ kiểm_định viên chất_lượng giáo_dục nghề_nghiệp nếu hoàn_thành khóa đào_tạo , bồi_dưỡng kiểm_định viên chất_lượng giáo_dục nghề_nghiệp mà không phải tham_gia đánh_giá cấp thẻ kiểm_định viên theo quy_chế đánh_giá cấp thẻ kiểm_định viên của Bộ Lao_động-Thương_binh và Xã_hội . 

Điều 26 .  Tổ_chức thực_hiện 

1 . Bộ Lao_động-Thương_binh và Xã_hội có trách_nhiệm : 

a ) Quy_định quy_chế đánh_giá cấp thẻ kiểm_định viên , phê_duyệt kế_hoạch phát_triển đội_ngũ kiểm_định viên , kế_hoạch cấp thẻ kiểm_định viên hàng năm ; 

b ) Quy_định về tiêu_chí , tiêu_chuẩn , quy_trình và chu_kỳ kiểm_định chất_lượng giáo_dục nghề_nghiệp , công_nhận đạt tiêu_chuẩn kiểm_định chất_lượng giáo_dục nghề_nghiệp ; 

c ) Quy_định về khung_giá dịch_vụ kiểm_định chất_lượng giáo_dục nghề_nghiệp có sử_dụng ngân_sách nhà_nước ; 

d ) Thanh_tra , kiểm_tra việc thực_hiện quy_định về kiểm_định chất_lượng giáo_dục nghề_nghiệp và xử_lý vi_phạm theo quy_định tại Nghị_định này và văn_bản pháp_luật có liên_quan . 

2 . Tổng_cục Giáo_dục nghề_nghiệp có trách_nhiệm : 

a ) Tổ_chức việc biên_soạn chương_trình , tài_liệu đào_tạo , bồi_dưỡng về kiểm_định chất_lượng giáo_dục nghề_nghiệp ;  tổ_chức hoặc giao nhiệm_vụ cho các đơn_vị thực_hiện đào_tạo , bồi_dưỡng kiểm_định viên ;  ban_hành ngân_hàng đề thi đánh_giá phục_vụ cấp thẻ kiểm_định viên ; 

b ) Kiểm_tra , thanh_tra việc thực_hiện quy_định về kiểm_định chất_lượng giáo_dục nghề_nghiệp , xử_lý vi_phạm theo quy_định tại Nghị_định này và văn_bản pháp_luật có liên_quan ; 

c ) Thực_hiện các quy_định khác thuộc trách_nhiệm của Tổng_cục Giáo_dục nghề_nghiệp về kiểm_định chất_lượng giáo_dục nghề_nghiệp theo quy_định tại Nghị_định này và văn_bản pháp_luật có liên_quan . 

3 . Ủy_ban nhân_dân cấp tỉnh có trách_nhiệm : 

Chỉ_đạo Sở Lao_động-Thương_binh và Xã_hội , các cơ_quan_chức_năng thuộc Ủy_ban nhân_dân cấp tỉnh thanh_tra , kiểm_tra việc thực_hiện quy_định về kiểm_định chất_lượng giáo_dục nghề_nghiệp và xử_lý vi_phạm theo quy_định tại Nghị_định này và văn_bản pháp_luật có liên_quan . 

4 . Sở Lao_động-Thương_binh và Xã_hội có trách_nhiệm : 

a ) Quản_lý , kiểm_tra , thanh_tra việc thực_hiện quy_định về kiểm_định chất_lượng giáo_dục nghề_nghiệp đối_với tổ_chức kiểm_định trên địa_bàn và xử_lý vi_phạm theo quy_định tại Nghị_định này và văn_bản pháp_luật có liên_quan ; 

b ) Trước ngày 20 tháng 12 hằng năm , báo_cáo Tổng_cục Giáo_dục nghề_nghiệp tình_hình thực_hiện quy_định về kiểm_định chất_lượng giáo_dục nghề_nghiệp trên địa_bàn bằng hình_thức trực_tuyến và văn_bản . 

Điều 27 .  Hiệu_lực thi_hành 

Nghị_định này có hiệu_lực thi_hành từ ngày 15 tháng 5 năm 2018 . 

Điều 28 .  Trách_nhiệm thi_hành 

Các Bộ_trưởng , Thủ_trưởng cơ_quan ngang bộ , Thủ_trưởng cơ_quan thuộc Chính_phủ , Chủ_tịch Ủy_ban nhân_dân tỉnh , thành_phố trực_thuộc trung_ương và các cơ_quan , tổ_chức , cá_nhân có liên_quan chịu trách_nhiệm thi_hành Nghị_định này ./. 