Nghị định quy định về hóa đơn điện tử khi bán hàng hóa, cung cấp dịch vụ

Căn_cứ <L rel="Pursuant"> Luật tổ_chức Chính_phủ ngày 19 tháng 6 năm 2015 </L> ;
Căn_cứ <L rel="Pursuant"> Luật quản_lý thuế ngày 29 tháng 11 năm 2006 </L> , <L rel="Pursuant"> Luật sửa_đổi , bổ_sung một_số điều của <L rel="Others"> Luật quản_lý thuế </L> ngày 20 tháng 11 năm 2012 </L> , <L rel="Pursuant"> Luật thuế giá_trị gia_tăng ngày 03 tháng 6 năm 2008 </L> và <L rel="Others"> Luật sửa_đổi , bổ_sung một_số điều của <L rel="Others"> Luật thuế giá_trị gia_tăng </L> ngày 19 tháng 6 năm 2013 </L> ;
Căn_cứ <L rel="Pursuant"> Luật kế_toán ngày 20 tháng 11 năm 2015 </L> ;
Căn_cứ <L rel="Pursuant"> Luật giao_dịch điện_tử ngày 29 tháng 11 năm 2005 </L> ;
Căn_cứ <L rel="Pursuant"> Luật công_nghệ thông_tin ngày 29 tháng 6 năm 2016 </L> ;
Điều 10 .  Chuyển_đổi hóa_đơn điện_tử thành chứng_từ giấy 

1 . Hóa_đơn điện_tử hợp_pháp được chuyển_đổi thành chứng_từ giấy . 

2 . Việc chuyển_đổi hóa_đơn điện_tử thành chứng_từ giấy phải bảo_đảm sự khớp đúng giữa nội_dung của hóa_đơn điện_tử và chứng_từ giấy sau khi chuyển_đổi . 

3 . Hóa_đơn điện_tử được chuyển_đổi thành chứng_từ giấy thì chứng_từ giấy chỉ có giá_trị lưu_giữ để ghi sổ , theo_dõi theo quy_định của pháp_luật về kế_toán , pháp_luật về giao_dịch điện_tử , không có hiệu_lực để giao_dịch , thanh_toán , trừ trường_hợp hóa_đơn được khởi tạo từ máy_tính tiền có kết_nối chuyển dữ_liệu điện_tử với cơ_quan thuế theo quy_định tại Nghị_định này . 

Điều 11 .  Bảo_quản , lưu_trữ , tiêu_hủy_hóa đơn điện_tử 

1 . Hóa_đơn điện_tử được bảo_quản , lưu_trữ bằng phương_tiện điện_tử . 

2 . Cơ_quan , tổ_chức , cá_nhân được quyền lựa_chọn và áp_dụng hình_thức bảo_quản , lưu_trữ hóa_đơn điện_tử phù_hợp với đặc_thù hoạt_động và khả_năng ứng_dụng công_nghệ của mình . 

3 . Lưu_trữ hóa_đơn điện_tử phải đảm_bảo : 

a ) Tính an_toàn bảo_mật , toàn_vẹn , đầy_đủ , không bị thay_đổi , sai_lệch trong suốt thời_gian lưu_trữ ; 

b ) Lưu_trữ đúng và đủ thời_hạn theo quy_định của pháp_luật kế_toán ; 

c ) In được ra giấy hoặc tra_cứu được khi có yêu_cầu . 

4 . Hóa_đơn điện_tử đã hết thời_hạn lưu_trữ theo quy_định của pháp_luật kế_toán , nếu không có quy_định khác của cơ_quan nhà_nước có thẩm_quyền thì được tiêu_hủy .  Việc tiêu_hủy_hóa đơn điện_tử không được làm ảnh_hưởng đến tính toàn_vẹn của các thông_điệp dữ_liệu hóa_đơn chưa được tiêu_hủy và hoạt_động bình_thường của hệ_thống thông_tin . 

1 . Doanh_nghiệp , tổ_chức kinh_tế , tổ_chức khác sử_dụng hóa_đơn điện_tử có mã của cơ_quan thuế khi bán hàng_hóa , cung_cấp dịch_vụ , không phân_biệt giá_trị từng lần bán hàng_hóa , cung_cấp dịch_vụ . 

2 . Doanh_nghiệp kinh_doanh ở các lĩnh_vực : điện_lực ;  xăng_dầu ;  bưu_chính viễn_thông ;  vận_tải hàng không , đường_bộ , đường_sắt , đường_biển , đường thủy ;  nước_sạch ;  tài_chính tín_dụng ;  bảo_hiểm ;  y_tế ;  kinh_doanh thương_mại điện_tử ;  kinh_doanh siêu_thị ;  thương_mại và các doanh_nghiệp , tổ_chức kinh_tế đã hoặc sẽ thực_hiện giao_dịch với cơ_quan thuế bằng phương_tiện điện_tử , xây_dựng_hạ_tầng công_nghệ thông_tin , có hệ_thống phần_mềm kế_toán , phần_mềm lập hóa_đơn điện_tử đáp_ứng lập , tra_cứu hóa_đơn điện_tử , lưu_trữ dữ_liệu hóa_đơn điện_tử theo quy_định và đảm_bảo việc truyền dữ_liệu hóa_đơn điện_tử đến người mua và đến cơ_quan thuế thì được sử_dụng hóa_đơn điện_tử không có mã của cơ_quan thuế ( trừ trường_hợp nêu tại khoản 3 Điều này và trường_hợp đăng_ký sử_dụng hóa_đơn điện_tử có mã của cơ_quan thuế ) khi bán hàng_hóa , cung_cấp dịch_vụ , không phân_biệt giá_trị từng lần bán hàng_hóa , cung_cấp dịch_vụ . 

3 . Doanh_nghiệp , tổ_chức kinh_tế , tổ_chức khác thuộc trường_hợp rủi_ro cao về thuế thì sử_dụng hóa_đơn điện_tử có mã của cơ_quan thuế khi bán hàng_hóa , cung_cấp dịch_vụ , không phân_biệt giá_trị từng lần bán hàng_hóa , cung_cấp dịch_vụ . 

4 . Hộ , cá_nhân kinh_doanh thực_hiện sổ_sách kế_toán , sử_dụng thường_xuyên từ 10 lao_động trở lên và có doanh_thu năm trước liền kề từ 03 ( ba ) tỷ đồng trở lên trong lĩnh_vực nông_nghiệp , lâm_nghiệp , thủy_sản , công_nghiệp , xây_dựng hoặc có doanh_thu năm trước liền kề từ 10 ( mười ) tỷ đồng trở lên trong lĩnh_vực thương_mại , dịch_vụ phải sử_dụng hóa_đơn điện_tử có mã của cơ_quan thuế khi bán hàng_hóa , cung_cấp dịch_vụ , không phân_biệt giá_trị từng lần bán hàng_hóa , cung_cấp dịch_vụ .  Hộ , cá_nhân kinh_doanh không thuộc diện bắt_buộc nhưng có thực_hiện sổ_sách kế_toán , có yêu_cầu thì cũng được áp_dụng hóa_đơn điện_tử có mã của cơ_quan thuế theo quy_định . 

5 . Hộ , cá_nhân kinh_doanh trong lĩnh_vực nhà_hàng , khách_sạn , bán_lẻ thuốc tân_dược , bán_lẻ hàng tiêu_dùng , cung_cấp dịch_vụ trực_tiếp đến người tiêu_dùng tại một_số địa_bàn có điều_kiện thuận_lợi thì triển_khai thí_điểm hóa_đơn điện_tử có mã của cơ_quan thuế được khởi tạo từ máy_tính tiền có kết_nối chuyển dữ_liệu điện_tử với cơ_quan thuế từ năm 2018 .  Trên_cơ_sở kết_quả triển_khai thí_điểm sẽ triển_khai trên toàn_quốc . 

6 . Hộ , cá_nhân kinh_doanh không đáp_ứng điều_kiện phải sử_dụng hóa_đơn điện_tử có mã của cơ_quan thuế tại khoản 4 Điều này nhưng cần có hóa_đơn để giao cho khách_hàng hoặc trường_hợp_doanh_nghiệp , tổ_chức kinh_tế , tổ_chức khác được cơ_quan thuế_chấp_nhận cấp hóa_đơn điện_tử để giao cho khách_hàng thì được cơ_quan thuế cấp hóa_đơn điện_tử có mã của cơ_quan thuế theo từng lần phát_sinh và phải khai , nộp thuế trước khi cơ_quan thuế cấp hóa_đơn điện_tử theo từng lần phát_sinh theo Mẫu_số 06 Phụ_lục ban_hành kèm theo Nghị_định này . 

7 . Bộ Tài_chính hướng_dẫn cụ_thể việc thực_hiện đối_với các trường_hợp sử_dụng hóa_đơn điện_tử có mã của cơ_quan thuế , sử_dụng hóa_đơn điện_tử có mã của cơ_quan thuế được khởi tạo từ máy_tính tiền có kết_nối chuyển dữ_liệu điện_tử với cơ_quan thuế ;  hướng_dẫn áp_dụng hóa_đơn điện_tử đối_với các trường_hợp rủi_ro cao về thuế ;  kết_nối chuyển dữ_liệu điện_tử từ các ngân_hàng thương_mại hoặc cổng thanh_toán điện_tử quốc_gia với cơ_quan thuế ;  hướng_dẫn việc cấp và khai xác_định nghĩa_vụ thuế khi cơ_quan thuế cấp hóa_đơn điện_tử có mã của cơ_quan thuế theo từng lần phát_sinh và các nội_dung khác cần_thiết theo yêu_cầu quản_lý . 

Điều 13 .  Cung_cấp dịch_vụ hóa_đơn điện_tử 

1 . Tổng_cục Thuế_cung_cấp dịch_vụ hóa_đơn điện_tử có mã của cơ_quan thuế không thu tiền đối_với các doanh_nghiệp , tổ_chức kinh_tế , hộ , cá_nhân kinh_doanh thuộc các trường_hợp sau : 

a ) Doanh_nghiệp nhỏ và vừa , hợp_tác_xã , hộ , cá_nhân kinh_doanh tại địa_bàn có điều_kiện kinh_tế xã_hội khó_khăn , địa_bàn có điều_kiện kinh_tế xã_hội đặc_biệt khó_khăn ; 

b ) Doanh_nghiệp nhỏ và vừa khởi_nghiệp sáng_tạo theo quy_định của pháp_luật và hộ , cá_nhân kinh_doanh chuyển_đổi thành doanh_nghiệp ( trừ doanh_nghiệp quy_định tại điểm a khoản này ) trong thời_gian 12 tháng kể từ khi thành_lập doanh_nghiệp ; 

c ) Hộ , cá_nhân kinh_doanh .  Riêng hộ , cá_nhân kinh_doanh có doanh_thu năm trước liền kề từ 03 ( ba ) tỷ đồng trở lên trong lĩnh_vực nông_nghiệp , lâm_nghiệp , thủy_sản , công_nghiệp , xây_dựng hoặc có doanh_thu năm trước liền kề từ 10 ( mười ) tỷ đồng trở lên trong lĩnh_vực thương_mại , dịch_vụ theo quy_định tại khoản 4 Điều 12 Nghị_định này trong thời_gian 12 tháng kể từ tháng áp_dụng hóa_đơn điện_tử có mã của cơ_quan thuế theo quy_định tại Nghị_định này ; 

d ) Doanh_nghiệp nhỏ và vừa khác theo đề_nghị của Ủy_ban nhân_dân tỉnh , thành_phố trực_thuộc Trung_ương và quy_định của Bộ Tài_chính_trừ doanh_nghiệp hoạt_động tại các khu kinh_tế , khu công_nghiệp , khu công_nghệ_cao ; 

đ ) Các trường_hợp khác cần_thiết để khuyến_khích sử_dụng hóa_đơn điện_tử do Bộ Tài_chính quyết_định . 

2 . Tổng_cục Thuế thực_hiện hoặc ủy_thác cho tổ_chức cung_cấp dịch_vụ về hóa_đơn điện_tử thực_hiện cung_cấp hóa_đơn điện_tử có mã của cơ_quan thuế miễn_phí cho các đối_tượng nêu tại khoản 1 Điều này . 

3 . Tổ_chức cung_cấp dịch_vụ hóa_đơn điện_tử khi cung_cấp dịch_vụ hóa_đơn điện_tử được thu tiền dịch_vụ theo thỏa_thuận tại Hợp_đồng ký giữa tổ_chức cung_cấp dịch_vụ và bên nhận dịch_vụ là các doanh_nghiệp , tổ_chức kinh_tế , hộ , cá_nhân kinh_doanh không thuộc trường_hợp quy_định tại khoản 1 Điều này . 

Điều 24 .  Xử_lý đối_với hóa_đơn điện_tử không có mã của cơ_quan thuế đã lập 

1 . Doanh_nghiệp , tổ_chức kinh_tế đã lập hóa_đơn điện_tử không có mã của cơ_quan thuế và gửi cho người mua có sai_sót ( do người bán hoặc người mua phát_hiện ) thì người bán và người mua phải lập văn_bản thỏa_thuận ghi rõ sai_sót , đồng_thời người bán thông_báo với cơ_quan thuế theo Mẫu_số 04 Phụ_lục ban_hành kèm theo Nghị_định này về việc hủy_hóa đơn điện_tử đã lập có sai_sót và lập hóa_đơn điện_tử mới thay_thế hóa_đơn đã lập có sai_sót gửi cho người mua , cơ_quan thuế . 

2 . Trường_hợp sau khi nhận dữ_liệu hóa_đơn , cơ_quan thuế phát_hiện hóa_đơn điện_tử đã lập có sai_sót thì cơ_quan thuế thông_báo cho người bán theo Mẫu_số 05 Phụ_lục ban_hành kèm theo Nghị_định này để người bán kiểm_tra sai_sót .  Trong thời_hạn 02 ngày kể từ ngày nhận được thông_báo của cơ_quan thuế , người bán thực_hiện thông_báo với cơ_quan thuế theo Mẫu_số 04 Phụ_lục ban_hành kèm theo Nghị_định này về việc hủy_hóa đơn điện_tử không có mã của cơ_quan thuế và lập hóa_đơn điện_tử mới thay_thế hóa_đơn đã lập để gửi cho người mua , cơ_quan thuế . 

Điều 30 .  Xây_dựng Quy_chế cung_cấp , sử_dụng thông_tin_hóa đơn điện_tử 

Bộ Tài_chính chủ_trì , phối_hợp với các bộ , đơn_vị liên_quan ban_hành Quy_chế cung_cấp , sử_dụng thông_tin_hóa đơn điện_tử . 
