Nghị định Về việc sửa đổi, bổ sung một số điều của Điều lệ phục vụ của hạ sĩ quan, binh sĩ Quân đội nhân dân Việt Nam ban hành kèm theo Nghị định số 54/CP ngày 07 tháng 08 năm 1995 của Chính phủ

Căn_cứ <L rel="Pursuant"> Luật Tổ_chức Chính_phủ ngày 25 tháng12 năm 2001 </L> ;
Căn_cứ <L rel="Pursuant"> Luật Nghĩa_vụ quân_sự ngày 30 tháng 12 năm 1981 </L> ; <L rel="Pursuant"> Luật sửa_đổi bổ_sung một_số điều của <L rel="Others"> Luật Nghĩa_vụ quân_sự </L> ngày 21 tháng 12 năm 1990 </L> ;
Điều 1 . Sửa_đổi , bổ_sung một_số điều của Điều_lệ phục_vụ của hạ_sĩ_quan , binh_sĩ Quân_đội nhân_dân Việt_Nam ( Ban_hành kèm theo <NĐ rel="Amended"> Nghị_định số 54/CP ngày 07 tháng 8 năm 1995 </NĐ> của Chính_phủ ) như sau :
1 . Sửa_đổi , bổ_sung khoản 2 Điều 2 như sau : 

" 2 .  Hạ_sĩ_quan , binh_sĩ dự_bị được chia thành quân_nhân dự_bị hạng một và quân_nhân dự_bị hạng hai : 

a ) Quân_nhân dự_bị hạng một gồm : 

Hạ_sĩ_quan , binh_sĩ đã phục_vụ tại_ngũ đủ thời_hạn hoặc trên thời_hạn quy_định ;  hạ_sĩ_quan , binh_sĩ xuất_ngũ trước thời_hạn , nhưng đã phục_vụ tại_ngũ trên 06 tháng ;  hạ_sĩ_quan , binh_sĩ đã trải qua chiến_đấu ;  nam quân_nhân dự_bị hạng hai đã trải qua huấn_luyện_tập_trung đủ 06 tháng . 

b ) Quân_nhân dự_bị hạng hai gồm : 

Hạ_sĩ_quan , binh_sĩ xuất_ngũ trước thời_hạn nhưng đã phục_vụ tại_ngũ dưới 06 tháng ; công_dân nam chưa phục_vụ tại_ngũ từ 26 tuổi trở lên được chuyển sang ngạch dự_bị ; công_dân nữ đã đăng_ký nghĩa_vụ quân_sự theo quy_định tại Điều 4 của <L rel="Reference"> Luật Nghĩa_vụ quân_sự </L> " .
2 . Sửa_đổi , bổ_sung khoản 3 Điều 2 như sau : 

" 3 .  Hạ_sĩ_quan , binh_sĩ dự_bị ở mỗi hạng được chia thành hai nhóm : 

Nhóm A : gồm những công_dân nam đến hết 35 tuổi ;  công_dân nữ đến hết 30 tuổi ; 

Nhóm B : gồm những công_dân nam từ 36 tuổi đến hết 45 tuổi ;  công_dân nữ từ 31 tuổi đến hết 40 tuổi " . 

3 . Sửa_đổi , bổ_sung Điều 6 như sau : 

" Điều 6 : 

1 . Cấp_bậc quân_hàm và chức_vụ của hạ_sĩ_quan , binh_sĩ được quy_định như sau : 

a ) Binh_nhì , binh_nhất : Chiến_sĩ ; 

b ) Hạ_sĩ : Phó Tiểu_đội_trưởng ; 

c ) Trung_sĩ : Tiểu_đội_trưởng ; 

d ) Thượng_sĩ : Phó_Trung_đội_trưởng . 

2 . Cấp_bậc quân_hàm và chức_vụ tương_đương với chức_vụ quy_định tại khoản 1 Điều này do Bộ_trưởng Bộ Quốc_phòng quy_định " . 

4 . Sửa_đổi , bổ_sung Điều 8 như sau : 

" Điều 8 .  Hạ_sĩ_quan , binh_sĩ vi_phạm kỷ_luật quân_đội , pháp_luật của Nhà_nước bị xử_phạt theo Điều_lệnh quản_lý bộ_đội của Quân_đội nhân_dân Việt_Nam và pháp_luật của Nhà_nước " . 

5 . Sửa_đổi , bổ_sung Điều 16 như sau : 

' ' Điều 16 . Hạ_sĩ_quan , binh_sĩ tại_ngũ được hưởng các chế_độ theo <L rel="Reference"> Luật Nghĩa_vụ quân_sự ngày 30 tháng 12 năm 1981 </L> ; <L rel="Reference"> Luật sửa_đổi , bổ_sung một_số điều của <L rel="Others"> Luật Nghĩa_vụ quân_sự </L> ngày 21 tháng 12 năm 1990 </L> ; <L rel="Reference"> Luật sửa_đổi , bổ_sung một_số điều của <L rel="Others"> Luật Nghĩa_vụ quân_sự </L> ngày 22 tháng 6 năm 1994 </L> ; <L rel="Reference"> Luật sửa_đổi , bổ_sung một_số điều của <L rel="Others"> Luật Nghĩa_vụ quân_sự </L> ngày 14 tháng 6 năm 2005 </L> và chế_độ , chính_sách quy_định tại các Nghị_định của Chính_phủ . Cụ_thể như sau :
1 . Được đảm_bảo cung_cấp kịp_thời tiêu_chuẩn vật_chất hậu_cần theo quy_định tại <NĐ rel="Reference"> Nghị_định số 123/2003/NĐ-CP ngày 22 tháng 10 năm 2003 </NĐ> của Chính_phủ .
2 . Từ năm thứ hai trở đi được đi_phép . 

3 . Khoản phụ_cấp thêm từ tháng thứ 19 và tháng thứ 25 trở đi thực_hiện theo quy_định tại khoản 1 , khoản 2 và khoản 3 Điều 2 <NĐ rel="Reference"> Nghị_định số 122/2006/NĐ-CP ngày 26 tháng 10 năm 2006 </NĐ> của Chính_phủ .
4 . Được tính nhân_khẩu trong gia_đình khi gia_đình được cấp hoặc điều_chỉnh diện_tích nhà ở , đất xây_dựng nhà ở và đất canh_tác . 

5 . Thời_gian phục_vụ tại_ngũ của hạ_sĩ_quan , binh_sĩ được tính là thời_gian đóng bảo_hiểm_xã_hội . 

6 . Được ưu_tiên mua vé đi_lại bằng các phương_tiện giao_thông_thuộc các thành_phần kinh_tế . 

7 . Được ưu_đãi về bưu_phí theo quy_định của Thủ_tướng Chính_phủ " . 

6 . Sửa_đổi , bổ_sung Điều 17 như sau : 

" Điều 17 . Hạ_sĩ_quan , binh_sĩ khi xuất_ngũ được hưởng các quyền_lợi theo quy_định tại Điều 4 <NĐ rel="Reference"> Nghị_định số 122/2006/NĐ-CP ngày 26 tháng 10 năm 2006 </NĐ> của Chính_phủ " .
7 . Sửa_đổi , bổ_sung Điều 18 như sau : 

" Điều 18 . Hạ_sĩ_quan , binh_sĩ có thời_hạn phục_vụ tại_ngũ 24 tháng khi xuất_ngũ được hưởng chính_sách theo quy_định tại khoản 4 Điều 4 <NĐ rel="Reference"> Nghị_định số 122/2006/NĐ-CP ngày 26 tháng 10 năm 2006 </NĐ> của Chính_phủ " .
8 . Sửa_đổi Điều 19 như sau : 

" Bãi_bỏ Điều 19 quy_định về nghĩa_vụ lao_động công_ích " . 

9 . Sửa_đổi , bổ_sung Điều 20 như sau : 

" Điều 20 .  Quân_nhân dự_bị trong thời_gian tập_trung huấn_luyện , kiểm_tra tình_trạng sẵn_sàng chiến_đấu , gia_đình được trợ_cấp như sau : 

1 . Đối_với quân_nhân dự_bị hạng 1 : 

a ) Quân_nhân dự_bị hạng 1 đang hưởng tiền_lương , tiền công thì gia_đình được hưởng trợ_cấp mỗi ngày bằng hệ_số 0,05 so với mức tiền_lương tối_thiểu ; 

b ) Quân_nhân dự_bị hạng 1 không hưởng tiền_lương , tiền công thì gia_đình được hưởng trợ_cấp mỗi ngày bằng hệ_số 0,1 so với mức tiền_lương tối_thiểu ; 

2 . Đối_với quân_nhân dự_bị hạng 2 : 

a ) Quân_nhân dự_bị hạng 2 đang hưởng tiền_lương , tiền công thì gia_đình được hưởng trợ_cấp mỗi ngày bằng hệ_số 0,025 so với mức tiền_lương tối_thiểu ; 

b ) Quân_nhân dự_bị hạng 2 không hưởng tiền_lương , tiền công thì gia_đình được hưởng trợ_cấp mỗi ngày bằng hệ_số 0,05 so với mức tiền_lương tối_thiểu " . 

Điều 2 .  Nghị_định này có hiệu_lực thi_hành sau 15 ngày , kể từ ngày đăng Công_báo , các quy_định trước_đây trái với Nghị_định này đều bãi_bỏ . 

Điều 3 .  Bộ_trưởng Bộ Quốc_phòng hướng_dẫn thực_hiện Nghị_định này . 

Điều 4 .  Các Bộ_trưởng , Thủ_trưởng cơ_quan ngang Bộ , Thủ_trưởng cơ_quan thuộc Chính_phủ , Chủ_tịch Ủy_ban nhân_dân các tỉnh , thành_phố trực_thuộc Trung_ương chịu trách_nhiệm thi_hành Nghị_định này ./. 