Nghị định quy định về kinh doanh xuất khẩu gạo

Căn_cứ <L rel="Pursuant"> Luật tổ_chức Chính_phủ ngày 19 tháng 6 năm 2015 </L> ;
Căn_cứ <L rel="Pursuant"> Luật đầu_tư ngày 26 tháng 11 năm 2014 </L> ;
Căn_cứ <L rel="Pursuant"> Luật doanh_nghiệp ngày 26 tháng 11 năm 2014 </L> ;
Căn_cứ <L rel="Pursuant"> Luật Quản_lý ngoại_thương ngày 12 tháng 6 năm 2017 </L> ;
Căn_cứ <L rel="Pursuant"> Luật thương_mại ngày 14 tháng 6 năm 2005 </L> ;
Căn_cứ <L rel="Pursuant"> Luật giá ngày 20 tháng 6 năm 2012 </L> ;
Căn_cứ các tiêu_chí quy_định tại khoản 6 Điều này và quy_định do Bộ Công_Thương ban_hành , Hiệp_hội Lương_thực Việt_Nam phân_bổ số_lượng gạo 80 % còn lại của hợp_đồng tập_trung cho các thương_nhân kinh_doanh xuất_khẩu gạo khác để thực_hiện ủy_thác xuất_khẩu . 

Điều 1 .  Phạm_vi điều_chỉnh 

1 . Nghị_định này quy_định về kinh_doanh xuất_khẩu thóc , gạo các loại ( sau đây gọi chung là gạo ) . 

2 . Hoạt_động nhập_khẩu , tạm nhập tái_xuất , tạm xuất tái_nhập , chuyển khẩu , quá_cảnh , gia_công gạo cho nước_ngoài ;  hoạt_động xuất_khẩu phi mậu_dịch , viện_trợ , biếu , tặng gạo không thuộc phạm_vi điều_chỉnh của Nghị_định này . 

Điều 2 .  Đối_tượng áp_dụng 

Nghị_định này áp_dụng đối_với thương_nhân theo quy_định của <L rel="Reference"> Luật thương_mại </L> ; các cơ_quan , tổ_chức có trách_nhiệm trong quản_lý , điều_hành xuất_khẩu gạo và các tổ_chức , cá_nhân khác có liên_quan .
Điều 3 .  Quyền kinh_doanh xuất_khẩu gạo 

1 . Thương_nhân Việt_Nam thuộc mọi thành_phần kinh_tế , nếu đáp_ứng đủ điều_kiện quy_định tại Điều 4 Nghị_định này và được cấp Giấy chứng_nhận đủ điều_kiện kinh_doanh xuất_khẩu gạo ( sau đây viết tắt là Giấy chứng_nhận ) , có quyền được kinh_doanh xuất_khẩu gạo theo quy_định tại Nghị_định này và các quy_định khác của pháp_luật có liên_quan . 

2 . Thương_nhân là doanh_nghiệp có vốn đầu_tư trực_tiếp nước_ngoài được cấp Giấy chứng_nhận và thực_hiện hoạt_động kinh_doanh xuất_khẩu gạo theo quy_định tại Nghị_định này ;  các quy_định khác có liên_quan của pháp_luật Việt_Nam và cam_kết của nước Cộng_hòa xã_hội chủ_nghĩa Việt_Nam trong các điều_ước quốc_tế mà nước Cộng_hòa xã_hội chủ_nghĩa Việt_Nam là thành_viên . 

Điều 4 .  Điều_kiện kinh_doanh xuất_khẩu gạo 

1 . Thương_nhân được thành_lập , đăng_ký kinh_doanh theo quy_định của pháp_luật được kinh_doanh xuất_khẩu gạo khi đáp_ứng các điều_kiện sau : 

a ) Có ít_nhất 01 kho chuyên_dùng để chứa thóc , gạo phù_hợp với tiêu_chuẩn , quy_chuẩn kỹ_thuật quốc_gia về kho chứa thóc , gạo do cơ_quan có thẩm_quyền ban_hành theo quy_định của <L rel="Reference"> Luật tiêu_chuẩn và quy_chuẩn kỹ_thuật </L> ;
b ) Có ít_nhất 01 cơ_sở xay , xát hoặc cơ_sở chế_biến thóc , gạo phù_hợp với tiêu_chuẩn , quy_chuẩn kỹ_thuật quốc_gia về kho chứa và cơ_sở xay , xát , chế_biến thóc , gạo do cơ_quan có thẩm_quyền ban_hành theo quy_định của <L rel="Reference"> Luật tiêu_chuẩn và quy_chuẩn kỹ_thuật </L> .
2 . Kho chứa , cơ_sở xay , xát , chế_biến thóc , gạo để đáp_ứng điều_kiện kinh_doanh quy_định tại khoản 1 Điều này có_thể thuộc sở_hữu của thương_nhân hoặc do thương_nhân thuê của tổ_chức , cá_nhân khác , có hợp_đồng thuê bằng văn_bản theo quy_định của pháp_luật với thời_hạn thuê tối_thiểu 05 năm . 

Thương_nhân có Giấy chứng_nhận không được cho thuê , cho thuê lại kho chứa , cơ_sở xay , xát , chế_biến thóc , gạo đã được kê_khai để chứng_minh việc đáp_ứng điều_kiện kinh_doanh trong đơn đề_nghị cấp Giấy chứng_nhận của mình để thương_nhân khác sử_dụng vào mục_đích xin cấp Giấy chứng_nhận . 

3 . Thương_nhân chỉ xuất_khẩu gạo hữu_cơ , gạo đồ , gạo tăng_cường vi_chất dinh_dưỡng không cần đáp_ứng các điều_kiện kinh_doanh quy_định tại điểm a , điểm b khoản 1 , khoản 2 Điều này , được xuất_khẩu các loại gạo này không cần có Giấy chứng_nhận , không phải thực_hiện dự_trữ lưu_thông quy_định tại Điều 12 và có trách_nhiệm báo_cáo theo quy_định tại khoản 2 Điều 24 Nghị_định này . 

Khi thực_hiện thủ_tục hải_quan xuất_khẩu , thương_nhân xuất_khẩu gạo hữu_cơ , gạo đồ , gạo tăng_cường vi_chất dinh_dưỡng không có Giấy chứng_nhận chỉ cần xuất_trình cho cơ_quan Hải_quan bản_chính hoặc bản_sao có chứng_thực của cơ_quan , tổ_chức có thẩm_quyền văn_bản xác_nhận , chứng_nhận của cơ_quan , tổ_chức có thẩm_quyền hoặc chứng_thư giám_định gạo xuất_khẩu do tổ_chức giám_định cấp theo quy_định của pháp_luật về việc sản_phẩm gạo xuất_khẩu phù_hợp với các tiêu_chí , phương_pháp xác_định do Bộ Nông_nghiệp và Phát_triển nông_thôn , Bộ Y_tế hướng_dẫn theo quy_định tại điểm đ khoản 2 , khoản 3 Điều 22 Nghị_định này . 

Điều 5 .  Kiểm_tra điều_kiện kinh_doanh xuất_khẩu gạo 

1 . Thương_nhân tự kê_khai hồ_sơ đề_nghị cấp Giấy chứng_nhận , tự chịu trách_nhiệm trước pháp_luật về nội_dung đã kê_khai , về các giấy_tờ , tài_liệu trong hồ_sơ đề_nghị cấp Giấy chứng_nhận quy_định tại Điều 6 và việc đáp_ứng các điều_kiện kinh_doanh xuất_khẩu gạo quy_định tại Điều 4 Nghị_định này . 

2 . Sở Công_Thương chủ_trì , phối_hợp với Sở Nông_nghiệp và Phát_triển nông_thôn và cơ_quan liên_quan tổ_chức hậu kiểm kho chứa , cơ_sở xay , xát , chế_biến thóc , gạo để đáp_ứng điều_kiện kinh_doanh xuất_khẩu gạo trên địa_bàn của thương_nhân sau khi thương_nhân được cấp Giấy chứng_nhận . 

Trong thời_hạn 05 ngày làm_việc , kể từ ngày kết_thúc việc kiểm_tra , Sở Công_Thương báo_cáo Bộ Công_Thương kết_quả kiểm_tra bằng văn_bản , đề_xuất biện_pháp xử_lý vi_phạm ( nếu có ) và gửi kèm theo biên_bản kiểm_tra . 

3 . Theo kế_hoạch_định_kỳ hàng năm hoặc đột_xuất , Bộ Công_Thương chủ_trì , phối_hợp với các cơ_quan liên_quan kiểm_tra công_tác hậu kiểm quy_định tại khoản 2 Điều này và việc duy_trì đáp_ứng các điều_kiện kinh_doanh xuất_khẩu gạo của thương_nhân . 

Điều 6 .  Cấp Giấy chứng_nhận đủ điều_kiện kinh_doanh xuất_khẩu gạo 

1 . Bộ Công_Thương cấp Giấy chứng_nhận cho thương_nhân theo quy_định tại Điều 4 Nghị_định này . 

2 . Hồ_sơ đề_nghị cấp Giấy chứng_nhận gồm : 

a ) Đơn đề_nghị theo Mẫu_số 01 quy_định tại Phụ_lục kèm theo Nghị_định này : 01 bản_chính ; 

b ) Giấy chứng_nhận đăng_ký kinh_doanh hoặc Giấy chứng_nhận đăng_ký doanh_nghiệp , Giấy chứng_nhận đầu_tư : 01 bản_sao , có xác_nhận và đóng_dấu sao y bản_chính của thương_nhân ; 

c ) Hợp_đồng thuê kho chứa , cơ_sở xay , xát , chế_biến thóc , gạo ( đối_với trường_hợp thương_nhân thuê kho chứa , cơ_sở xay , xát , chế_biến ) hoặc giấy_tờ chứng_minh quyền sử_dụng đất , quyền sở_hữu kho chứa , cơ_sở xay , xát , chế_biến ( đối_với trường_hợp kho chứa , cơ_sở xay , xát , chế_biến thuộc sở_hữu của thương_nhân ) : 01 bản_sao , có xác_nhận và đóng_dấu sao y bản_chính của thương_nhân . 

3 . Số_lượng bộ hồ_sơ : 01 bộ . 

Thương_nhân có_thể nộp hồ_sơ trực_tiếp tại trụ_sở Bộ Công_Thương hoặc gửi hồ_sơ qua đường bưu_điện ( địa_chỉ nhận hồ_sơ : Bộ Công_Thương , số 54 , Hai_Bà_Trưng , quận Hoàn_Kiếm , thành_phố Hà_Nội ) hoặc nộp hồ_sơ trên Trang dịch_vụ công trực_tuyến , Cổng thông_tin điện_tử Bộ Công_Thương . 

Trường_hợp nộp hồ_sơ trực_tiếp tại trụ_sở Bộ Công_Thương , thương_nhân có_thể nộp bản chụp các giấy_tờ , tài_liệu quy_định tại điểm b , điểm c khoản 2 Điều này và xuất_trình kèm theo bản_chính để đối_chiếu . 

4 . Trong thời_hạn 15 ngày làm_việc , kể từ ngày nhận đủ hồ_sơ hợp_lệ , Bộ Công_Thương xem_xét , cấp Giấy chứng_nhận theo Mẫu_số 02 quy_định tại Phụ_lục kèm theo Nghị_định này . 

Trường_hợp không cấp Giấy chứng_nhận , trong thời_hạn 07 ngày làm_việc , kể từ ngày nhận được hồ_sơ , Bộ Công_Thương phải trả_lời thương_nhân bằng văn_bản và nêu rõ lý_do . 

5 . Giấy chứng_nhận có thời_hạn hiệu_lực là 05 năm , kể từ ngày cấp .  Khi Giấy chứng_nhận hết hiệu_lực , thương_nhân phải đề_nghị cấp Giấy chứng_nhận mới để được tiếp_tục kinh_doanh xuất_khẩu gạo . 

6 . Việc cấp Giấy chứng_nhận mới cho thương_nhân để thay_thế Giấy chứng_nhận sắp hết hiệu_lực được thực_hiện như sau : 

a ) Tối_thiểu 30 ngày trước ngày hết hiệu_lực của Giấy chứng_nhận , thương_nhân gửi hồ_sơ đề_nghị cấp Giấy chứng_nhận theo quy_định tại khoản 2 Điều này đến Bộ Công_Thương ; 

b ) Số_lượng bộ hồ_sơ , cách_thức nộp hồ_sơ , thời_hạn xem_xét , cấp Giấy chứng_nhận mới thực_hiện theo quy_định tại khoản 3 , khoản 4 Điều này . 

Điều 7 .  Cấp lại , điều_chỉnh nội_dung Giấy chứng_nhận 

1 . Bộ Công_Thương xem_xét , cấp lại Giấy chứng_nhận trong các trường_hợp Giấy chứng_nhận bị thất_lạc , bị hư_hỏng hoặc bị tiêu_hủy . 

Hồ_sơ đề_nghị cấp lại Giấy chứng_nhận gồm : 

a ) Đơn đề_nghị theo Mẫu_số 03 quy_định tại Phụ_lục kèm theo Nghị_định này : 01 bản_chính ; 

b ) Bản_chính Giấy chứng_nhận đã được cấp .  Trường_hợp không còn bản_chính do bị thất_lạc , bị hư_hỏng hoặc bị tiêu_hủy , thương_nhân phải có báo_cáo giải_trình và nêu rõ lý_do . 

2 . Bộ Công_Thương xem_xét , điều_chỉnh nội_dung Giấy chứng_nhận trong các trường_hợp có sự thay_đổi nội_dung Giấy chứng_nhận . 

Hồ_sơ đề_nghị điều_chỉnh nội_dung Giấy chứng_nhận gồm : 

b ) Các tài_liệu liên_quan đến sự thay_đổi nội_dung Giấy chứng_nhận : 01 bản_sao , có xác_nhận và đóng_dấu sao y bản_chính của thương_nhân . 

Thương_nhân có_thể nộp hồ_sơ trực_tiếp tại trụ_sở Bộ Công_Thương hoặc gửi qua đường bưu_điện ( địa_chỉ nhận hồ_sơ : Bộ Công_Thương , số 54 , Hai_Bà_Trưng , quận Hoàn_Kiếm , thành_phố Hà_Nội ) hoặc nộp hồ_sơ trên Trang dịch_vụ công trực_tuyến , Cổng thông_tin điện_tử Bộ Công_Thương . 

Trường_hợp nộp hồ_sơ trực_tiếp tại trụ_sở Bộ Công_Thương , thương_nhân có_thể nộp bản chụp các giấy_tờ , tài_liệu quy_định tại điểm b khoản 2 Điều này và xuất_trình kèm theo bản_chính để đối_chiếu . 

4 . Thời_hạn xem_xét , cấp lại hoặc điều_chỉnh nội_dung Giấy chứng_nhận là 10 ngày làm_việc , kể từ ngày nhận đủ hồ_sơ hợp_lệ .  Trường_hợp không đồng_ý cấp lại hoặc điều_chỉnh nội_dung Giấy chứng_nhận , trong thời_hạn 07 ngày làm_việc , kể từ ngày nhận được hồ_sơ , Bộ Công_Thương phải trả_lời thương_nhân bằng văn_bản và nêu rõ lý_do . 

5 . Thời_hạn hiệu_lực của Giấy chứng_nhận được cấp lại hoặc được điều_chỉnh nội_dung theo quy_định tại khoản 1 , khoản 2 Điều này là thời_hạn hiệu_lực của Giấy chứng_nhận đã được cấp trước đó . 

Điều 8 .  Thu_hồi Giấy chứng_nhận 

1 . Bộ Công_Thương xem_xét , quyết_định việc thu_hồi Giấy chứng_nhận trong các trường_hợp sau : 

a ) Thương_nhân được cấp Giấy chứng_nhận đề_nghị thu_hồi ; 

b ) Thương_nhân bị giải_thể , phá_sản theo quy_định của pháp_luật ; 

c ) Thương_nhân bị thu_hồi Giấy chứng_nhận đăng_ký kinh_doanh hoặc Giấy chứng_nhận đăng_ký doanh_nghiệp , Giấy chứng_nhận đăng_ký đầu_tư ; 

d ) Thương_nhân không xuất_khẩu gạo trong thời_gian 18 tháng liên_tục , trừ trường_hợp thương_nhân đã thông_báo tạm ngừng kinh_doanh theo quy_định của pháp_luật ; 

đ ) Thương_nhân không duy_trì đáp_ứng điều_kiện kinh_doanh theo quy_định tại khoản 1 , khoản 2 Điều 4 Nghị_định này trong quá_trình kinh_doanh ; 

e ) Thương_nhân kê_khai không đúng thực_tế kho chứa , cơ_sở xay , xát , chế_biến thóc , gạo hoặc có gian_lận khác để được cấp Giấy chứng_nhận ; 

g ) Thương_nhân không thực_hiện hoặc thực_hiện không đúng chỉ_đạo , điều_hành của cơ_quan có thẩm_quyền theo quy_định tại Điều 15 Nghị_định này . 

2 . Trong trường_hợp thương_nhân bị thu_hồi Giấy chứng_nhận theo quy_định tại khoản 1 Điều này , Bộ Công_Thương chỉ xem_xét , cấp Giấy chứng_nhận mới cho thương_nhân sau khi đã hết thời_hạn tối_thiểu sau đây : 

a ) Trường_hợp bị thu_hồi Giấy chứng_nhận do vi_phạm_quy_định tại điểm d , điểm đ hoặc vi_phạm lần đầu quy_định tại điểm e , điểm g khoản 1 Điều này , thời_hạn này là 12 tháng , kể từ ngày có quyết_định thu_hồi ; 

b ) Trường_hợp thương_nhân đã bị thu_hồi Giấy chứng_nhận do vi_phạm_quy_định tại điểm e , điểm g khoản 1 Điều này mà tái_phạm , thời_hạn này là 24 tháng , kể từ ngày có quyết_định thu_hồi gần nhất . 

3 . Việc cấp Giấy chứng_nhận mới cho thương_nhân sau khi bị thu_hồi thực_hiện theo quy_định tại Điều 6 Nghị_định này và chỉ được thực_hiện khi đã hết thời_hạn tối_thiểu quy_định tại khoản 2 Điều này . 

Điều 9 .  Lệ_phí cấp , cấp lại , điều_chỉnh nội_dung Giấy chứng_nhận 

Thương_nhân đề_nghị cấp , cấp lại , điều_chỉnh nội_dung Giấy chứng_nhận không phải nộp lệ_phí . 

Điều 10 .  Mục_tiêu , nguyên_tắc điều_hành xuất_khẩu gạo 

1 . Góp_phần tiêu_thụ thóc , gạo hàng_hóa và bảo_đảm lợi_ích người trồng lúa theo chính_sách hiện_hành . 

2 . Bảo_đảm cân_đối xuất_khẩu và tiêu_dùng nội_địa ;  góp_phần bình_ổn giá thóc , gạo trong nước . 

3 . Thực_hiện các cam_kết quốc_tế ;  bảo_đảm xuất_khẩu có hiệu_quả . 

Điều 11 .  Cân_đối nguồn thóc , gạo hàng_hóa xuất_khẩu 

1 . Hàng năm , Bộ Nông_nghiệp và Phát_triển nông_thôn chủ_trì , phối_hợp với Ủy_ban nhân_dân cấp tỉnh thực_hiện cân_đối nhu_cầu tiêu_dùng thóc , gạo trong nước , công_bố vào quý IV hàng năm nguồn thóc , gạo hàng_hóa có_thể xuất_khẩu trong năm kế_hoạch tiếp_theo ;  cập_nhật và thông_báo với Bộ Công_Thương , Ủy_ban nhân_dân cấp tỉnh , Hiệp_hội Lương_thực Việt_Nam về tình_hình sản_xuất , sản_lượng , nguồn thóc , gạo hàng_hóa có_thể xuất_khẩu theo từng chủng_loại , mùa_vụ trong năm . 

2 . Việc điều_hành xuất_khẩu gạo thực_hiện trên cơ_sở nguồn thóc , gạo hàng_hóa được cân_đối cho xuất_khẩu hàng năm theo quy_định tại khoản 1 Điều này . 

Điều 12 .  Dự_trữ lưu_thông 

Thương_nhân kinh_doanh xuất_khẩu gạo phải thường_xuyên duy_trì mức dự_trữ lưu_thông tối_thiểu tương_đương 5 % số_lượng gạo mà thương_nhân đã xuất_khẩu trong 06 tháng trước đó . 

Điều 13 .  Mua thóc , gạo hàng_hóa xuất_khẩu 

1 . Thương_nhân kinh_doanh xuất_khẩu gạo có trách_nhiệm thông_báo với Ủy_ban nhân_dân cấp tỉnh các điểm mua thóc , gạo và công_bố các điểm mua , niêm_yết_giá mua theo chất_lượng , chủng_loại thóc , gạo hàng_hóa và mùa_vụ thu_hoạch để người nông_dân biết và trực_tiếp giao_dịch . 

2 . Trường_hợp mua thóc , gạo hàng_hóa qua thương_nhân khác hoặc từ các cơ_sở chế_biến , thương_nhân và các cơ_sở chế_biến phải liên_kết , tổ_chức thành hệ_thống ổn_định để thực_hiện quy_định tại khoản 1 Điều này . 

Điều 14 .  Xác_định , công_bố giá thóc định_hướng 

1 . Bộ Tài_chính chủ_trì , phối_hợp với Bộ Nông_nghiệp và Phát_triển nông_thôn ban_hành quy_định , hướng_dẫn phương_pháp điều_tra , xác_định chi_phí sản_xuất và tính giá_thành sản_xuất thóc hàng_hóa để Ủy_ban nhân_dân cấp tỉnh làm căn_cứ xác_định và công_bố giá_thành sản_xuất lúa bình_quân dự_tính trong toàn tỉnh , thành_phố ngay từ đầu vụ đối_với từng vụ sản_xuất trong năm . 

2 . Trên_cơ_sở giá_thành sản_xuất lúa bình_quân dự_tính từng vụ sản_xuất do Ủy_ban nhân_dân cấp tỉnh công_bố , Bộ Tài_chính chủ_trì , phối_hợp với Bộ Nông_nghiệp và Phát_triển nông_thôn kiểm_tra , tổng_hợp và xác_định giá_thành sản_xuất lúa bình_quân dự_tính từng vụ sản_xuất của toàn khu_vực sản_xuất . 

3 . Trên_cơ_sở giá_thành sản_xuất bình_quân dự_tính từng vụ , Bộ Tài_chính xác_định , công_bố giá thóc định_hướng ngay từ đầu vụ để làm cơ_sở áp_dụng các biện_pháp bình_ổn giá thóc , gạo hàng_hóa trên thị_trường , góp_phần bảo_đảm mức lợi_nhuận bình_quân cho người trồng lúa theo chính_sách hiện_hành . 

Điều 15 .  Bình_ổn giá thóc , gạo hàng_hóa trong nước 

1 . Việc công_bố và áp_dụng các biện_pháp bình_ổn giá thóc , gạo thực_hiện theo quy_định của pháp_luật về giá . 

2 . Trường_hợp giá thóc , gạo hàng_hóa tăng quá cao bất_hợp_lý , thương_nhân kinh_doanh xuất_khẩu gạo có trách_nhiệm tổ_chức hệ_thống phân_phối gạo , cung_ứng ngay lượng gạo tồn_kho và lượng gạo dự_trữ lưu_thông để bình_ổn thị_trường nội_địa theo chỉ_đạo của cơ_quan nhà_nước có thẩm_quyền . 

3 . Trường_hợp giá thóc , gạo hàng_hóa giảm quá thấp bất_hợp_lý , không phù_hợp với giá thóc định_hướng quy_định tại Điều 14 Nghị_định này , Bộ Nông_nghiệp và Phát_triển nông_thôn chủ_trì , phối_hợp với các Bộ : Tài_chính , Công_Thương , Ngân_hàng Nhà_nước Việt_Nam và Hiệp_hội Lương_thực Việt_Nam trình Thủ_tướng Chính_phủ xem_xét , quyết_định áp_dụng biện_pháp cụ_thể để điều_tiết thị_trường , góp_phần hạn_chế thiệt_hại cho người sản_xuất . 

4 . Thương_nhân kinh_doanh xuất_khẩu gạo có trách_nhiệm thực_hiện các biện_pháp bình_ổn giá thóc , gạo quy_định tại Điều này và được bù_đắp các chi_phí phát_sinh theo quyết_định , chỉ_đạo của cơ_quan Nhà_nước có thẩm_quyền . 

Điều 16 .  Liên_kết sản_xuất , tiêu_thụ và xây_dựng vùng nguyên_liệu 

1 . Khuyến_khích thương_nhân kinh_doanh xuất_khẩu gạo xây_dựng vùng nguyên_liệu hoặc liên_kết với người sản_xuất để xây_dựng vùng nguyên_liệu ( sau đây gọi chung là vùng nguyên_liệu ) theo các phương_thức sau : 

a ) Xây_dựng vùng nguyên_liệu thuộc quyền quản_lý , sử_dụng của thương_nhân trên diện_tích đất sản_xuất lúa được Nhà_nước giao , cho thuê , nhận góp vốn bằng quyền sử_dụng đất hoặc thuê đất của các hộ gia_đình , tổ_chức , cá_nhân để sản_xuất lúa theo quy_định của pháp_luật về đất_đai ; 

b ) Thực_hiện chính_sách khuyến_khích phát_triển hợp_tác , liên_kết sản_xuất_gắn liền với tiêu_thụ nông_sản , xây_dựng cánh đồng lớn ; 

c ) Ký hợp_đồng liên_kết sản_xuất và tiêu_thụ thóc , gạo với hộ nông_dân trồng lúa hoặc đại_diện của nông_dân theo hướng_dẫn của Bộ Nông_nghiệp và Phát_triển nông_thôn và quy_định của pháp_luật ; 

d ) Các hình_thức khác theo quy_định và hướng_dẫn của cơ_quan nhà_nước có thẩm_quyền . 

2 . Thương_nhân xây_dựng vùng nguyên_liệu theo quy_định tại khoản 1 Điều này được xem_xét ưu_tiên trong các chính_sách hỗ_trợ cụ_thể như sau : 

a ) Tham_gia các chương_trình xúc_tiến thương_mại , xây_dựng , quảng_bá hình_ảnh , thương_hiệu của sản_phẩm và doanh_nghiệp ở trong nước và ngoài nước ; 

b ) Phân_bổ chỉ_tiêu thực_hiện các hợp_đồng xuất_khẩu gạo tập_trung ; 

c ) Tham_gia chương_trình mua thóc , gạo tạm_trữ của Nhà_nước . 

3 . Bộ Nông_nghiệp và Phát_triển nông_thôn chủ_trì , phối_hợp với các cơ_quan liên_quan rà_soát , ban_hành hoặc trình Chính_phủ , Thủ_tướng Chính_phủ ban_hành cơ_chế , chính_sách khuyến_khích , hỗ_trợ xây_dựng vùng nguyên_liệu . 

Điều 17 .  Đảm_bảo chất_lượng thóc , gạo hàng_hóa xuất_khẩu 

1 . Gạo xuất_khẩu phải bảo_đảm phù_hợp với tiêu_chuẩn , quy_chuẩn kỹ_thuật quốc_gia tương_ứng và đáp_ứng yêu_cầu về chất_lượng , bao_bì , ghi nhãn , đóng_gói , bảo_quản , truy_xuất nguồn_gốc theo quy_định của nước nhập_khẩu ;  trừ trường_hợp nhà_nhập_khẩu có yêu_cầu khác thì thực_hiện theo yêu_cầu của nhà_nhập_khẩu . 

2 . Thương_nhân kinh_doanh xuất_khẩu gạo và thương_nhân xuất_khẩu các mặt_hàng gạo theo quy_định tại khoản 3 Điều 4 Nghị_định này có trách_nhiệm thực_hiện quy_trình , tiêu_chuẩn , quy_chuẩn kỹ_thuật về sản_xuất , chế_biến , bảo_quản thóc , gạo hàng_hóa do cơ_quan nhà_nước có thẩm_quyền ban_hành . 

Điều 18 .  Phát_triển thị_trường xuất_khẩu gạo 

1 . Bộ Công_Thương chủ_trì , phối_hợp với Bộ Nông_nghiệp và Phát_triển nông_thôn và cơ_quan liên_quan đàm_phán mở_cửa thị_trường gạo , tháo_gỡ khó_khăn , rào_cản của các thị_trường ;  chỉ_đạo , tổ_chức thực_hiện công_tác thông_tin thị_trường , thực_hiện các chương_trình , hoạt_động giao_thương , quảng_bá sản_phẩm , xúc_tiến thương_mại gạo , thiết_lập , củng_cố và mở_rộng quan_hệ hợp_tác về thương_mại gạo với các quốc_gia , vùng lãnh_thổ . 

2 . Bộ Công_Thương chủ_trì , phối_hợp với các bộ , ngành và cơ_quan liên_quan đàm_phán , ký_kết bản ghi_nhớ , thỏa_thuận về thương_mại gạo với các quốc_gia , vùng lãnh_thổ nước_ngoài ở cấp_bộ .  Trường_hợp quốc_gia , vùng lãnh_thổ nước_ngoài yêu_cầu ký ở cấp Chính_phủ hoặc doanh_nghiệp , Bộ Công_Thương báo_cáo Thủ_tướng Chính_phủ xem_xét , quyết_định . 

3 . Bộ Nông_nghiệp và Phát_triển nông_thôn chủ_trì , phối_hợp với Bộ Công_Thương và cơ_quan liên_quan theo_dõi , đàm_phán , tháo_gỡ các rào_cản kỹ_thuật , kiểm_dịch thực_vật của các quốc_gia , vùng lãnh_thổ áp_dụng đối_với thóc , gạo nhập_khẩu ;  đàm_phán , ký_kết các hiệp_định về kiểm_dịch thực_vật , quy_định kỹ_thuật về chất_lượng thóc , gạo với các quốc_gia , vùng lãnh_thổ nước_ngoài . 

4 . Bộ Tài_chính bố_trí kinh_phí hàng năm cho việc triển_khai thực_hiện các chương_trình , hoạt_động quy_định tại khoản 1 , khoản 2 , khoản 3 Điều này . 

Điều 19 .  Giao_dịch , đàm_phán , dự_thầu , ký_kết và tổ_chức thực_hiện hợp_đồng xuất_khẩu gạo tập_trung 

1 . Hợp_đồng xuất_khẩu gạo tập_trung ( sau đây viết tắt là hợp_đồng tập_trung ) là hợp_đồng xuất_khẩu gạo được ký_kết theo Bản ghi_nhớ , thỏa_thuận giữa cơ_quan có thẩm_quyền của Chính_phủ Việt_Nam với cơ_quan có thẩm_quyền của Chính_phủ nước_ngoài hoặc vùng lãnh_thổ nước_ngoài và các hợp_đồng xuất_khẩu gạo được ký_kết theo chỉ_đạo của Thủ_tướng Chính_phủ . 

2 . Bộ Công_Thương tham_khảo ý_kiến của cơ_quan , tổ_chức liên_quan và chỉ_định thương_nhân đầu_mối giao_dịch hợp_đồng tập_trung theo các tiêu_chí sau : 

a ) Thành_tích xuất_khẩu gạo của thương_nhân trong 02 năm gần nhất vào thị_trường dự_kiến giao_dịch hợp_đồng tập_trung ; 

b ) Thành_tích xuất_khẩu gạo của thương_nhân trong 02 năm gần nhất ; 

c ) Giao_dịch với đối_tác nước_ngoài được chỉ_định hoặc dự_kiến được chỉ_định làm đầu_mối nhập_khẩu gạo . 

Thương_nhân đã được chỉ_định làm đầu_mối giao_dịch trước khi Nghị_định này có hiệu_lực được tiếp_tục thực_hiện đến khi kết_thúc hợp_đồng đã ký . 

3 . Trường_hợp từ 02 thương_nhân trở lên được chỉ_định làm đầu_mối tại một thị_trường có hợp_đồng tập_trung thì thực_hiện cơ_chế đầu_mối luân_phiên . 

4 . Trách_nhiệm của thương_nhân đầu_mối trong giao_dịch , đàm_phán hoặc dự_thầu và ký_kết , tổ_chức thực_hiện hợp_đồng tập_trung . 

a ) Chủ_động theo_dõi tình_hình thị_trường , kịp_thời nắm thông_tin nhu_cầu giao_dịch , ký_kết_hợp_đồng nhập_khẩu gạo hoặc tổ_chức các đợt đấu_thầu nhập_khẩu của cơ_quan , tổ_chức có thẩm_quyền của nước nhập_khẩu ; 

b ) Trên_cơ_sở cân_đối cung_cầu và khả_năng , thương_nhân chủ_động xây_dựng phương_án giao_dịch , dự_thầu , tự quyết_định_mức giá chào đảm_bảo hiệu_quả xuất_khẩu và tự chịu trách_nhiệm về hợp_đồng ký_kết ; 

c ) Báo_cáo Bộ Công_Thương bằng văn_bản về khả_năng giao_dịch , ký_kết_hợp_đồng hoặc tham_gia đấu_thầu , khả_năng cân_đối nguồn hàng và các vấn_đề khác có liên_quan để bảo_đảm thực_hiện hợp_đồng ;  kết_quả giao_dịch , ký_kết_hợp_đồng hoặc kết_quả dự_thầu và phương_án tổ_chức thực_hiện hợp_đồng ; 

d ) Bảo_đảm việc thực_hiện hợp_đồng tập_trung đã ký_kết ;  thực_hiện chỉ_tiêu ủy_thác xuất_khẩu được trả lại hoặc không thực_hiện hoặc không có thương_nhân nào nhận ủy_thác xuất_khẩu . 

5 . Thương_nhân đầu_mối ký_kết , tổ_chức thực_hiện hợp_đồng tập_trung_trực_tiếp xuất_khẩu 20 % lượng gạo trong hợp_đồng .  Trường_hợp thực_hiện cơ_chế đầu_mối luân_phiên theo quy_định tại khoản 3 Điều này , Bộ Công_Thương quy_định việc phân_bổ 20 % lượng gạo trong hợp_đồng cho các thương_nhân đầu_mối . 

6 . Việc phân_bổ hợp_đồng tập_trung cho các thương_nhân kinh_doanh xuất_khẩu gạo để thực_hiện ủy_thác xuất_khẩu dựa trên cơ_sở các tiêu_chí sau đây : 

a ) Thành_tích xuất_khẩu trực_tiếp 06 tháng trước đó của thương_nhân ; 

b ) Trách_nhiệm thực_hiện giao hàng theo các hợp_đồng tập_trung được giao ; 

c ) Kết_quả xây_dựng vùng nguyên_liệu hoặc thực_hiện liên_kết sản_xuất và tiêu_thụ thóc , gạo của thương_nhân ; 

d ) Thành_tích mua thóc_gạo của thương_nhân theo chỉ_đạo của cơ_quan , tổ_chức có thẩm_quyền . 

7 . Hiệp_hội Lương_thực Việt_Nam phân_bổ chỉ_tiêu thực_hiện hợp_đồng tập_trung cho các thương_nhân theo các tiêu_chí quy_định tại khoản 6 Điều này ;  theo_dõi , đôn_đốc việc thực_hiện hợp_đồng tập_trung , bao_gồm cả việc ký_kết , thực_hiện hợp_đồng ủy_thác xuất_khẩu và báo_cáo tình_hình thực_hiện về Bộ Công_Thương . 

Sau khi Hiệp_hội Lương_thực Việt_Nam phân_bổ chỉ_tiêu , thương_nhân được phân_bổ chỉ_tiêu và thương_nhân đầu_mối phải ký hợp_đồng về việc thực_hiện hợp_đồng tập_trung , quy_định rõ quyền và nghĩa_vụ của các bên trong hợp_đồng . 

Các tranh_chấp hợp_đồng phát_sinh giữa các bên được giải_quyết theo quy_định của pháp_luật . 

8 . Thương_nhân không được phân_bổ chỉ_tiêu thực_hiện hợp_đồng tập_trung theo quy_định tại Điều này trong các trường_hợp sau : 

a ) Dự_thầu , giao_dịch , ký_kết_hợp_đồng xuất_khẩu gạo trực_tiếp hoặc gián_tiếp vào thị_trường có hợp_đồng xuất_khẩu gạo tập_trung trái quy_định và chỉ_đạo của cơ_quan Nhà_nước có thẩm_quyền ; 

b ) Giả_mạo chứng_từ hoặc có gian_lận khác để được chỉ_định đầu_mối hợp_đồng tập_trung , phân_bổ chỉ_tiêu thực_hiện hợp_đồng tập_trung hoặc để được chấp_thuận trả lại chỉ_tiêu xuất_khẩu ủy_thác đã được phân_bổ ; 

c ) Không thực_hiện hoặc thực_hiện không đầy_đủ chỉ_tiêu xuất_khẩu ủy_thác đã được phân_bổ mà không thuộc trường_hợp bất_khả_kháng và không báo_cáo cơ_quan Nhà_nước có thẩm_quyền theo quy_định . 

Thời_hạn áp_dụng biện_pháp không phân_bổ chỉ_tiêu thực_hiện hợp_đồng tập_trung quy_định tại khoản này là 06 tháng . 

Trường_hợp thương_nhân vi_phạm nhiều điểm quy_định tại khoản này hoặc đang trong thời_gian bị áp_dụng mà tái_phạm thì thời_hạn bị áp_dụng biện_pháp quy_định tại khoản này được xác_định bằng tổng thời_hạn bị áp_dụng đối_với từng trường_hợp vi_phạm bị xử_lý . 

9 . Trường_hợp các quốc_gia , vùng lãnh_thổ nước_ngoài tổ_chức đấu_thầu rộng_rãi , mở cho các thương_nhân không phải thương_nhân đầu_mối hợp_đồng tập_trung được tham_gia , trên cơ_sở thông_báo của cơ_quan , tổ_chức có thẩm_quyền của quốc_gia , vùng lãnh_thổ nước_ngoài , Bộ Công_Thương thông_báo để các thương_nhân kinh_doanh xuất_khẩu gạo được biết và giao_dịch dự_thầu , tự chịu trách_nhiệm về hiệu_quả kinh_doanh . 

10 .  Căn_cứ quy_định của Nghị_định này , Bộ Công_Thương chủ_trì , phối_hợp với các cơ_quan liên_quan ban_hành quy_định hướng_dẫn về tiêu_chí chỉ_định thương_nhân đầu_mối , việc ký_kết , tổ_chức thực_hiện hợp_đồng tập_trung . 

Điều 20 .  Thống_kê , khai_thác thông_tin , dữ_liệu và chế_độ báo_cáo số_liệu thống_kê hợp_đồng xuất_khẩu và thực_hiện hợp_đồng xuất_khẩu gạo 

1 . Bộ Công_Thương chủ_trì , phối_hợp với Bộ Tài_chính và cơ_quan liên_quan thống_nhất nội_dung thông_tin , dữ_liệu thông_báo hợp_đồng xuất_khẩu gạo và cơ_chế hồi báo thông_tin về tình_hình thực_hiện giao hàng theo hợp_đồng đã thông_báo để phục_vụ công_tác điều_hành xuất_khẩu gạo . 

2 . Tổng_cục Hải_quan có trách_nhiệm thống_kê , cập_nhật gửi Bộ Công_Thương theo định_kỳ tháng , quý , năm hoặc đột_xuất theo yêu_cầu về tình_hình xuất_khẩu gạo theo các tiêu_chí : Số_lượng , trị_giá , chủng_loại thóc , gạo , thị_trường , khách_hàng nhập_khẩu , thương_nhân xuất_khẩu ;  cửa_khẩu xuất_khẩu ;  số_liệu về xuất_khẩu gạo hữu_cơ , gạo đồ , gạo tăng_cường vi_chất dinh_dưỡng . 

Điều 21 .  Bảo_đảm các mục_tiêu , nguyên_tắc điều_hành xuất_khẩu gạo 

Để đảm_bảo các mục_tiêu , nguyên_tắc điều_hành xuất_khẩu gạo , căn_cứ tình_hình thị_trường và yêu_cầu thực_tế điều_hành xuất_khẩu gạo , Thủ_tướng Chính_phủ xem_xét , quyết_định việc điều_chỉnh hoạt_động xuất_khẩu gạo , áp_dụng giá_sàn gạo xuất_khẩu trên cơ_sở đề_nghị của Bộ_trưởng các Bộ : Công_Thương , Nông_nghiệp và Phát_triển nông_thôn , Tài_chính . 