Nghị định Về việc giữ bí mật, lưu trữ và cung cấp thông tin liên quan đến tiền gửi và tài sản gửi của khách hàng

Căn_cứ <L rel="Pursuant"> Luật Tổ_chức chính_phủ ngày 30 tháng 9 năm 1992 </L> ;
Căn_cứ <L rel="Pursuant"> Luật Ngân_hàng nhà_nước Việt_Nam số 01/1997/QH10 ngày 12 tháng 12 năm 1997 </L> ;
Căn_cứ <L rel="Pursuant"> Luật Các tổ_chức tín_dụng số 02/1997/QH10 ngày 12 tháng 12 năm 1997 </L> ;
Căn_cứ <PL rel="Pursuant"> Pháp_lệnh bảo_vệ bí_mật Nhà_nước ngày 28 tháng 10 năm 1991 </PL> ;
Điều 1 .  Đối_tượng và phạm_vi áp_dụng 

1 . Nghị_định này quy_định về việc giữ bí_mật , lưu_trữ và cung_cấp các thông_tin có liên_quan đến tiền gửi và tài_sản gửi của khách_hàng gửi tại các tổ_chức tín_dụng , tại các tổ_chức không phải là tổ_chức tín_dụng có hoạt_động ngân_hàng ( gọi chung trong Nghị_định này là tổ_chức ) theo quy_định của <L rel="Reference"> Luật Các tổ_chức tín_dụng </L> .
2 . Các thông_tin liên_quan đến tiền gửi và tài_sản gửi của khách_hàng là thông_tin " mật " thuộc danh_mục bí_mật Nhà_nước trong ngành ngân_hàng thì được lưu_trữ và bảo_vệ theo chế_độ mật của Nhà_nước . 

Điều 2 .  Tiền gửi , tài_sản và các thông_tin có liên_quan 

1 . Tiền gửi của khách_hàng bao_gồm tiền Đồng Việt_Nam và các loại ngoại_tệ của các tổ_chức và cá_nhân dưới hình_thức tiền gửi không kỳ_hạn , tiền gửi có kỳ_hạn ( kểcả tiền gửi tiết_kiệm ) và các hình_thức tiền gửi khác . 

2 . Tài_sản gửi của khách_hàng bao_gồm vật có thực , các giấy_tờ có_giá và các quyền tài_sản theo quy_định của pháp_luật . 

3 . Các thông_tin liên_quan đến tiền gửi của khách_hàng bao_gồm số hiệu tài_khoản , mẫu chữ_ký của chủ tài_khoản hoặc người được chủ tài_khoản ủy_quyền , các thông_tin về doanh_số hoạt_động và số_dư tài_khoản . 

4 . Các thông_tin liên_quan đến giao_dịch gửi , rút_tiền , chuyển tiền và tài_sản của khách_hàng ;  nội_dung các văn_bản , giấy_tờ , tài_liệu ;  tên và mẫu chữ_ký của người gửi tiền và tài_sản . 

Điều 3 .  Quyền và nghĩa_vụ của tổ_chức nhận tiền gửi , tài_sản gửi của khách_hàng 

1 . Tổ_chức , cán_bộ và nhân_viên không được cung_cấp , tiết_lộ thông_tin liên_quan đến tiền gửi , tài_sản gửi của khách_hàng , trừ trường_hợp quy_định tại Điều 5 và điều 6 của Nghị_định này . 

2 . Phải báo_cáo ngay cho Ngân_hàng Nhà_nước Việt_Nam trong trường_hợp phát_hiện các khoản tiền gửi và tài_sản gửi của khách_hàng có dấu_hiệu bất_hợp_pháp . 

3 . Được khởi_kiện theo quy_định của pháp_luật đối_với các tổ_chức , cá_nhân có hành_vi ép_buộc cung_cấp các thông_tin liên_quan đến tiền gửi và tài_sản gửi của khách_hàng trái với quy_định của Nghị_định này . 

4 . Cung_cấp các thông_tin liên_quan đến tiền gửi và tài_sản gửi của khách_hàng phải bảo_đảm tính trung_thực , chính_xác , đúng đối_tượng . 

Điều 4 .  Quyền của khách_hàng gửi tiền và tài_sản 

1 . Khiếu_nại , khởi_kiện tổ_chức nhận tiền gửi và tài_sản nếu tổ_chức đó cung_cấp các thông_tin liên_quan đến tiền gửi và tài_sản gửi sai quy_định hoặc không đúng đối_tượng , không chính_xác , không_trung_thực . 

2 . Được tổ_chức nhận tiền gửi và tài_sản bồi_thường thiệt_hại do việc cung_cấp thông_tin liên_quan đến tiền gửi và tài_sản sai , không đúng đối_tượng , không chính_xác , không_trung_thực gây ra . 

Điều 5 .  Cung_cấp thông_tin 

1 . Theo yêu_cầu của khách_hàng hoặc người được khách_hàng ủy_quyền theo quy_định của pháp_luật . 

2 . Phục_vụ hoạt_động nội_bộ của tổ_chức nhận tiền gửi và tài_sản gửi của khách_hàng . 

3 . Theo yêu_cầu bằng văn_bản của Tổng_Giám_đốc tổ_chức bảo_hiểm_tiền gửi khi tổ_chức này thực_hiện quyền và nghĩa_vụ của mình theo quy_định tại <NĐ rel="Reference"> Nghị_định số89/1999/NĐ-CP ngày 01 tháng 9 năm 1999 </NĐ> của Chính_phủ về bảo_hiểm_tiền gửi và các văn_bản quy_phạm pháp_luật có liên_quan .
4 . Theo yêu_cầu bằng văn_bản của các cơ_quan Nhà_nước trong quá_trình thanh_tra , điều_tra , truy_tố , xét_xử , thi_hành án thuộc thẩm_quyền theo quy_định của pháp_luật .  Trong trường_hợp này , văn_bản yêu_cầu tổ_chức cung_cấp các thông_tin liên_quan đến tiền gửi và tài_sản gửi của khách_hàng phải do những người có thẩm_quyền sau đây ký : 

a ) Viện_trưởng , Phó_Viện_trưởng Viện_Kiểm_sát nhân_dân tối_cao ;  Chánh_án , phó chánh_án Tòa_án nhân_dân tối_cao ;  Thẩm_phán Tòa_án nhân_dân thực_hiện theo quy_định tại các văn_bản do Quốc_hội và Ủy_ban Thường_vụ Quốc_hội ban_hành ; 

b ) Viện_trưởng , Phó_Viện_trưởng Viện_Kiểm_sát quân_sự , Chánh_án , Phó_Chánh_án Toàán quân_sự , Thẩm_phán Tòa_án quân_sự cấp quân_khu trở lên ; 

c ) Cục_trưởng , Phó Cục_trưởng các Cục nghiệp_vụ Bộ Công_an ;  Giám_đốc , Phó_Giám_đốc công_an tỉnh , thành_phố trực_thuộc Trung_ương ;  Thủ_trưởng , Phó_Thủ_trưởng cơ_quan điều_tra cấp Bộ , cơ_quan điều_tra của công_an tỉnh , thành_phố trực_thuộc trung_ương ;  Thủ_trưởng , Phó_Thủ_trưởng cơ_quan điều_tra trong Quân_đội nhân_dân việt Nam_cấp quân_khu trở lên ; 

d ) Chấp_hành viên hoặc Thủ_trưởng các cơ_quan thi_hành án các cấp được giao thi_hành các bản_án theo quyết_định của Tòa_án các cấp ; 

đ ) Tổng_Thanh_tra Nhà_nước , Phó_Tổng_Thanh_tra Nhà_nước , Chánh Thanh_tra , phó_chánh Thanh_tra thuộc các tổ_chức thanh_tra nhà_nước và thanh_tra chuyên_ngành , Trưởng_đoàn thanh_tra được thành_lập theo quy_định của pháp_luật về thanh_tra , xét giải_quyết khiếu_nại tố_cáo và chống tham_nhũng từ cấp tỉnh trở lên . 

Điều 6 .  Cung_cấp thông_tin giữa các tổ_chức tín_dụng 

1 . Các tổ_chức tín_dụng được phép cung_cấp cho nhau về các thông_tin liên_quan đến tiền gửi và tài_sản gửi của khách_hàng . 

2 . Khi các tổ_chức tín_dụng cung_cấp thông_tin liên_quan đến tiền gửi và tài_sản gửi của khách_hàng phải thực_hiện đúng quy_định của pháp_luật về bảo_vệ bí_mật nhà_nước và các quy_định sau : 

a ) Yêu_cầu cung_cấp thông_tin của tổ_chức tín_dụng phải được lập thành_văn_bản và do Tổng_Giám_đốc ( Giám_đốc ) tổ_chức tín_dụng hoặc người được Tổng_Giám_đốc ( Giám_đốc ) tổ_chức tín_dụng ủy_quyền ký . 

b ) Tổ_chức tín_dụng được cung_cấp các thông_tin liên_quan đến tiền gửi và tài_sản gửi của khách_hàng chỉ được sử_dụng thông_tin cho hoạt_động nội_bộ của tổ_chức tín_dụng đó . 

Điều 7 .  Quy_trình cung_cấp thông_tin 

1 . Việc xem_xét , sao_chụp các dữ_liệu liên_quan đến tiền gửi và tài_sản gửi của khách_hàng do Tổng_Giám_đốc ( Giám_đốc ) hoặc người được Tổng_Giám_đốc ( Giám_đốc ) của tổ_chức có tài_liệu đó ủy quyền quyết_định . 

2 . Việc cung_cấp thông_tin phải được lập thành " Biên_bản cung_cấp thôngtin " và tuân_thủ các quy_định về bảo_vệ bí_mật nhà_nước . 

Điều 8 .  Lưu_trữ và bảo_quản thông_tin 

Các văn_bản yêu_cầu cung_cấp thông_tin liên_quan đến tiền gửi và tài_sản gửi của khách_hàng và các thông_tin được cung_cấp phải được lưu_trữ và bảo_quản theo chế_độ lưu_trữ , bảo_quản hiện_hành của Nhà_nước . 

Điều 9 .  Xử_lý vi_phạm 

Các tổ_chức , cá_nhân phải thực_hiện đúng các quy_định về giữ bí_mật , lưu_trữ , cung_cấp các thông_tin liên_quan đến tiền gửi và tài_sản gửi của khách_hàng được quy_định tại Nghị_định này và các quy_định pháp_luật khác có liên_quan .  Tổ_chức , cánh ân có hành_vi vi_phạm thì tùy theo tính_chất , mức_độ vi_phạm sẽ bị xử_lý kỷ_luật , xử_lý hành_chính hoặc bị truy_cứu trách_nhiệm hình_sự , nếu gây thiệt_hại phải bồi_thường theo quy_định của pháp_luật . 

Điều 10 .  Hiệu_lực thi_hành 

Nghị_định này có hiệu_lực sau 15 ngày , kể từ ngày ký . 

Điều 11 .  Điều_khoản thi_hành 

1 . Thống_đốc Ngân_hàng Nhà_nước Việt_Nam chịu trách_nhiệm hướng_dẫn thi_hành Nghị_định này . 

2 . Tổng_Giám_đốc ( Giám_đốc ) các tổ_chức tín_dụng , các tổ_chức không phải là tổ_chức tín_dụng có hoạt_động ngân_hàng và các cá_nhân có liên_quan chịu trách_nhiệm thi_hành Nghị_định này . 

3 . Các Bộ_trưởng , Thủ_trưởng cơ_quan ngang Bộ , Thủ_trưởng cơ_quan thuộc Chính_phủ , Chủ_tịch Ủy_ban nhân_dân các tỉnh , thành_phố trực_thuộc Trung_ương chịu trách_nhiệm thi_hành Nghị_định này ./. 