Nghị định Về chế độ tiền lương đối với cán bộ, công chức,viên chức và lực lượng vũ trang

Căn_cứ <L rel="Pursuant"> Luật Tổ_chức Chính_phủ ngày 25 tháng 12 năm 2001 </L> ;
Căn_cứ <NQ rel="Pursuant"> Nghị_quyết số 17/2003/QH11 ngày 04 tháng 11 năm 2003 </NQ> về dự_toán ngân_sách nhà_nước năm 2004 và <NQ rel="Pursuant"> Nghị_quyết số 19/2003/QH11 ngày 16 tháng 11 năm 2003 </NQ> về nhiệm_vụ năm 2004 của Quốc_hội khóa XI ;
Căn_cứ <NQ rel="Pursuant"> Nghị_quyết số 730/2004/NQ-UBTVQH11 ngày 30 tháng 9 năm 2004 </NQ> của ủy_ban Thường_vụ Quốc_hội về việc phê_chuẩn bảng lương chức_vụ , bảng phụ_cấp chức_vụ đối_với cán_bộ lãnh_đạo của Nhà_nước ; bảng lương chuyên_môn , nghiệp_vụ ngành Tòa_án , ngành Kiểm_sát ;
Điều 1 .  Phạm_vi điều_chỉnh 

Nghị_định này quy_định về chế_độ tiền_lương gồm : mức lương tối_thiểu chung ;  các bảng lương ;  các chế_độ phụ_cấp lương ;  chế_độ nâng bậc lương ;  chế_độ trả lương ;  nguồn kinh_phí để thực_hiện chế_độ tiền_lương ;  quản_lý tiền_lương và thu_nhập đối_với cán_bộ , công_chức , viên_chức trong các cơ_quan nhà_nước , đơn_vị sự_nghiệp của Nhà_nước ;  cán_bộ chuyên_trách và công_chức xã , phường , thị_trấn ;  sĩ_quan , quân_nhân chuyên_nghiệp , hạ_sĩ_quan , chiến_sĩ , công_nhân trong các cơ_quan , đơn_vị thuộc lực_lượng vũ_trang ( lực_lượng vũ_trang gồm quân_đội nhân_dân và công_an nhân_dân ) . 

Cơ_quan nhà_nước , đơn_vị sự_nghiệp của Nhà_nước , cơ_quan , đơn_vị thuộc lực_lượng vũ_trang nói trên , sau đây gọi chung là cơ_quan , đơn_vị . 

Điều 2 .  Đối_tượng áp_dụng 

1 . Các chức_danh lãnh_đạo của Nhà_nước và các chức_danh chuyên_môn , nghiệp_vụ ngành Tòa_án , ngành Kiểm_sát quy_định tại bảng lương chức_vụ và bảng phụ_cấp chức_vụ ban_hành kèm theo <NQ rel="Reference"> Nghị_quyết số 730/2004/NQ-UBTVQH11 ngày 30 tháng 9 năm 2004 </NQ> của ủy_ban Thường_vụ Quốc_hội về việc phê_chuẩn bảng lương chức_vụ , bảng phụ_cấp chức_vụ đối_với cán_bộ lãnh_đạo của Nhà_nước ; bảng lương chuyên_môn , nghiệp_vụ ngành Tòa_án , ngành Kiểm_sát ( sau đây viết tắt là <NQ rel="Reference"> Nghị_quyết số 730/2004/NQ-UBTVQH11 </NQ> ) .
2 . Các chức_danh do bầu_cử để đảm_nhiệm chức_vụ theo nhiệm_kỳ thuộc ủy_ban nhân_dân tỉnh , thành_phố trực_thuộc Trung_ương , huyện , quận , thị_xã , thành_phố thuộc tỉnh . 

3 . Công_chức trong các cơ_quan nhà_nước quy_định tại Điều 2 <NĐ rel="Reference"> Nghị_định số 117/2003/NĐ-CP ngày 10 tháng 10 năm 2003 </NĐ> của Chính_phủ về việc tuyển_dụng , sử_dụng và quản_lý cán_bộ , công_chức trong các cơ_quan nhà_nước ( sau đây viết tắt là <NĐ rel="Reference"> Nghị_định số 117/2003/NĐ-CP </NĐ> ) .
4 . Công_chức dự_bị quy_định tại Điều 2 <NĐ rel="Reference"> Nghị_định số 115/2003/NĐ-CP ngày 10 tháng 10 năm 2003 </NĐ> của Chính_phủ về chế_độ công_chức dự_bị ( sau đây viết tắt là <NĐ rel="Reference"> Nghị_định số 115/2003/NĐ-CP </NĐ> ) .
5 . Viên_chức trong các đơn_vị sự_nghiệp của Nhà_nước quy_định tại Điều 2 <NĐ rel="Reference"> Nghị_định số 116/2003/NĐ-CP ngày 10 tháng 10 năm 2003 </NĐ> của Chính_phủ về việc tuyển_dụng , sử_dụng và quản_lý cán_bộ , công_chức trong các đơn_vị sự_nghiệp của Nhà_nước ( sau đây viết tắt là <NĐ rel="Reference"> Nghị_định số 116/2003/NĐ-CP </NĐ> ) .
6 . Cán_bộ , công_chức , viên_chức thuộc biên_chế nhà_nước và hưởng lương theo bảng lương do Nhà_nước quy_định được cử đến làm_việc tại các hội , các tổ_chức phi Chính_phủ , các dự_án và các cơ_quan , tổ_chức quốc_tế đặt tại Việt_Nam . 

7 . Cán_bộ chuyên_trách và công_chức ở xã , phường , thị_trấn ( sau đây gọi chung là cán_bộ chuyên_trách và công_chức cấp xã ) quy_định tại khoản 1 và khoản 2 Điều 2 <NĐ rel="Reference"> Nghị_định số 121/2003/NĐ-CP ngày 21 tháng 10 năm 2003 </NĐ> của Chính_phủ về chế_độ , chính_sách đối_với cán_bộ , công_chức ở xã , phường , thị_trấn ( sau đây viết tắt là <NĐ rel="Reference"> Nghị_định số 121/2003/NĐ-CP </NĐ> ) và Điều 22 <NĐ rel="Reference"> Nghị_định số 184/2004/NĐ-CP ngày 02 tháng 11 năm 2004 </NĐ> của Chính_phủ quy_định chi_tiết việc thi_hành <PL rel="Others"> Pháp_lệnh Dân_quân tự_vệ </PL> ( sau đây viết tắt là <NĐ rel="Reference"> Nghị_định số 184/2004/NĐ-CP </NĐ> ) .
8 . Người_làm công_tác cơ_yếu trong tổ_chức cơ_yếu . 

9 . Sĩ_quan , quân_nhân chuyên_nghiệp , hạ_sĩ_quan , chiến_sĩ , công_nhân trong các cơ_quan , đơn_vị thuộc lực_lượng vũ_trang . 

Điều 3 .  Nguyên_tắc xếp lương và phụ_cấp chức_vụ lãnh_đạo , nguyên_tắc trả lương và thực_hiện chế_độ tiền_lương 

1 . Nguyên_tắc xếp lương và phụ_cấp chức_vụ lãnh_đạo 

a ) Cán_bộ , công_chức , viên_chức được bổ_nhiệm vào ngạch công_chức , viên_chức nào ( sau đây viết tắt là ngạch ) hoặc chức_danh chuyên_môn , nghiệp_vụ nào thuộc ngành Tòa_án , ngành Kiểm_sát ( sau đây viết tắt là chức_danh ) thì xếp lương theo ngạch hoặc chức_danh đó . 

b ) Cán_bộ giữ chức_danh do bầu_cử thuộc diện xếp lương chuyên_môn , nghiệp_vụ và hưởng phụ_cấp chức_vụ lãnh_đạo thì xếp lương theo ngạch , bậc công_chức hành_chính và hưởng phụ_cấp chức_vụ lãnh_đạo của chức_danh bầu_cử hiện đang đảm_nhiệm . 

c ) Cán_bộ , công_chức , viên_chức giữ chức_danh lãnh_đạo ( bầu_cử , bổ_nhiệm ) nào thì xếp lương chức_vụ hoặc hưởng phụ_cấp chức_vụ theo chức_danh lãnh_đạo đó .  Nếu một người giữ nhiều chức_danh lãnh_đạo khác nhau thì xếp lương chức_vụ hoặc hưởng phụ_cấp chức_vụ của chức_danh lãnh_đạo cao nhất .  Nếu kiêm_nhiệm chức_danh lãnh_đạo đứng đầu_cơ_quan , đơn_vị khác mà cơ_quan , đơn_vị này được bố_trí biên_chế chuyên_trách người đứng đầu thì được hưởng thêm phụ_cấp kiêm_nhiệm . 

d ) Các đối_tượng thuộc lực_lượng vũ_trang và cơ_yếu quy_định hưởng lương theo bảng lương nào thì xếp lương theo bảng lương đó . 

đ ) Chuyển xếp lương cũ sang lương mới phải gắn với việc rà_soát , sắp_xếp biên_chế của các cơ_quan , đơn_vị ;  rà_soát , hoàn_thiện tiêu_chuẩn chức_danh cán_bộ , công_chức , viên_chức ;  rà_soát lại việc xếp lương cũ , những trường_hợp đã xếp lương hoặc phụ_cấp chức_vụ chưa đúng quy_định của cơ_quan có thẩm_quyền thì chuyển xếp lại lương và phụ_cấp chức_vụ ( nếu có ) theo đúng quy_định . 

2 . Nguyên_tắc trả lương 

Việc trả lương phải gắn với kết_quả thực_hiện nhiệm_vụ của cán_bộ , công_chức , viên_chức và nguồn trả lương ( từ ngân_sách nhà_nước cấp hoặc hỗ_trợ và từ các nguồn thu theo quy_định của pháp_luật dùng để trả lương ) của cơ_quan , đơn_vị . 

3 . Nguyên_tắc thực_hiện chế_độ tiền_lương 

a ) Cán_bộ , công_chức , viên_chức và các đối_tượng thuộc lực_lượng vũ_trang khi thay_đổi công_việc thì được chuyển xếp lại lương và phụ_cấp chức_vụ ( nếu có ) cho phù_hợp với công_việc mới đảm_nhiệm .  Trường_hợp thôi giữ chức_danh lãnh_đạo ( trừ trường_hợp bị kỷ_luật bãi_nhiệm , cách_chức hoặc không được bổ_nhiệm lại ) để làm công_việc khác hoặc giữ chức_danh lãnh_đạo khác mà có mức lương chức_vụ hoặc phụ_cấp chức_vụ thấp hơn thì được bảo_lưu mức lương chức_vụ hoặc phụ_cấp chức_vụ của chức_danh lãnh_đạo cũ trong 6 tháng , sau đó xếp lại lương hoặc phụ_cấp chức_vụ ( nếu có ) theo công_việc mới đảm_nhiệm . 

b ) Theo yêu_cầu nhiệm_vụ , cán_bộ , công_chức , viên_chức và các đối_tượng thuộc lực_lượng vũ_trang đang giữ chức_danh lãnh_đạo được luân_chuyển đến giữ chức_danh lãnh_đạo khác có mức lương chức_vụ hoặc phụ_cấp chức_vụ thấp hơn , thì được giữ mức lương chức_vụ hoặc phụ_cấp chức_vụ theo chức_danh lãnh_đạo cũ .  Trường_hợp công_việc mới được luân_chuyển đến quy_định xếp lương theo ngạch hoặc theo chức_danh thấp hơn thì được giữ mức lương cũ ( kể_cả phụ_cấp chức_vụ nếu có ) và được thực_hiện chế_độ nâng bậc lương theo quy_định ở ngạch hoặc chức_danh cũ . 

c ) Các đối_tượng được chuyển công_tác từ lực_lượng vũ_trang , cơ_yếu và công_ty nhà_nước vào làm_việc trong cơ_quan nhà_nước hoặc đơn_vị sự_nghiệp của Nhà_nước thì được chuyển xếp lại ngạch , bậc lương và hưởng phụ_cấp chức_vụ ( nếu có ) theo công_việc mới đảm_nhiệm .  Trường_hợp xếp lương theo bảng lương cấp_bậc quân_hàm sĩ_quan , hạ_sĩ_quan hưởng lương hoặc theo bảng lương quân_nhân chuyên_nghiệp thuộc quân_đội nhân_dân và chuyên_môn kỹ_thuật thuộc công_an nhân_dân , nếu có mức lương cũ cao hơn so với mức lương mới được xếp thì được bảo_lưu phần chênh_lệch cao hơn này theo quy_định của pháp_luật . 

d ) Thực_hiện việc xếp lương , chế_độ phụ_cấp lương , nâng bậc lương , trả lương , quản_lý tiền_lương và thu_nhập phải theo đúng đối_tượng , phạm_vi , nguyên_tắc , điều_kiện , chế_độ được hưởng và các quy_định khác của cơ_quan có thẩm_quyền . 

đ ) Thực_hiện chế_độ tiền_lương phải gắn với cải_cách hành_chính ;  bảo_đảm tương_quan giữa các ngành , nghề và giữa các loại cán_bộ , công_chức , viên_chức ;  bảo_đảm ổn_định chính_trị-xã_hội . 

Điều 4 .  Mức lương tối_thiểu chung 

Mức lương tối_thiểu chung áp_dụng đối_với cán_bộ , công_chức , viên_chức và các đối_tượng thuộc lực_lượng vũ_trang được thực_hiện theo quy_định tại <NĐ rel="Reference"> Nghị_định số 203/2004/NĐ-CP ngày 14 tháng 12 năm 2004 </NĐ> của Chính_phủ về mức lương tối_thiểu .
Điều 5 .  Các bảng lương ;  bảng phụ_cấp quân_hàm hạ_sĩ_quan , chiến_sĩ nghĩa_vụ và bảng phụ_cấp chức_vụ lãnh_đạo 

1 . Các bảng lương : 

a ) Quy_định 7 bảng lương sau : 

Bảng 1 : Bảng lương chuyên_gia cao_cấp . 

Bảng 2 : Bảng lương chuyên_môn , nghiệp_vụ đối_với cán_bộ , công_chức trong các cơ_quan nhà_nước ( bao_gồm cả cán_bộ giữ chức_danh do bầu_cử thuộc diện xếp lương theo ngạch , bậc công_chức hành_chính và hưởng phụ_cấp chức_vụ lãnh_đạo và công_chức ở xã , phường , thị_trấn ) . 

Bảng 3 : Bảng lương chuyên_môn , nghiệp_vụ đối_với cán_bộ , viên_chức trong các đơn_vị sự_nghiệp của Nhà_nước . 

Bảng 4 : Bảng lương nhân_viên thừa_hành , phục_vụ trong các cơ_quan nhà_nước và các đơn_vị sự_nghiệp của Nhà_nước . 

Bảng 5 : Bảng lương cán_bộ chuyên_trách ở xã , phường , thị_trấn . 

Bảng 6 : Bảng lương cấp_bậc quân_hàm sĩ_quan quân_đội nhân_dân ;  sĩ_quan , hạ_sĩ_quan công_an nhân_dân . 

Bảng 7 : Bảng_lương quân_nhân chuyên_nghiệp thuộc quân_đội nhân_dân và chuyên_môn kỹ_thuật thuộc công_an nhân_dân . 

b ) Người_làm công_tác cơ_yếu trong tổ_chức cơ_yếu , tùy theo từng đối_tượng được xếp lương theo bảng lương cấp_bậc quân_hàm sĩ_quan quân_đội nhân_dân ( bảng 6 ) với mức lương cao nhất bằng mức lương của cấp_bậc quân_hàm Thiếu_tướng ( trừ sĩ_quan quân_đội nhân_dân và sĩ_quan công_an nhân_dân được điều_động , biệt_phái ) và bảng lương quân_nhân chuyên_nghiệp thuộc quân_đội nhân_dân ( bảng 7 ) . 

c ) Công_nhân làm_việc trong các cơ_quan , đơn_vị thuộc lực_lượng vũ_trang và tổ_chức cơ_yếu áp_dụng thang lương , bảng lương quy_định trong các công_ty nhà_nước . 

2 . Bảng phụ_cấp quân_hàm hạ_sĩ_quan , chiến_sĩ nghĩa_vụ thuộc quân_đội nhân_dân và công_an nhân_dân . 

3 . Bảng phụ_cấp chức_vụ lãnh_đạo ( bầu_cử , bổ_nhiệm ) trong các cơ_quan nhà_nước , đơn_vị sự_nghiệp của Nhà_nước ;  cơ_quan , đơn_vị thuộc quân_đội nhân_dân và công_an nhân_dân . 

Điều 6 .  Các chế_độ phụ_cấp lương 

1 . Phụ_cấp thâm_niên vượt khung : 

Áp_dụng đối_với các đối_tượng xếp lương theo bảng 2 , bảng 3 , bảng 4 và bảng 7 quy_định tại khoản 1 Điều 5 Nghị_định này và bảng lương chuyên_môn , nghiệp_vụ ngành Tòa_án , ngành Kiểm_sát quy_định tại <NQ rel="Reference"> Nghị_quyết số 730/2004/NQ-UBTVQH11 </NQ> , đã xếp bậc lương cuối_cùng trong ngạch hoặc trong chức_danh .
a ) Mức phụ_cấp như sau : 

a1 ) Các đối_tượng xếp lương theo các ngạch từ_loại A0 đến loại A3 của bảng 2 , bảng 3 , các chức_danh xếp lương theo bảng 7 và các chức_danh xếp lương theo bảng lương chuyên_môn , nghiệp_vụ ngành Tòa_án , ngành Kiểm_sát : Sau 3 năm ( đủ 36 tháng ) đã xếp bậc lương cuối_cùng trong ngạch hoặc trong chức_danh thì được hưởng phụ_cấp thâm_niên vượt khung bằng 5 % mức lương của bậc lương cuối_cùng trong ngạch hoặc trong chức_danh đó ;  từ năm thứ_tư trở đi mỗi năm được tính thêm 1 % . 

a2 ) Các đối_tượng xếp lương theo các ngạch loại B , loại C của bảng 2 , bảng 3 và nhân_viên thừa_hành , phục_vụ xếp lương theo bảng 4 : Sau 2 năm ( đủ 24 tháng ) đã xếp bậc lương cuối_cùng trong ngạch thì được hưởng phụ_cấp thâm_niên vượt khung bằng 5 % mức lương của bậc lương cuối_cùng trong ngạch đó ;  từ năm thứ ba trở đi mỗi năm được tính thêm 1 % . 

b ) Các đối_tượng quy_định tại điểm a ( a1 và a2 ) khoản 1 Điều này , nếu không hoàn_thành nhiệm_vụ được giao hàng năm hoặc bị kỷ_luật một trong các hình_thức khiển_trách , cảnh_cáo , cách_chức hoặc bị bãi_nhiệm thì cứ mỗi năm không hoàn_thành nhiệm_vụ hoặc bị kỷ_luật bị kéo_dài thêm thời_gian tính hưởng phụ_cấp thâm_niên vượt khung 1 năm ( đủ 12 tháng ) so với thời_gian quy_định . 

c ) Phụ_cấp thâm_niên vượt khung được dùng để tính đóng và hưởng chế_độ bảo_hiểm_xã_hội . 

2 . Phụ_cấp kiêm_nhiệm chức_danh lãnh_đạo : 

áp_dụng đối_với các đối_tượng đang giữ chức_danh lãnh_đạo ( bầu_cử , bổ_nhiệm ) ở một cơ_quan , đơn_vị , đồng_thời được bầu_cử hoặc được bổ_nhiệm kiêm_nhiệm chức_danh lãnh_đạo đứng đầu_cơ_quan , đơn_vị khác mà cơ_quan , đơn_vị này được bố_trí biên_chế chuyên_trách người đứng đầu nhưng hoạt_động kiêm_nhiệm . 

Mức phụ_cấp bằng 10 % mức lương hiện hưởng cộng phụ_cấp chức_vụ lãnh_đạo và phụ_cấp thâm_niên vượt khung ( nếu có ) .  Trường_hợp kiêm_nhiệm nhiều chức_danh lãnh_đạo cũng chỉ hưởng một mức phụ_cấp . 

3 . Phụ_cấp khu_vực : 

Áp_dụng đối_với các đối_tượng làm_việc ở những nơi xa_xôi , hẻo_lánh và khí_hậu xấu . 

Phụ_cấp gồm 7 mức : 0,1 ;  0,2 ;  0,3 ;  0,4 ;  0,5 ;  0,7 và 1,0 so với mức lương tối_thiểu chung .  Đối_với hạ_sĩ_quan và chiến_sĩ nghĩa_vụ thuộc lực_lượng vũ_trang , phụ_cấp khu_vực được tính so với mức phụ_cấp quân_hàm binh_nhì . 

4 . Phụ_cấp đặc_biệt : 

Áp_dụng đối_với các đối_tượng làm_việc ở đảo xa đất_liền và vùng_biên_giới có điều_kiện sinh_hoạt đặc_biệt khó_khăn . 

Phụ_cấp gồm 3 mức : 30 % ;  50 % và 100 % mức lương hiện hưởng cộng phụ_cấp chức_vụ lãnh_đạo và phụ_cấp thâm_niên vượt khung ( nếu có ) hoặc phụ_cấp quân_hàm hiện hưởng đối_với hạ_sĩ_quan , chiến_sĩ thuộc lực_lượng vũ_trang . 

5 . Phụ_cấp thu_hút : 

Áp_dụng đối_với cán_bộ , công_chức , viên_chức đến làm_việc ở những vùng kinh_tế mới , cơ_sở kinh_tế và đảo xa đất_liền có điều_kiện sinh_hoạt đặc_biệt khó_khăn . 

Phụ_cấp gồm 4 mức : 20 % ;  30 % ;  50 % và 70 % mức lương hiện hưởng cộng phụ_cấp chức_vụ lãnh_đạo và phụ_cấp thâm_niên vượt khung ( nếu có ) . 

Thời_gian hưởng phụ_cấp từ 3 đến 5 năm . 

6 . Phụ_cấp lưu_động : 

Áp_dụng đối_với cán_bộ , công_chức , viên_chức làm_việc ở một_số nghề hoặc công_việc thường_xuyên thay_đổi địa_điểm làm_việc và nơi ở . 

Phụ_cấp gồm 3 mức : 0,2 ;  0,4 và 0,6 so với mức lương tối_thiểu chung . 

7 . Phụ_cấp độc_hại , nguy_hiểm : 

Áp_dụng đối_với cán_bộ , công_chức , viên_chức làm những nghề hoặc công_việc có điều_kiện lao_động độc_hại , nguy_hiểm và đặc_biệt độc_hại , nguy_hiểm chưa được xác_định trong mức lương . 

Phụ_cấp gồm 4 mức : 0,1 ;  0,2 ;  0,3 và 0,4 so với mức lương tối_thiểu chung . 

8 . Các chế_độ phụ_cấp đặc_thù theo nghề hoặc công_việc : 

a ) Phụ_cấp thâm_niên nghề : 

Áp_dụng đối_với sĩ_quan và quân_nhân chuyên_nghiệp thuộc quân_đội nhân_dân , sĩ_quan và hạ_sĩ_quan hưởng lương thuộc công_an nhân_dân , công_chức hải_quan và người làm công_tác cơ_yếu trong tổ_chức cơ_yếu . 

Mức phụ_cấp như sau : Sau 5 năm ( đủ 60 tháng ) tại_ngũ hoặc làm_việc liên_tục trong ngành hải_quan , cơ_yếu thì được hưởng phụ_cấp thâm_niên nghề bằng 5 % mức lương hiện hưởng cộng phụ_cấp chức_vụ lãnh_đạo và phụ_cấp thâm_niên vượt khung ( nếu có ) ;  từ năm thứ sáu trở đi mỗi năm được tính thêm 1 % . 

b ) Phụ_cấp ưu_đãi theo nghề : 

áp_dụng đối_với cán_bộ , công_chức , viên_chức làm những nghề hoặc công_việc có điều_kiện lao_động cao hơn bình_thường , có chính_sách ưu_đãi của Nhà_nước mà chưa được xác_định trong mức lương . 

Phụ_cấp gồm 10 mức : 5 % , 10 % , 15 % , 20 % , 25 % , 30 % , 35 % , 40 % , 45 % và 50 % mức lương hiện hưởng cộng phụ_cấp chức_vụ lãnh_đạo và phụ_cấp thâm_niên vượt khung ( nếu có ) . 

c ) Phụ_cấp trách_nhiệm theo nghề : 

áp_dụng đối_với các chức_danh xếp lương theo bảng lương chuyên_môn , nghiệp_vụ và bảng lương chức_vụ thuộc ngành Tòa_án , Kiểm_sát , Thanh_tra và một_số chức_danh tư_pháp . 

Phụ_cấp gồm 5 mức : 10 % ;  15 % ;  20 % , 25 % và 30 % mức lương hiện hưởng cộng phụ_cấp chức_vụ lãnh_đạo và phụ_cấp thâm_niên vượt khung ( nếu có ) . 

Đối_tượng được hưởng chế_độ phụ_cấp trách_nhiệm theo nghề quy_định tại điểm này thì không hưởng chế_độ phụ_cấp ưu_đãi theo nghề quy_định tại điểm b khoản 8 Điều này . 

d ) Phụ_cấp trách_nhiệm công_việc : 

d1 ) Những người làm_việc trong tổ_chức cơ_yếu được hưởng phụ_cấp trách_nhiệm công_việc bảo_vệ cơ_mật mật_mã . 

Phụ_cấp gồm 3 mức : 0,1 ;  0,2 và 0,3 so với mức lương tối_thiểu chung . 

d2 ) Những người_làm những công_việc đòi_hỏi trách_nhiệm cao hoặc đảm_nhiệm công_tác quản_lý không thuộc chức_danh lãnh_đạo ( bầu_cử , bổ_nhiệm ) thì được hưởng phụ_cấp trách_nhiệm công_việc . 

Phụ_cấp gồm 4 mức : 0,1 ;  0,2 ;  0,3 và 0,5 so với mức lương tối_thiểu chung . 

đ ) Phụ_cấp phục_vụ quốc_phòng , an_ninh : 

áp_dụng đối_với các đối_tượng không thuộc diện xếp lương theo bảng 6 và bảng 7 quy_định tại khoản 1 Điều 5 Nghị_định này làm_việc trong các cơ_quan , đơn_vị thuộc lực_lượng vũ_trang và cơ_yếu . 

Phụ_cấp gồm 2 mức : 30 % và 50 % mức lương hiện hưởng cộng phụ_cấp chức_vụ lãnh_đạo và phụ_cấp thâm_niên vượt khung ( nếu có ) . 

Điều 7 .  Chế_độ nâng bậc lương 

1 . Thực_hiện nâng bậc lương thường_xuyên trên cơ_sở kết_quả hoàn_thành nhiệm_vụ của cán_bộ , công_chức , viên_chức và thời_gian giữ bậc trong ngạch hoặc trong chức_danh . 

Thời_gian giữ bậc trong ngạch hoặc trong chức_danh để xem_xét nâng bậc lương thường_xuyên quy_định như sau : 

a ) Đối_với chức_danh chuyên_gia cao_cấp , nếu chưa xếp bậc lương cuối_cùng của bảng lương thì sau 5 năm ( đủ 60 tháng ) giữ bậc lương trong bảng lương chuyên_gia cao_cấp được xét nâng lên một bậc lương . 

b ) Đối_với các đối_tượng xếp lương theo bảng 2 , bảng 3 , bảng 4 quy_định tại khoản 1 Điều 5 Nghị_định này và bảng lương chuyên_môn , nghiệp_vụ ngành Tòa_án , ngành Kiểm_sát quy_định tại <NQ rel="Reference"> Nghị_quyết số 730/2004/NQ-UBTVQH11 </NQ> , nếu chưa xếp bậc lương cuối_cùng trong ngạch hoặc trong chức_danh thì thời_gian giữ bậc trong ngạch hoặc trong chức_danh để xét nâng bậc lương như sau :
b1 ) Các đối_tượng xếp lương theo các ngạch từ_loại A0 đến loại A3 của bảng 2 , bảng 3 và các chức_danh xếp lương theo bảng lương chuyên_môn , nghiệp_vụ ngành Tòa_án , ngành Kiểm_sát : Sau 3 năm ( đủ 36 tháng ) giữ bậc lương trong ngạch hoặc trong chức_danh được xét nâng lên một bậc lương . 

b2 ) Các đối_tượng xếp lương theo các ngạch loại B , loại C của bảng 2 , bảng 3 và nhân_viên thừa_hành , phục_vụ xếp lương theo bảng 4 : Sau 2 năm ( đủ 24 tháng ) giữ bậc lương trong ngạch được xét nâng lên một bậc lương . 

c ) Các đối_tượng quy_định tại điểm a và điểm b khoản 1 Điều này , nếu không hoàn_thành nhiệm_vụ được giao hàng năm hoặc bị kỷ_luật một trong các hình_thức khiển_trách , cảnh_cáo , cách_chức hoặc bị bãi_nhiệm thì cứ mỗi năm không hoàn_thành nhiệm_vụ hoặc bị kỷ_luật bị kéo_dài thêm thời_gian tính nâng bậc lương thường_xuyên 1 năm ( đủ 12 tháng ) so với thời_gian quy_định . 

2 . Thực_hiện nâng bậc lương trước thời_hạn như sau : 

a ) Cán_bộ , công_chức , viên_chức lập thành_tích xuất_sắc trong thực_hiện nhiệm_vụ mà chưa xếp bậc lương cuối_cùng trong ngạch hoặc trong chức_danh thì được xét nâng một bậc lương trước thời_hạn tối_đa là 12 tháng so với thời_gian quy_định tại điểm a và điểm b khoản 1 Điều này .  Tỷ_lệ cán_bộ , công_chức , viên_chức được nâng bậc lương trước thời_hạn trong một năm không quá 5 % tổng_số cán_bộ , công_chức , viên_chức thuộc biên_chế trả lương của cơ_quan , đơn_vị ( trừ các trường_hợp quy_định tại điểm b khoản 2 Điều này ) . 

b ) Cán_bộ , công_chức , viên_chức đã có thông_báo nghỉ hưu theo quy_định của Nhà_nước , hoàn_thành nhiệm_vụ được giao , chưa xếp bậc lương cuối_cùng trong ngạch hoặc trong chức_danh và chưa đủ điều_kiện thời_gian giữ bậc để được nâng bậc lương thường_xuyên tại thời_điểm có thông_báo nghỉ hưu , thì được nâng một bậc lương trước thời_hạn tối_đa là 12 tháng so với thời_gian quy_định tại điểm a và điểm b khoản 1 Điều này . 

3 . Việc thăng , giáng cấp_bậc quân_hàm và nâng lương , nâng phụ_cấp quân_hàm đối_với sĩ_quan , hạ_sĩ_quan , chiến_sĩ , quân_nhân chuyên_nghiệp và chuyên_môn kỹ_thuật thuộc lực_lượng vũ_trang thực_hiện theo quy_định của pháp_luật hiện_hành đối_với lực_lượng vũ_trang . 

Điều 8 .  Chế_độ trả lương 

1 . Chế_độ trả lương_gắn với kết_quả thực_hiện nhiệm_vụ của cán_bộ , công_chức , viên_chức ;  nguồn trả lương và theo quy_chế trả lương của cơ_quan , đơn_vị .  Thủ_trưởng cơ_quan , đơn_vị sau khi trao_đổi với Ban_Chấp_hành Công_đoàn cùng cấp có trách_nhiệm xây_dựng , ban_hành quy_chế trả lương để thực_hiện đối_với cán_bộ , công_chức , viên_chức của cơ_quan , đơn_vị .  Quy_chế trả lương phải được gửi cơ_quan quản_lý cấp trên trực_tiếp để quản_lý , kiểm_tra và thực_hiện công_khai trong cơ_quan , đơn_vị . 

Việc trả lương trong lực_lượng vũ_trang thực_hiện theo quy_định của pháp_luật hiện_hành . 

2 . Chế_độ trả lương làm_việc vào ban_đêm , làm thêm giờ đối_với cán_bộ , công_chức , viên_chức thực_hiện theo quy_định của <BL rel="Reference"> Bộ_luật Lao_động </BL> .
Cán_bộ , công_chức , viên_chức thực_hiện chế_độ trực 12giờ/24giờ hoặc 24giờ/24giờ được thực_hiện chế_độ trả lương hoặc phụ_cấp đặc_thù do Chính_phủ , Thủ_tướng Chính_phủ quy_định . 

3 . Chế_độ trả lương trong những ngày nghỉ làm_việc được hưởng lương ; chế_độ tạm_ứng tiền_lương trong thời_gian bị đình_chỉ công_tác , bị tạm giữ , tạm giam , thực_hiện theo quy_định tại <NĐ rel="Reference"> Nghị_định số 114/2002/NĐ-CP ngày 31 tháng 12 năm 2002 </NĐ> của Chính_phủ quy_định chi_tiết và hướng_dẫn thi_hành một_số điều của <BL rel="Others"> Bộ_luật Lao_động </BL> về tiền_lương .
4 . Cán_bộ , công_chức , viên_chức trong biên_chế trả lương của cơ_quan , đơn_vị và các đối_tượng hưởng lương thuộc lực_lượng vũ_trang được cử đi công_tác , làm_việc , học_tập ở nước_ngoài từ 30 ngày liên_tục trở lên hưởng sinh hoạt_phí do Nhà_nước đài_thọ hoặc hưởng lương , hưởng sinh hoạt_phí do nước_ngoài , tổ_chức quốc_tế đài_thọ thì trong thời_gian ở nước_ngoài được hưởng 40 % mức lương hiện hưởng cộng phụ_cấp chức_vụ lãnh_đạo và phụ_cấp thâm_niên vượt khung ( nếu có ) . 

5 . Công_chức dự_bị và những người trong thời_gian tập_sự hoặc thử việc trong các cơ_quan nhà_nước ( kể_cả tập_sự công_chức cấp xã ) và trong các đơn_vị sự_nghiệp của Nhà_nước được hưởng mức lương theo quy_định tại Điều 18 <NĐ rel="Reference"> Nghị_định số 115/2003/NĐ-CP </NĐ> , Điều 21 <NĐ rel="Reference"> Nghị_định số 116/2003/NĐ-CP </NĐ> , Điều 18 <NĐ rel="Reference"> Nghị_định số 117/2003/NĐ-CP </NĐ> , Điều 4 <NĐ rel="Reference"> Nghị_định số 121/2003/NĐ-CP </NĐ> và được hưởng chế_độ phụ_cấp , chế_độ trả lương theo quy_định tại Nghị_định này .
6 . Chế_độ trả lương áp_dụng từ ngày 01 tháng 01 năm 2005 đối_với cán_bộ chuyên_trách và công_chức cấp xã là người đang hưởng chế_độ hưu_trí hoặc trợ_cấp mất sức lao_động như sau : 

a ) Cán_bộ chuyên_trách cấp xã là người đang hưởng chế_độ hưu_trí hoặc trợ_cấp mất sức lao_động , ngoài lương hưu hoặc trợ_cấp mất sức lao_động , hàng tháng được hưởng 90 % mức lương chức_danh hiện đảm_nhiệm quy_định tại Nghị_định này và không phải đóng bảo_hiểm_xã_hội , bảo_hiểm_y_tế . 

b ) Công_chức cấp xã là người đang hưởng chế_độ hưu_trí hoặc trợ_cấp mất sức lao_động , ngoài lương hưu hoặc trợ_cấp mất sức lao_động , hàng tháng được hưởng 90 % mức lương bậc 1 của ngạch công_chức hành_chính có cùng trình_độ đào_tạo quy_định tại Nghị_định này và không phải đóng bảo_hiểm_xã_hội , bảo_hiểm_y_tế . 

Điều 9 .  Nguồn kinh_phí để thực_hiện chế_độ tiền_lương 

1 . Tiết_kiệm 10 % chi thường_xuyên ( trừ tiền_lương và các khoản có tính_chất lương ) đối_với từng cơ_quan hành_chính , từng đơn_vị sự_nghiệp thuộc các Bộ , cơ_quan Trung_ương và các tỉnh , thành_phố trực_thuộc Trung_ương . 

2 . Sử_dụng tối_thiểu 40 % số thu được để lại theo chế_độ của các đơn_vị sự_nghiệp có thu ( kể_cả các đơn_vị đã thực_hiện cơ_chế_tài_chính đối_với đơn_vị sự_nghiệp có thu ) .  Riêng các đơn_vị sự_nghiệp thuộc ngành y_tế sử_dụng tối_thiểu 35 % . 

3 . Sử_dụng tối_thiểu 40 % số thu được để lại theo chế_độ của các cơ_quan hành_chính có thu . 

4 . Ngân_sách địa_phương sử_dụng 50 % số tăng thu giữa dự_toán năm kế_hoạch so với dự_toán năm trước liền kề do Thủ_tướng Chính_phủ giao và 50 % số tăng thu giữa thực_hiện so với dự_toán năm kế_hoạch do Thủ_tướng Chính_phủ giao . 

5 . Ngân_sách Trung_ương bổ_sung nguồn kinh_phí thực_hiện chế_độ tiền_lương cho các Bộ , cơ_quan Trung_ương và các tỉnh , thành_phố trực_thuộc Trung_ương trong trường_hợp đã thực_hiện đúng các quy_định tại các khoản 1 , 2 , 3 và 4 Điều này mà vẫn còn thiếu . 

Điều 10 .  Quản_lý tiền_lương và thu_nhập 

1 . Các cơ_quan , đơn_vị thực_hiện việc xếp lương , chế_độ phụ_cấp lương , nâng bậc lương , trả lương , quản_lý tiền_lương và thu_nhập theo quy_định tại Nghị_định này và hướng_dẫn của cơ_quan có thẩm_quyền . 

Đối_với các cơ_quan hành_chính được khoán biên_chế và kinh_phí quản_lý hành_chính và các đơn_vị sự_nghiệp của Nhà_nước thực_hiện chế_độ hạch_toán và tự_chủ tài_chính , thì căn_cứ vào kết_quả tiết_kiệm kinh_phí hành_chính và mức tăng_trưởng các nguồn thu được quyền quyết_định hệ_số điều_chỉnh tăng thêm tiền_lương so với mức lương tối_thiểu chung và tăng thêm mức trích_lập các quỹ khen_thưởng , quỹ phúc_lợi để tăng thêm thu_nhập cho cán_bộ , công_chức , viên_chức thuộc biên_chế trả lương của cơ_quan , đơn_vị theo quy_định của cơ_quan có thẩm_quyền . 

2 . Thực_hiện phân_cấp trách_nhiệm để người đứng đầu_cơ_quan nhà_nước và người đứng đầu đơn_vị sự_nghiệp của Nhà_nước quyết_định việc xếp lương , nâng bậc lương thường_xuyên , nâng bậc lương trước thời_hạn và phụ_cấp thâm_niên vượt khung đối_với cán_bộ , công_chức , viên_chức thuộc phạm_vi quản_lý theo phân_cấp của cơ_quan có thẩm_quyền . 

3 . Đối_với chức_danh chuyên_gia cao_cấp , chuyên_viên cao_cấp và tương_đương , thực_hiện phân_cấp việc quyết_định xếp lương , nâng bậc lương và phụ_cấp thâm_niên vượt khung như sau : 

a ) Đối_với chức_danh chuyên_gia cao_cấp : Việc quyết_định xếp lương , nâng bậc lương thường_xuyên và nâng bậc lương trước thời_hạn , thực_hiện theo phân_cấp hiện_hành . 

b ) Đối_với ngạch chuyên_viên cao_cấp và tương_đương ( loại A3 ) : 

b1 ) Việc quyết_định xếp lương vào loại A3 khi được phê_chuẩn kết_quả bầu_cử , khi được bổ_nhiệm vào ngạch ( hoặc chức_danh ) , nâng ngạch , chuyển ngạch , thực_hiện theo phân_cấp hiện_hành . 

b2 ) Việc quyết_định nâng bậc lương thường_xuyên và phụ_cấp thâm_niên vượt khung trong ngạch hoặc trong chức_danh loại A3 do Chánh_án Tòa_án nhân_dân tối_cao , Viện_trưởng Viện_Kiểm_sát nhân_dân tối_cao , Bộ_trưởng , Thủ_trưởng cơ_quan ngang Bộ , Thủ_trưởng cơ_quan thuộc Chính_phủ , Chủ_tịch ủy_ban nhân_dân tỉnh , thành_phố trực_thuộc Trung_ương trực_tiếp sử_dụng và quản_lý cán_bộ , công_chức , viên_chức đó ra quyết_định thực_hiện và có trách_nhiệm báo_cáo kết_quả thực_hiện về Bộ Nội_vụ . 

b3 ) Việc quyết_định nâng bậc lương trước thời_hạn ( khi lập thành_tích xuất_sắc trong thực_hiện nhiệm_vụ và khi có thông_báo nghỉ hưu ) trong ngạch hoặc trong chức_danh loại A3 do Chánh_án Tòa_án nhân_dân tối_cao , Viện_trưởng Viện_Kiểm_sát nhân_dân tối_cao , Bộ_trưởng , Thủ_trưởng cơ_quan ngang Bộ , Thủ_trưởng cơ_quan thuộc Chính_phủ , Chủ_tịch ủy_ban nhân_dân tỉnh , thành_phố trực_thuộc Trung_ương trực_tiếp sử_dụng và quản_lý cán_bộ , công_chức , viên_chức đó ra quyết_định thực_hiện sau khi có thỏa_thuận của Bộ_trưởng Bộ Nội_vụ và có trách_nhiệm báo_cáo kết_quả thực_hiện về Bộ Nội_vụ . 

Điều 11 .  Trách_nhiệm hướng_dẫn thi_hành và tổ_chức thực_hiện 

1 . Bộ Nội_vụ chủ_trì , phối_hợp với Bộ Tài_chính và các Bộ , ngành liên_quan : 

a ) Hướng_dẫn chuyển xếp lương cũ sang lương mới đối_với cán_bộ , công_chức , viên_chức và các trường_hợp có thay_đổi về phân_loại cán_bộ , công_chức , viên_chức quy_định tại Nghị_định này . 

b ) Hướng_dẫn xếp lương , nâng bậc lương và phụ_cấp đối_với những người làm_việc trong tổ_chức cơ_yếu hưởng lương từ ngân_sách nhà_nước theo quy_định tại Nghị_định này . 

c ) Hướng_dẫn xếp lương chuyên_môn , nghiệp_vụ đối_với các đối_tượng giữ chức_danh lãnh_đạo ( bầu_cử , bổ_nhiệm ) thuộc diện xếp lương chuyên_môn , nghiệp_vụ , thừa_hành , phục_vụ và hưởng phụ_cấp chức_vụ lãnh_đạo trong các cơ_quan nhà_nước và các đơn_vị sự_nghiệp của Nhà_nước , bảo_đảm lương mới ( gồm lương chuyên_môn , nghiệp_vụ , thừa_hành , phục_vụ cộng với phụ_cấp chức_vụ lãnh_đạo ) không thấp hơn so với lương cũ . 

d ) Hướng_dẫn chuyển xếp lương đối_với cán_bộ , công_chức , viên_chức khi thay_đổi công_việc và các trường_hợp được chuyển công_tác từ lực_lượng vũ_trang , cơ_yếu và công_ty nhà_nước vào làm_việc trong các cơ_quan nhà_nước và các đơn_vị sự_nghiệp của Nhà_nước . 

đ ) Hướng_dẫn thực_hiện chế_độ phụ_cấp chức_vụ lãnh_đạo ( bầu_cử , bổ_nhiệm ) quy_định tại <NQ rel="Reference"> Nghị_quyết số 730/2004/NQ-UBTVQH11 </NQ> và tại khoản 3 Điều 5 Nghị_định này .
e ) Hướng_dẫn thực_hiện các chế_độ phụ_cấp lương quy_định tại Điều 6 Nghị_định này . 

g ) Hướng_dẫn chế_độ nâng bậc lương quy_định tại Điều 7 Nghị_định này và phân_cấp thẩm_quyền quyết_định xếp lương , nâng bậc lương đối_với cán_bộ , công_chức , viên_chức và người làm công_tác cơ_yếu trong tổ_chức cơ_yếu quy_định tại khoản 2 và khoản 3 Điều 10 Nghị_định này . 

h ) Kiểm_tra kết_quả chuyển xếp lương cũ sang lương mới và việc thực_hiện chế_độ tiền_lương của các Bộ , ngành , địa_phương . 

2 . Bộ Tài_chính chủ_trì , phối_hợp với Bộ Nội_vụ , các Bộ , ngành liên_quan và ủy_ban nhân_dân tỉnh , thành_phố trực_thuộc Trung_ương : 

a ) Hướng_dẫn thực_hiện việc tính_toán , cân_đối nguồn kinh_phí để thực_hiện chế_độ tiền_lương quy_định tại Điều 9 Nghị_định này . 

b ) Kiểm_tra kết_quả thực_hiện chế_độ tiền_lương đối_với các cơ_quan , đơn_vị tự cân_đối được nguồn trả lương ;  đồng_thời thẩm_định và trình Thủ_tướng Chính_phủ cấp bổ_sung quỹ lương đối_với các Bộ , cơ_quan Trung_ương và các tỉnh , thành_phố trực_thuộc Trung_ương còn thiếu nguồn để thực_hiện chế_độ tiền_lương , bảo_đảm tổng_quỹ tiền_lương tăng thêm không vượt quá dự_toán ngân_sách nhà_nước_hàng năm . 

c ) Hướng_dẫn thực_hiện khoán biên_chế và kinh_phí quản_lý hành_chính đối_với các cơ_quan hành_chính và tự_chủ tài_chính đối_với các đơn_vị sự_nghiệp của Nhà_nước quy_định tại khoản 1 Điều 10 Nghị_định này . 

3 . Các Bộ , cơ_quan ngang Bộ chịu trách_nhiệm : 

a ) Chủ_trì , phối_hợp với Bộ Tài_chính trình Chính_phủ , Thủ_tướng Chính_phủ sửa_đổi chế_độ quản_lý , phân_phối và sử_dụng các khoản thu , các khoản phí , lệ_phí thuộc thẩm_quyền . 

b ) Chủ_trì , phối_hợp với Bộ Nội_vụ , Bộ Tài_chính rà_soát và xây_dựng chế_độ phụ_cấp ưu_đãi theo nghề đối_với các đối_tượng thuộc phạm_vi quản_lý trình Chính_phủ , Thủ_tướng Chính_phủ xem_xét ban_hành , sửa_đổi , bổ_sung cho phù_hợp với quy_định tại điểm b khoản 8 Điều 6 Nghị_định này ;  đồng_thời rà_soát trình Chính_phủ , Thủ_tướng Chính_phủ sửa_đổi , bổ_sung hoặc bãi_bỏ các chế_độ phụ_cấp , trợ_cấp khác ( bao_gồm cả các khoản phụ_cấp , trợ_cấp bằng tiền ) và chế_độ trả lương hoặc phụ_cấp đặc_thù quy_định tại khoản 2 Điều 8 Nghị_định này . 

c ) Triển_khai thực_hiện cơ_chế_tài_chính đối_với các đơn_vị sự_nghiệp có thu thuộc phạm_vi quản_lý . 

4 . Tòa_án nhân_dân tối_cao , Viện_Kiểm_sát nhân_dân tối_cao , Bộ Tư_pháp và Thanh_tra Chính_phủ chủ_trì , phối_hợp với Bộ Nội_vụ , Bộ Tài_chính rà_soát và xây_dựng chế_độ phụ_cấp trách_nhiệm theo nghề đối_với các đối_tượng thuộc phạm_vi quản_lý trình Chính_phủ , Thủ_tướng Chính_phủ xem_xét ban_hành , sửa_đổi , bổ_sung cho phù_hợp với quy_định tại điểm c khoản 8 Điều 6 Nghị_định này ;  đồng_thời rà_soát trình Chính_phủ , Thủ_tướng Chính_phủ sửa_đổi , bổ_sung hoặc bãi_bỏ các chế_độ phụ_cấp , trợ_cấp khác ( bao_gồm cả các khoản phụ_cấp , trợ_cấp bằng tiền ) . 

5 . Bộ Quốc_phòng , Bộ Công_an chủ_trì , phối_hợp với Bộ Nội_vụ và Bộ Tài_chính rà_soát và xây_dựng các chế_độ phụ_cấp đặc_thù đối_với Quân_đội nhân_dân và Công_an nhân_dân trình Chính_phủ , Thủ_tướng Chính_phủ quyết_định và hướng_dẫn thực_hiện Nghị_định này đối_với các đối_tượng thuộc phạm_vi quản_lý . 

6 . Ủy_ban nhân_dân tỉnh , thành_phố trực_thuộc Trung_ương chịu trách_nhiệm triển_khai các biện_pháp bảo_đảm nguồn kinh_phí để thực_hiện chế_độ tiền_lương theo quy_định tại Điều 9 Nghị_định này . 

7 . Bộ_trưởng , Thủ_trưởng cơ_quan ngang Bộ , Thủ_trưởng cơ_quan thuộc Chính_phủ , Chủ_tịch ủy_ban nhân_dân tỉnh , thành_phố trực_thuộc Trung_ương chịu trách_nhiệm tổ_chức thực_hiện việc chuyển xếp lương cũ sang lương mới đối_với cán_bộ , công_chức , viên_chức và lực_lượng vũ_trang trong các cơ_quan , đơn_vị thuộc phạm_vi quản_lý , tính_toán xây_dựng quỹ tiền_lương theo quy_định tại Điều 9 Nghị_định này và báo_cáo về liên Bộ Nội_vụ-Tài_chính để kiểm_tra và thẩm_định . 

Điều 12 .  Hiệu_lực thi_hành 

1 . Nghị_định này có hiệu_lực thi_hành sau 15 ngày , kể từ ngày đăng Công_báo . 

Chế_độ tiền_lương quy_định tại Nghị_định này được tính hưởng kể từ ngày 01 tháng 10 năm 2004 . 

2 . Đối_với các chế_độ phụ_cấp ưu_đãi và bồi_dưỡng theo nghề hoặc theo công_việc hiện đang áp_dụng , các Bộ , ngành ở Trung_ương có trách_nhiệm trình Chính_phủ , Thủ_tướng Chính_phủ ban_hành chế_độ phụ_cấp ưu_đãi theo nghề hoặc phụ_cấp trách_nhiệm theo nghề cho phù_hợp với quy_định tại điểm b và điểm c khoản 8 Điều 6 Nghị_định này và được truy_lĩnh theo mức phụ_cấp mới kể từ ngày 01 tháng 10 năm 2004 . 

3 . Nghị_định này thay_thế <NĐ rel="Replace"> Nghị_định số 25/CP ngày 23 tháng 5 năm 1993 </NĐ> của Chính_phủ quy_định tạm_thời chế_độ tiền_lương mới của công_chức , viên_chức hành_chính , sự_nghiệp và lực_lượng vũ_trang .
Bãi_bỏ các quy_định về tiền_lương và phụ_cấp trái với quy_định tại Nghị_định này . 

4 . Quy_định về thẩm_quyền quyết_định nâng bậc lương thường_xuyên ( kể_cả phụ_cấp thâm_niên vượt khung ) và nâng bậc lương trước thời_hạn đối_với ngạch chuyên_viên cao_cấp và tương_đương loại A3 tại điểm b ( b2 và b3 ) khoản 3 Điều 10 Nghị_định này thay_thế quy_định về thẩm_quyền quyết_định nâng bậc lương đối_với ngạch chuyên_viên cao_cấp và các ngạch công_chức , viên_chức chuyên_ngành tương_đương ngạch chuyên_viên cao_cấp tại khoản 7 Điều 41 <NĐ rel="Reference"> Nghị_định số 117/2003/NĐ-CP </NĐ> và khoản 8 Điều 46 <NĐ rel="Reference"> Nghị_định số 116/2003/NĐ-CP </NĐ> .
5 . Chế_độ tiền_lương đối_với cán_bộ Xã đội quy_định tại Điều 22 <NĐ rel="Reference"> Nghị_định số 184/2004/NĐ-CP </NĐ> được tính lại theo quy_định tại Nghị_định này và được hưởng từ ngày 01 tháng 01 năm 2005 .
6 . Cách tính hưởng các chế_độ phụ_cấp quy_định tại <NĐ rel="Reference"> Nghị_định số 35/2001/NĐ-CP ngày 09 tháng 7 năm 2001 </NĐ> của Chính_phủ về chính_sách đối_với nhà_giáo , cán_bộ quản_lý giáo_dục đang công_tác ở trường chuyên_biệt , ở vùng có điều_kiện kinh_tế-xã_hội đặc_biệt khó_khăn , được tính lại theo quy_định tại Nghị_định này .
7 . Hủy_bỏ hiệu_lực thi_hành các quy_định tại các văn_bản sau : 

a ) Điều 2 , Điều 3 , các khoản 1 , 3 , 4 , 5 , 6 và 8 Điều 4 và Điều 5 <NĐ rel="PartDrop"> Nghị_định số 03/2003/NĐ-CP ngày 15 tháng 01 năm 2003 </NĐ> của Chính_phủ về việc điều_chỉnh tiền_lương , trợ_cấp xã_hội và đổi_mới một bước cơ_chế quản_lý tiền_lương .
b ) Các điểm a , b , c , d và đ khoản 1 , điểm c khoản 2 Điều 4 và Điều 6 <NĐ rel="PartDrop"> Nghị_định số 121/2003/NĐ-CP ngày 21 tháng 10 năm 2003 </NĐ> của Chính_phủ về chế_độ , chính_sách đối_với cán_bộ , công_chức ở xã , phường , thị_trấn .
8 . Các đơn_vị sự_nghiệp ngoài công_lập , nếu thấy phù_hợp thì được vận_dụng các quy_định tại Nghị_định này . 

Điều 13 .  Trách_nhiệm thi_hành 

Các Bộ_trưởng , Thủ_trưởng cơ_quan ngang Bộ , Thủ_trưởng cơ_quan thuộc Chính_phủ , Chủ_tịch ủy_ban nhân_dân tỉnh , thành_phố trực_thuộc Trung_ương chịu trách_nhiệm thi_hành Nghị_định này ./. 