Nghị định Quy định về xử phạt vi phạm hành chính trong lĩnh vực hóa chất, phân bón và vật liệu nổ công nghiệp

Căn_cứ <L rel="Pursuant"> Luật Tổ_chức Chính_phủ ngày 25 tháng 12 năm 2001 </L> ;
Căn_cứ <L rel="Pursuant"> Luật Xử_lý vi_phạm hành_chính ngày 20 tháng 6 năm 2012 </L> ;
Căn_cứ <L rel="Pursuant"> Luật_Hóa_chất ngày 21 tháng 11 năm 2007 </L> ;
Căn_cứ <L rel="Pursuant"> Luật_Phòng , chống ma_túy ngày 09 tháng 12 năm 2000 </L> ;
Căn_cứ <PL rel="Pursuant"> Pháp_lệnh số 16/2011/UBTVQH12 ngày 30 tháng 6 năm 2011 </PL> của Ủy_ban Thường_vụ Quốc_hội khóa XII về quản_lý , sử_dụng vũ_khí , vật_liệu nổ và công_cụ hỗ_trợ ;
Căn_cứ <NĐ rel="Pursuant"> Nghị_định số 100/2005/NĐ-CP ngày 03 tháng 8 năm 2005 </NĐ> của Chính_phủ về thực_hiện Công_ước cấm phát_triển , sản_xuất , tàng_trữ , sử_dụng và phá_hủy vũ_khí_hóa học ;
Căn_cứ <NĐ rel="Pursuant"> Nghị_định số 113/2003/NĐ-CP ngày 07 tháng 10 năm 2003 </NĐ> của Chính_phủ về quản_lý sản_xuất , kinh_doanh phân_bón ; <NĐ rel="Pursuant"> Nghị_định số 191/2007/NĐ-CP ngày 31 tháng 12 năm 2007 </NĐ> của Chính_phủ sửa_đổi , bổ_sung một_số điều của <NĐ rel="Others"> Nghị_định số 113/2003/NĐ-CP </NĐ> ;
Căn_cứ <NĐ rel="Pursuant"> Nghị_định số 39/2009/NĐ-CP ngày 23 tháng 4 năm 2009 </NĐ> của Chính_phủ về vật_liệu nổ công_nghiệp ;
Điều 1 .  Phạm_vi điều_chỉnh 

1 . Nghị_định này quy_định về các hành_vi vi_phạm hành_chính , hình_thức xử_phạt , mức phạt và các biện_pháp khắc_phục hậu_quả , thẩm_quyền xử_phạt vi_phạm hành_chính , thẩm_quyền lập biên_bản vi_phạm hành_chính trong lĩnh_vực hóa_chất , phân_bón và vật_liệu nổ công_nghiệp . 

2 . Các hành_vi vi_phạm hành_chính trong lĩnh_vực quản_lý nhà_nước khác liên_quan đến lĩnh_vực hóa_chất , phân_bón và vật_liệu nổ công_nghiệp mà không quy_định tại Nghị_định này thì áp_dụng quy_định tại các nghị_định quy_định về xử_phạt vi_phạm hành_chính trong các lĩnh_vực đó để xử_phạt . 

Điều 2 .  Đối_tượng bị xử_phạt vi_phạm hành_chính 

1 . Cá_nhân , tổ_chức Việt_Nam có hành_vi vi_phạm hành_chính trong lĩnh_vực hóa_chất , phân_bón và vật_liệu nổ công_nghiệp trên lãnh_thổ nước Cộng_hòa xã_hội chủ_nghĩa Việt_Nam . 

2 . Cá_nhân , tổ_chức nước_ngoài có hành_vi vi_phạm hành_chính trong lĩnh_vực hóa_chất , phân_bón và vật_liệu nổ công_nghiệp trên lãnh_thổ Việt_Nam , trừ trường_hợp điều_ước quốc_tế mà Việt_Nam là thành_viên có quy_định khác . 

Điều 3 .  Biện_pháp khắc_phục hậu_quả 

1 . Buộc đưa ra khỏi lãnh_thổ Việt_Nam hoặc buộc tiêu_hủy_hóa_chất nguy_hiểm ;  buộc tiêu_hủy các sản_phẩm điện , điện_tử và sản_phẩm dệt_may không đảm_bảo giới_hạn hàm_lượng_hóa chất_độc cho phép . 

2 . Buộc tiêu_hủy phân_bón nếu phân_bón gây hại cho sức_khỏe con_người , vật_nuôi , cây_trồng và môi_trường . 

3 . Buộc tiến_hành lấy mẫu , kiểm_nghiệm , công_nhận lại chất_lượng phân_bón do không thực_hiện đúng các quy_định về phương_pháp lấy mẫu , kiểm_nghiệm chất_lượng , chứng_nhận chất_lượng phân_bón . 

4 . Buộc_khảo_nghiệm lại , cải_chính kết_quả khảo_nghiệm phân_bón hoặc hủy bỏ kết_quả khảo_nghiệm do thực_hiện khảo_nghiệm không đúng quy_định , không_trung_thực . 

5 . Buộc khôi_phục lại tình_trạng ban_đầu đã bị thay_đổi , buộc khắc_phục tình_trạng không an_toàn trong sản_xuất vật_liệu nổ công_nghiệp . 

6 . Buộc di_chuyển vật_liệu nổ công_nghiệp dự_trữ đến kho , địa_điểm theo quy_định . 

Điều 4 .  Mức phạt tiền và thẩm_quyền xử_phạt đối_với cá_nhân , tổ_chức 

1 . Mức phạt tiền tối_đa trong lĩnh_vực hóa_chất quy_định tại Chương II Nghị_định này áp_dụng đối_với cá_nhân là 50.000.000 đồng .  Mức phạt tiền đối_với cùng một hành_vi vi_phạm hành_chính của tổ_chức bằng hai lần mức phạt tiền đối_với cá_nhân . 

2 . Mức phạt tiền tối_đa trong lĩnh_vực phân_bón và vật_liệu nổ công_nghiệp quy_định tại Chương III , Chương IV Nghị_định này áp_dụng đối_với cá_nhân là 100.000.000 đồng .  Mức phạt tiền đối_với cùng một hành_vi vi_phạm hành_chính của tổ_chức bằng hai lần mức phạt tiền đối_với cá_nhân . 

3 . Thẩm_quyền xử_phạt vi_phạm hành_chính của những người được quy_định từ Điều 36 đến Điều 44 Nghị_định này là thẩm_quyền áp_dụng đối_với một hành_vi vi_phạm hành_chính của cá_nhân .  Trong trường_hợp phạt tiền , thẩm_quyền xử_phạt đối_với tổ_chức gấp hai lần thẩm_quyền xử_phạt đối_với cá_nhân . 

Điều 5 .  Hành_vi vi_phạm_quy_định về an_toàn trong sản_xuất , kinh_doanh và cất_giữ hóa_chất nguy_hiểm 

1 . Phạt tiền từ 1.000.000 đồng đến 3.000.000 đồng đối_với một trong các hành_vi sau : 

a ) Không có bảng nội_quy về an_toàn hóa_chất tại khu_vực sản_xuất , kinh_doanh và cất_giữ hóa_chất nguy_hiểm ; 

b ) Không có hệ_thống báo_hiệu phù_hợp với mức_độ nguy_hiểm của hóa_chất tại khu_vực sản_xuất , kinh_doanh và cất_giữ hóa_chất nguy_hiểm ; 

c ) Không có trang_thiết_bị , phương_tiện ứng_cứu sự_cố tại khu_vực sản_xuất , kinh_doanh và cất_giữ hóa_chất nguy_hiểm . 

2 . Phạt tiền từ 3.000.000 đồng đến 5.000.000 đồng đối_với một trong các hành_vi sau : 

a ) Không báo_cáo cơ_quan có thẩm_quyền trong trường_hợp thay_đổi những nội_dung đã được phê_duyệt tại Kế_hoạch phòng_ngừa , ứng_phó sự_cố hóa_chất hoặc những nội_dung đã được xác_nhận tại Biện_pháp phòng_ngừa , ứng_phó sự_cố hóa_chất ; 

b ) Không thực_hiện đúng các yêu_cầu đề ra tại Kế_hoạch phòng_ngừa , ứng_phó sự_cố hóa_chất đã được phê_duyệt hoặc Biện_pháp phòng_ngừa , ứng_phó sự_cố hóa_chất đã được xác_nhận . 

3 . Phạt tiền từ 5.000.000 đồng đến 8.000.000 đồng đối_với hành_vi không xây_dựng Kế_hoạch hoặc Biện_pháp phòng_ngừa , ứng_phó sự_cố hóa_chất trong sản_xuất , kinh_doanh và cất_giữ hóa_chất nguy_hiểm theo quy_định của pháp_luật về hóa_chất . 

4 . Phạt tiền từ 8.000.000 đồng đến 10.000.000 đồng đối_với hành_vi không có kho để cất_giữ hóa_chất nguy_hiểm , trừ trường_hợp kinh_doanh hóa_chất nguy_hiểm được vận_chuyển trực_tiếp đến kho của bên mua . 

5 . Hình_thức xử_phạt bổ_sung : 

Đình_chỉ sản_xuất , kinh_doanh , cất_giữ hóa_chất nguy_hiểm từ 01 tháng đến 03 tháng trong trường_hợp gây mất an_toàn , gây hậu_quả nghiêm_trọng cho sức_khỏe con_người và môi_trường đối_với hành_vi vi_phạm_quy_định tại Khoản 3 và Khoản 4 Điều này . 

6 . Biện_pháp khắc_phục hậu_quả : 

Buộc tiêu_hủy_hóa_chất nguy_hiểm nếu gây hại cho sức_khỏe con_người , vật_nuôi , cây_trồng và môi_trường đối_với hành_vi vi_phạm_quy_định tại Khoản 4 Điều này . 

Điều 6 .  Hành_vi vi_phạm_quy_định về đăng_ký và sử_dụng hóa_chất nguy_hiểm 

1 . Phạt tiền từ 5.000.000 đồng đến 8.000.000 đồng đối_với một trong các hành_vi sau : 

a ) Sử_dụng hóa_chất nguy_hiểm trong sản_xuất sản_phẩm , hàng_hóa không đúng mục_đích đã đăng_ký ; 

b ) Không thực_hiện đăng_ký sử_dụng hóa_chất nguy_hiểm trước khi bắt_đầu sử_dụng . 

2 . Phạt tiền từ 8.000.000 đồng đến 12.000.000 đồng đối_với hành_vi sử_dụng hóa_chất nguy_hiểm thuộc danh_mục hóa_chất cấm để sản_xuất và bảo_quản thức_ăn gia_súc theo quy_định của pháp_luật về hóa_chất . 

3 . Phạt tiền từ 12.000.000 đồng đến 15.000.000 đồng đối_với hành_vi sử_dụng hóa_chất nguy_hiểm thuộc danh_mục hóa_chất cấm để sản_xuất các loại thuốc thú_y , thuốc bảo_vệ thực_vật theo quy_định của pháp_luật về hóa_chất . 

4 . Phạt tiền từ 15.000.000 đồng đến 18.000.000 đồng đối_với hành_vi sử_dụng hóa_chất nguy_hiểm thuộc danh_mục hóa_chất cấm để sản_xuất và bảo_quản thực_phẩm theo quy_định của pháp_luật về hóa_chất . 

5 . Phạt tiền từ 18.000.000 đồng đến 20.000.000 đồng đối_với hành_vi sử_dụng hóa_chất nguy_hiểm thuộc danh_mục hóa_chất cấm để sản_xuất thuốc chữa bệnh và sản_phẩm hóa_chất tiêu_dùng theo quy_định của pháp_luật về hóa_chất . 

Buộc tiêu_hủy_hóa_chất nguy_hiểm , sản_phẩm , hàng_hóa trong trường_hợp gây hại cho sức_khỏe con_người , vật_nuôi , cây_trồng và môi_trường đối_với hành_vi vi_phạm_quy_định tại Khoản 2 , 3 , 4 , 5 Điều này . 

Điều 7 .  Hành_vi vi_phạm_quy_định về Phiếu kiểm_soát mua , bán_hóa chất_độc 

1 . Phạt tiền từ 500.000 đồng đến 1.000.000 đồng đối_với một trong các hành_vi sau : 

a ) Phiếu kiểm_soát mua , bán_hóa chất_độc không có đầy_đủ các thông_tin theo quy_định của pháp_luật về hóa_chất ; 

b ) Không_lưu_giữ hoặc lưu_giữ Phiếu kiểm_soát mua , bán_hóa chất_độc không đúng thời_hạn theo quy_định của pháp_luật về hóa_chất . 

2 . Phạt tiền từ 1.000.000 đồng đến 2.000.000 đồng đối_với hành_vi mua , bán_hóa chất_độc nhưng không có Phiếu kiểm_soát mua , bán_hóa chất_độc theo quy_định của pháp_luật về hóa_chất . 

Điều 8 .  Hành_vi vi_phạm_quy_định về giới_hạn hàm_lượng cho phép của hóa chất độc_hại trong một_số sản_phẩm tiêu_dùng 

1 . Phạt tiền từ 1.000.000 đồng đến 2.000.000 đồng đối_với hành_vi không công_bố thông_tin về giới_hạn hàm_lượng cho phép của hóa chất độc_hại theo quy_định của pháp_luật về hóa_chất . 

2 . Phạt tiền từ 2.000.000 đồng đến 3.000.000 đồng đối_với hành_vi không xây_dựng hoặc lưu_trữ tài_liệu về giới_hạn hàm_lượng cho phép của hóa chất độc_hại theo quy_định của pháp_luật về hóa_chất . 

3 . Phạt tiền từ 4.000.000 đồng đến 8.000.000 đồng đối_với một trong các hành_vi sau trong sản_xuất , kinh_doanh và nhập_khẩu : 

a ) Hàm_lượng_hóa chất độc_hại có trong sản_phẩm điện , điện_tử vượt quá giới_hạn hàm_lượng cho phép theo quy_định của pháp_luật về hóa_chất ; 

b ) Hàm_lượng fomaldehyt tồn_dư trên sản_phẩm dệt_may vượt quá giới_hạn cho phép theo quy_định của pháp_luật về giới_hạn cho phép đối_với hàm_lượng fomaldehyt ; 

c ) Hàm_lượng các am in thơm là dẫn_xuất từ các từ thuốc_nhuộm azo trong các sản_phẩm dệt_may nhuộm màu hoặc các chi_tiết in , nhuộm màu có_thể tiếp_xúc được vượt quá giới_hạn cho phép theo quy_định của pháp_luật đối_với thuốc_nhuộm azo . 

4 . Biện_pháp khắc_phục hậu_quả : 

Buộc tiêu_hủy các sản_phẩm điện , điện_tử và sản_phẩm dệt_may không đảm_bảo giới_hạn hàm_lượng hóa_chất cho phép đối_với hành_vi vi_phạm_quy_định tại Khoản 3 Điều này . 

Điều 9 .  Hành_vi vi_phạm_quy_định về Giấy chứng_nhận đủ điều_kiện sản_xuất , kinh_doanh hóa_chất thuộc Danh_mục hóa_chất sản_xuất , kinh_doanh có điều_kiện 

1 . Phạt cảnh_cáo hoặc phạt tiền từ 500.000 đồng đến 1.000.000 đồng đối_với hành_vi tự viết thêm , tẩy xóa , sửa_chữa nội_dung ghi trong Giấy chứng_nhận đủ điều_kiện sản_xuất , kinh_doanh hóa_chất . 

2 . Phạt tiền từ 10.000.000 đồng đến 15.000.000 đồng đối_với hành_vi sản_xuất , kinh_doanh hóa_chất nguy_hiểm thuộc Danh_mục hóa_chất sản_xuất , kinh_doanh có điều_kiện ( trong trường_hợp pháp_luật quy_định phải có Giấy chứng_nhận ) mà không có Giấy chứng_nhận của cơ_quan có thẩm_quyền theo quy_định của pháp_luật về hóa_chất . 

3 . Phạt tiền từ 15.000.000 đồng đến 20.000.000 đồng đối_với hành_vi tiếp_tục hoạt_động_sản_xuất , kinh_doanh hóa_chất nguy_hiểm thuộc Danh_mục hóa_chất sản_xuất , kinh_doanh có điều_kiện khi đã bị cơ_quan có thẩm_quyền đình_chỉ sản_xuất , kinh_doanh hoặc thu_hồi Giấy chứng_nhận đủ điều_kiện sản_xuất , kinh_doanh hóa_chất . 

Buộc tiêu_hủy_hóa_chất nguy_hiểm nếu gây hại cho sức_khỏe con_người , vật_nuôi , cây_trồng và môi_trường đối_với hành_vi vi_phạm_quy_định tại Khoản 2 và Khoản 3 Điều này . 

Điều 10 .  Hành_vi vi_phạm_quy_định về Giấy_phép hạn_chế sản_xuất , kinh_doanh hóa_chất thuộc Danh_mục hóa_chất hạn_chế sản_xuất , kinh_doanh 

1 . Phạt cảnh_cáo hoặc phạt tiền từ 1.000.000 đồng đến 3.000.000 đồng đối_với hành_vi tự viết thêm , tẩy xóa , sửa_chữa nội_dung ghi trong Giấy_phép hạn_chế sản_xuất , kinh_doanh hóa_chất . 

2 . Phạt tiền từ 3.000.000 đồng đến 7.000.000 đồng đối_với một trong các hành_vi sau : 

a ) Cho thuê , cho mượn , cầm_cố , thế_chấp , bán , chuyển_nhượng Giấy_phép hạn_chế sản_xuất , kinh_doanh hóa_chất ; 

b ) Thuê , mượn , nhận cầm_cố , nhận thế_chấp , mua , nhận chuyển_nhượng Giấy_phép hạn_chế sản_xuất , kinh_doanh hóa_chất . 

3 . Phạt tiền từ 7.000.000 đồng đến 12.000.000 đồng đối_với một trong các hành_vi vi_phạm sau đây : 

a ) Sử_dụng Giấy_phép hạn_chế sản_xuất , kinh_doanh hóa_chất của cá_nhân , tổ_chức sản_xuất , kinh_doanh hóa_chất khác để sản_xuất , kinh_doanh ; 

b ) Kinh_doanh không đúng phạm_vi , đối_tượng , quy_mô , thời_gian , địa_bàn , địa_điểm , mặt_hàng ghi trong Giấy_phép hạn_chế sản_xuất , kinh_doanh hóa_chất được cấp . 

4 . Phạt tiền từ 12.000.000 đồng đến 20.000.000 đồng đối_với một trong các hành_vi vi_phạm sau đây : 

a ) Sản_xuất , kinh_doanh hóa_chất hạn_chế sản_xuất , kinh_doanh mà không có Giấy_phép hạn_chế sản_xuất , kinh_doanh hóa_chất theo quy_định ; 

b ) Sản_xuất , kinh_doanh hóa_chất hạn_chế sản_xuất , kinh_doanh khi Giấy_phép hạn_chế sản_xuất , kinh_doanh hóa_chất được cấp đã hết hiệu_lực . 

5 . Phạt tiền từ 20.000.000 đồng đến 25.000.000 đồng đối_với hành_vi tiếp_tục hoạt_động_sản_xuất , kinh_doanh khi đã bị cơ_quan quản_lý có thẩm_quyền đình_chỉ hoạt_động_sản_xuất , kinh_doanh , tước quyền sử_dụng hoặc thu_hồi Giấy_phép hạn_chế sản_xuất , kinh_doanh hóa_chất . 

6 . Hình_thức xử_phạt bổ_sung : 

Tước quyền sử_dụng Giấy_phép hạn_chế sản_xuất , kinh_doanh hóa_chất từ 01 tháng đến 03 tháng đối_với hành_vi vi_phạm_quy_định tại Điểm b Khoản 3 Điều này trong trường_hợp vi_phạm nhiều lần hoặc tái_phạm . 

Điều 11 .  Hành_vi vi_phạm_quy_định về quản_lý hồ_sơ xuất kho , nhập kho tiền chất sử_dụng trong lĩnh_vực công_nghiệp 

Phạt tiền từ 300.000 đồng đến 500.000 đồng đối_với hành_vi ghi chung phiếu xuất kho , nhập kho tiền chất với các loại hàng_hóa , vật_tư khác ;  không mở sổ riêng theo_dõi việc xuất kho , nhập kho tiền chất trong sản_xuất , kinh_doanh và sử_dụng theo quy_định của pháp_luật về quản_lý tiền chất sử_dụng trong lĩnh_vực công_nghiệp . 

Điều 12 .  Hành_vi vi_phạm_quy_định về khai_báo hóa_chất sản_xuất , nhập_khẩu 

1 . Phạt tiền từ 1.000.000 đồng đến 2.000.000 đồng đối_với một trong các hành_vi sau : 

a ) Khai_báo không đúng thực_tế về khối_lượng , nguồn_gốc xuất_xứ của hóa_chất ; 

b ) Khai_báo không đúng thực_tế bản_chất , thành_phần của hóa_chất . 

2 . Phạt tiền từ 2.000.000 đồng đến 5.000.000 đồng đối_với một trong các hành_vi sau : 

a ) Nhập_khẩu hóa_chất thuộc Danh_mục hóa_chất phải khai_báo mà không có Giấy xác_nhận khai_báo hóa_chất nhập_khẩu do cơ_quan có thẩm_quyền cấp ; 

b ) Sản_xuất_hóa_chất thuộc Danh_mục hóa_chất phải khai_báo mà không có Giấy xác_nhận khai_báo hóa_chất sản_xuất do cơ_quan có thẩm_quyền cấp . 

3 . Biện_pháp khắc_phục hậu_quả : 

a ) Buộc đưa ra khỏi lãnh_thổ Việt_Nam hoặc tái_xuất_hóa_chất nguy_hiểm đối_với hành_vi vi_phạm_quy_định tại Điểm a Khoản 2 Điều này ; 

b ) Buộc tiêu_hủy_hóa_chất nguy_hiểm nếu gây hại cho sức_khỏe con_người , vật_nuôi , cây_trồng và môi_trường đối_với hành_vi vi_phạm_quy_định tại Điểm b Khoản 2 Điều này . 

Điều 13 .  Hành_vi vi_phạm_quy_định về lưu_trữ thông_tin hóa_chất nguy_hiểm 

Phạt tiền từ 300.000 đồng đến 500.000 đồng đối_với hành_vi không lưu_trữ thông_tin về hóa_chất nguy_hiểm trong hoạt_động_sản_xuất , kinh_doanh và sử_dụng hóa_chất nguy_hiểm theo quy_định của pháp_luật về hóa_chất . 

Điều 14 .  Hành_vi vi_phạm_quy_định về quản_lý_hóa_chất , chế_phẩm diệt côn_trùng , diệt khuẩn dùng trong gia_dụng và y_tế 

1 . Phạt cảnh_cáo hoặc phạt tiền từ 1.000.000 đồng đến 2.000.000 đồng đối_với một trong các hành_vi sau : 

a ) Chứa , đựng hóa_chất , chế_phẩm diệt côn_trùng , diệt khuẩn dùng trong gia_dụng và y_tế bằng các vật_dụng không đúng hướng_dẫn của nhà sản_xuất hoặc có nguy_cơ gây nhầm_lẫn đối_với các sản_phẩm , hàng_hóa khác ; 

b ) Loại_bỏ dụng_cụ chứa , đựng hóa_chất , chế_phẩm diệt côn_trùng , diệt khuẩn dùng trong gia_dụng và y_tế không đúng quy_định sau khi đã sử_dụng . 

2 . Phạt tiền từ 5.000.000 đồng đến 10.000.000 đồng đối_với một trong các hành_vi sau : 

a ) Không thực_hiện đúng quy_định về điều_kiện sản_xuất , kinh_doanh hóa_chất , chế_phẩm diệt côn_trùng , diệt khuẩn dùng trong gia_dụng và y_tế ; 

b ) Không thực_hiện đúng quy_định về bao_gói , bảo_quản và vận_chuyển hóa_chất , chế_phẩm diệt côn_trùng , diệt khuẩn dùng trong gia_dụng và y_tế ; 

c ) Ghi nhãn sản_phẩm không đúng nội_dung như đã đăng_ký với cơ_quan quản_lý ; 

d ) Thực_hiện không đúng quy_trình khảo_nghiệm đã được cơ_quan y_tế có thẩm_quyền ban_hành đối_với tổ_chức thực_hiện việc khảo_nghiệm . 

3 . Phạt tiền từ 10.000.000 đồng đến 20.000.000 đồng đối_với một trong các hành_vi sau : 

a ) Sản_xuất , kinh_doanh hóa_chất , chế_phẩm diệt côn_trùng , diệt khuẩn dùng trong gia_dụng và y_tế mà Giấy chứng_nhận đăng_ký lưu_hành các sản_phẩm này đã hết hạn ; 

b ) Sản_xuất , kinh_doanh hóa_chất , chế_phẩm diệt côn_trùng , diệt khuẩn dùng trong gia_dụng và y_tế không đúng tiêu_chuẩn như đã công_bố ; 

c ) Sản_xuất , kinh_doanh hóa_chất , chế_phẩm diệt côn_trùng , diệt khuẩn dùng trong gia_dụng và y_tế chưa được cấp Giấy chứng_nhận đăng_ký lưu_hành tại Việt_Nam ; 

d ) Quảng_cáo hóa_chất , chế_phẩm diệt côn_trùng , diệt khuẩn dùng trong gia_dụng và y_tế không có phiếu tiếp_nhận hồ_sơ đăng_ký quảng_cáo của cơ_quan y_tế có thẩm_quyền hoặc quảng_cáo không đúng với nội_dung đã đăng_ký hoặc không sửa_đổi nội_dung quảng_cáo theo yêu_cầu của cơ_quan y_tế có thẩm_quyền . 

4 . Phạt tiền từ 20.000.000 đồng đến 30.000.000 đồng đối_với hành_vi kinh_doanh hóa_chất , chế_phẩm diệt côn_trùng , diệt khuẩn dùng trong gia_dụng và y_tế đã hết hạn sử_dụng . 

5 . Phạt tiền từ 30.000.000 đồng đến 40.000.000 đồng đối_với hành_vi sản_xuất , kinh_doanh hóa_chất , chế_phẩm diệt côn_trùng , diệt khuẩn dùng trong gia_dụng và y_tế bị cấm sử_dụng ở Việt_Nam . 

Điều 15 .  Vi_phạm_quy_định về thanh_tra , kiểm_tra , thanh_sát 

1 . Phạt tiền từ 3.000.000 đồng đến 5.000.000 đồng đối_với một trong các hành_vi sau : 

a ) Cơ_sở hóa_chất không chấp_hành quyết_định thanh_tra , kiểm_tra của cơ_quan có thẩm_quyền ;  không chấp_hành quyết_định thanh_sát do Tổ_chức cấm vũ_khí_hóa học tiến_hành ; 

b ) Cơ_sở hóa_chất vi_phạm các quy_định về thanh_sát của Tổ_chức cấm vũ_khí_hóa học . 

2 . Hình_thức xử_phạt bổ_sung : 

Đình_chỉ hoạt_động của cơ_sở hóa_chất Bảng từ 01 tháng đến 03 tháng đối_với hành_vi vi_phạm_quy_định tại Khoản 1 Điều này . 

Điều 16 .  Hành_vi vi_phạm_quy_định về quản_lý_hóa_chất DOC , DOC-PSF 

1 . Phạt tiền từ 5.000.000 đồng đến 10.000.000 đồng đối_với hành_vi khai_báo không đúng với thực_tế sản_xuất của cơ_sở hóa_chất DOC , DOC-PSF khi thực_hiện khai_báo ban_đầu , khai_báo về các hoạt_động có trong năm trước hoặc khai_báo bổ_sung , điều_chỉnh , thay_đổi sản_xuất . 

2 . Phạt tiền từ 10.000.000 đồng đến 15.000.000 đồng đối_với hành_vi không khai_báo ban_đầu , không khai_báo về các hoạt_động có trong năm trước hoặc không khai_báo bổ_sung , điều_chỉnh , thay_đổi sản_xuất của cơ_sở hóa_chất DOC , DOC-PSF . 

3 . Hình_thức xử_phạt bổ_sung : 

Đình_chỉ hoạt_động của cơ_sở hóa_chất DOC , DOC-PSF từ 01 tháng đến 03 tháng đối_với hành_vi vi_phạm_quy_định tại Khoản 1 và Khoản 2 Điều này . 

Điều 17 .  Hành_vi vi_phạm_quy_định về quản_lý_hóa chất Bảng 3 , hóa chất Bảng 2 

1 . Phạt tiền từ 15.000.000 đồng đến 20.000.000 đồng đối_với một trong các hành_vi sau : 

a ) Khai_báo không đúng thời_hạn quy_định ; 

b ) Không khai_báo hoặc khai_báo không đúng với thực_tế sản_xuất , xuất_khẩu , nhập_khẩu hóa_chất Bảng 3 , hóa chất Bảng 2 . 

2 . Phạt tiền từ 20.000.000 đồng đến 30.000.000 đồng đối_với hành_vi đầu_tư cơ_sở hóa_chất Bảng 3 , hóa chất Bảng 2 sai nội_dung ghi trong văn_bản chấp_thuận đầu_tư của cơ_quan nhà_nước có thẩm_quyền ;  xuất_khẩu , nhập_khẩu hóa_chất Bảng 3 , hóa chất Bảng 2 sai nội_dung ghi trong Giấy_phép xuất_khẩu , nhập_khẩu ;  chuyển_nhượng Giấy_phép xuất_khẩu , nhập_khẩu cho doanh_nghiệp khác . 

3 . Phạt tiền từ 30.000.000 đồng đến 40.000.000 đồng đối_với hành_vi đầu_tư cơ_sở hóa_chất Bảng 3 , hóa chất Bảng 2 không có văn_bản chấp_thuận của cơ_quan nhà_nước có thẩm_quyền ;  xuất_khẩu , nhập_khẩu hóa_chất Bảng 3 , hóa chất Bảng 2 không có Giấy_phép của cơ_quan nhà_nước có thẩm_quyền . 

4 . Hình_thức xử_phạt bổ_sung : 

a ) Tước quyền sử_dụng Giấy_phép từ 01 tháng đến 03 tháng đối_với hành_vi vi_phạm_quy_định tại Khoản 2 Điều này ; 

b ) Đình_chỉ hoạt_động của cơ_sở hóa_chất Bảng 3 , hóa chất Bảng 2 từ 01 tháng đến 03 tháng đối_với hành_vi vi_phạm_quy_định tại Khoản 1 và Khoản 3 Điều này . 

5 . Biện_pháp khắc_phục hậu_quả : 

Buộc đưa ra khỏi lãnh_thổ Việt_Nam hoặc buộc tiêu_hủy_hóa chất Bảng 3 , hóa chất Bảng 2 nếu gây hại cho sức_khỏe con_người , vật_nuôi và môi_trường đối_với hành_vi vi_phạm_quy_định tại Khoản 2 Điều này . 

Điều 18 .  Hành_vi vi_phạm_quy_định về quản_lý vũ_khí_hóa_học và hóa_chất Bảng 1 

1 . Phạt tiền từ 30.000.000 đồng đến 40.000.000 đồng đối_với một trong các hành_vi sau : 

a ) Sản_xuất , sở_hữu , tàng_trữ , sử_dụng các hóa chất_độc và tiền chất của chúng , các hóa_chất Bảng 1 không được phép ; 

b ) Xuất_khẩu , nhập_khẩu các hóa chất_độc và tiền chất của chúng ;  các hóa_chất Bảng 1 không được phép ; 

c ) Xuất_khẩu , nhập_khẩu hóa_chất Bảng 1 với mọi tổ_chức , cá_nhân của quốc_gia không phải là thành_viên Công_ước ; 

d ) Tái_xuất_khẩu hoặc tái_nhập_khẩu hóa_chất Bảng 1 với mọi tổ_chức , cá_nhân của quốc_gia thứ ba ; 

đ ) Xuất_khẩu , nhập_khẩu hóa_chất Bảng 1 sai nội_dung ghi trong Giấy_phép xuất_khẩu , nhập_khẩu ;  chuyển_nhượng Giấy_phép xuất_khẩu , nhập_khẩu cho doanh_nghiệp khác . 

2 . Phạt tiền từ 40.000.000 đồng đến 50.000.000 đồng đối_với một trong các hành_vi sau : 

a ) Không khai_báo hoặc khai_báo không đúng thực_tế sản_xuất , chế_biến , tiêu_dùng , cất_giữ hóa_chất Bảng 1 ;  không thông_báo , không khai_báo xuất_khẩu , nhập_khẩu ;  thông_báo , khai_báo hóa_chất Bảng 1 không đúng thời_hạn quy_định ; 

b ) Sản_xuất , chế_biến , tiêu_dùng , cất_giữ hóa_chất Bảng 1 vượt tổng sản_lượng cho phép . 

a ) Tước quyền sử_dụng Giấy_phép từ 02 tháng đến 05 tháng đối_với hành_vi vi_phạm_quy_định tại Khoản 1 và Khoản 2 Điều này ; 

b ) Đình_chỉ hoạt_động của cơ_sở hóa_chất Bảng 1 từ 02 tháng đến 05 tháng đối_với hành_vi vi_phạm_quy_định tại Khoản 2 Điều này . 

c ) Tịch_thu tang_vật , phương_tiện được sử_dụng để vi_phạm đối_với hành_vi vi_phạm_quy_định tại Điều này . 

Buộc đưa ra khỏi lãnh_thổ Việt_Nam đối_với hành_vi vi_phạm_quy_định tại Khoản 1 và Khoản 2 Điều này . 

Điều 19 .  Hành_vi vi_phạm_quy_định về điều_kiện sản_xuất , gia_công phân_bón 

1 . Phạt tiền từ 1.000.000 đồng đến 3.000.000 đồng đối_với hành_vi không có_nhân_lực có chuyên_môn , nghiệp_vụ đáp_ứng yêu_cầu về công_nghệ sản_xuất và quản_lý chất_lượng phân_bón . 

2 . Phạt tiền từ 3.000.000 đồng đến 7.000.000 đồng đối_với hành_vi không có phòng kiểm_nghiệm hoặc không có hợp_đồng với phòng kiểm_nghiệm được chỉ_định và được công_nhận để đánh_giá chất_lượng phân_bón . 

3 . Phạt tiền từ 10.000.000 đồng đến 15.000.000 đồng đối_với hành_vi sản_xuất , gia_công phân_bón không có kho chứa phân_bón . 

4 . Phạt tiền từ 15.000.000 đồng đến 20.000.000 đồng đối_với hành_vi không có máy_móc , thiết_bị và quy_trình công_nghệ phù_hợp để sản_xuất , gia_công phân_bón . 

Đình_chỉ hoạt_động_sản_xuất , gia_công phân_bón từ 01 tháng đến 03 tháng trong trường_hợp không thực_hiện đánh_giá chất_lượng phân_bón , không có kho chứa phân_bón có_thể gây hậu_quả nghiêm_trọng cho sức_khỏe con_người và môi_trường đối_với hành_vi vi_phạm_quy_định tại Khoản 2 và Khoản 3 Điều này . 

Điều 20 .  Hành_vi vi_phạm_quy_định về sản_xuất , gia_công phân_bón không đảm_bảo chất_lượng 

1 . Phạt tiền từ 80.000.000 đồng đến 90.000.000 đồng đối_với hành_vi vi_phạm sản_xuất , gia_công phân_bón không đạt mức sai_số định_lượng cho phép so với mức Công_bố tiêu_chuẩn áp_dụng , Quy_chuẩn kỹ_thuật quốc_gia tương_ứng hoặc quy_định trong Danh_mục phân_bón . 

2 . Phạt tiền từ 90.000.000 đồng đến 100.000.000 đồng đối_với hành_vi vi_phạm sản_xuất , gia_công phân_bón không đạt mức chỉ_tiêu định_lượng bắt_buộc so với mức Công_bố tiêu_chuẩn áp_dụng , Quy_chuẩn kỹ_thuật quốc_gia tương_ứng hoặc quy_định trong Danh_mục phân_bón . 

Buộc tiêu_hủy số_lượng phân_bón đối_với hành_vi vi_phạm_quy_định tại Khoản 1 và Khoản 2 Điều này nếu phân_bón gây hại cho sức_khỏe con_người , vật_nuôi , cây_trồng và môi_trường . 

Điều 21 .  Hành_vi vi_phạm_quy_định về điều_kiện kinh_doanh phân_bón 

1 . Phạt tiền từ 5.000.000 đồng đến 10.000.000 đồng đối_với hành_vi không có chứng_từ hợp_pháp chứng_minh rõ nguồn_gốc nơi sản_xuất , nhập_khẩu hoặc nơi cung_cấp phân_bón . 

2 . Phạt tiền từ 10.000.000 đồng đến 15.000.000 đồng đối_với một trong các hành_vi sau : 

a ) Kinh_doanh phân_bón không có cửa_hàng hoặc địa_điểm kinh_doanh bảo_đảm giữ được chất_lượng phân_bón ; 

b ) Kinh_doanh phân_bón không có công_cụ , thiết_bị chứa_đựng , lưu_giữ bảo_đảm chất_lượng phân_bón ; 

c ) Kinh_doanh phân_bón không có kho chứa phân_bón . 

a ) Tịch_thu_phân_bón không chứng_minh được nguồn_gốc nơi sản_xuất , nhập_khẩu hoặc nơi cung_cấp loại phân_bón đối_với hành_vi vi_phạm_quy_định tại Khoản 1 Điều này ; 

b ) Đình_chỉ hoạt_động kinh_doanh phân_bón từ 01 tháng đến 03 tháng trong trường_hợp không có công_cụ , thiết_bị chứa_đựng , không có kho chứa phân_bón có_thể gây hậu_quả nghiêm_trọng đến sức_khỏe con_người và môi_trường đối_với hành_vi vi_phạm_quy_định tại Khoản 2 Điều này . 

Điều 22 .  Hành_vi vi_phạm_quy_định về kinh_doanh phân_bón không đảm_bảo chất_lượng 

1 . Phạt tiền từ 30.000.000 đồng đến 40.000.000 đồng đối_với hành_vi kinh_doanh phân_bón đã quá thời_hạn sử_dụng . 

2 . Phạt tiền từ 40.000.000 đồng đến 50.000.000 đồng đối_với hành_vi kinh_doanh phân_bón đã bị đình_chỉ sản_xuất , đình_chỉ tiêu_thụ . 

Tịch_thu_phân_bón kinh_doanh đã quá thời_hạn sử_dụng , phân_bón đã bị đình_chỉ sản_xuất , đình_chỉ tiêu_thụ đối_với hành_vi vi_phạm_quy_định tại Khoản 1 Điều này . 

Buộc tiêu_hủy phân_bón kinh_doanh đã quá thời_hạn sử_dụng , phân_bón bị đình_chỉ sản_xuất , phân_bón bị đình_chỉ tiêu_thụ gây hại cho sức_khỏe con_người , vật_nuôi , cây_trồng và môi_trường đối_với hành_vi vi_phạm_quy_định tại Khoản 1 và Khoản 2 Điều này . 

Điều 23 .  Hành_vi vi_phạm_quy_định về nhập_khẩu phân_bón 

1 . Phạt tiền từ 4.000.000 đồng đến 7.000.000 đồng đối_với hành_vi nhập_khẩu phân_bón mới để khảo_nghiệm mà chưa được sự đồng_ý bằng văn_bản của cơ_quan có thẩm_quyền . 

2 . Phạt tiền từ 7.000.000 đồng đến 10.000.000 đồng đối_với một trong các hành_vi sau : 

a ) Nhập_khẩu phân_bón chuyên_dùng sử_dụng cho sân thể_thao mà chưa được sự đồng_ý bằng văn_bản của cơ_quan có thẩm_quyền ; 

b ) Nhập_khẩu phân_bón chuyên_dùng sử_dụng trong phạm_vi doanh_nghiệp mà chưa được sự đồng_ý bằng văn_bản của cơ_quan có thẩm_quyền . 

3 . Phạt tiền từ 10.000.000 đồng đến 20.000.000 đồng đối_với hành_vi nhập_khẩu phân_bón làm_hàng mẫu , quà biếu , dùng để nghiên_cứu khoa_học , thử_nghiệm mà chưa được sự đồng_ý bằng văn_bản của cơ_quan có thẩm_quyền . 

4 . Phạt tiền từ 20.000.000 đồng đến 30.000.000 đồng đối_với hành_vi nhập_khẩu các loại phân_bón không đáp_ứng mức công_bố tiêu_chuẩn áp_dụng , quy_chuẩn kỹ_thuật tương_ứng của Việt_Nam . 

Buộc đưa ra khỏi lãnh_thổ Việt_Nam hoặc tái_xuất phân_bón nhập_khẩu có chứa hàm_lượng kim_loại nặng , vi_sinh_vật gây hại và các chất_độc khác vượt mức quy_định đối_với hành_vi vi_phạm_quy_định tại Khoản 4 Điều này . 

Điều 24 .  Hành_vi vi_phạm_quy_định về lấy mẫu và phân_tích_phân_bón 

1 . Phạt tiền từ 1.000.000 đồng đến 3.000.000 đồng đối_với hành_vi không thực_hiện đúng các quy_định về phương_pháp lấy mẫu , kiểm_nghiệm chất_lượng , chứng_nhận chất_lượng do cơ_quan có thẩm_quyền ban_hành hoặc không thực_hiện đúng phương_pháp thử_nghiệm , tiêu_chuẩn , quy_chuẩn kỹ_thuật quốc_gia do cơ_quan có thẩm_quyền ban_hành . 

2 . Phạt tiền từ 5.000.000 đồng đến 10.000.000 đồng đối_với một trong các hành_vi sau đây : 

a ) Làm sai_lệch kết_quả hoặc công_bố sai kết_quả phân_tích kiểm_nghiệm chất_lượng phân_bón ; 

b ) Không bảo_mật các thông_tin , số_liệu , kết_quả lấy mẫu , kiểm_định , kiểm_nghiệm , chứng_nhận chất_lượng . 

Buộc tiến_hành lấy mẫu , kiểm_nghiệm , công_nhận chất_lượng lại đối_với hành_vi vi_phạm_quy_định tại Khoản 1 và Điểm a Khoản 2 Điều này và không được thu tiền các hoạt_động do vi_phạm các quy_định tại Khoản 1 và Khoản 2 Điều này . 

Đình_chỉ hoạt_động lấy mẫu và phân_tích_phân_bón từ 01 tháng đến 03 tháng nếu tái_phạm đối_với hành_vi vi_phạm_quy_định tại Khoản 2 Điều này . 

Điều 25 .  Hành_vi vi_phạm_quy_định về hồ_sơ đăng_ký khảo_nghiệm phân_bón 

1 . Phạt tiền từ 1.000.000 đồng đến 4.000.000 đồng đối_với hành_vi sửa_chữa , tẩy xóa , khai man các giấy_tờ quy_định trong hồ_sơ_khảo_nghiệm phân_bón . 

2 . Phạt tiền từ 4.000.000 đồng đến 6.000.000 đồng đối_với hành_vi không đăng_ký và báo_cáo với cơ_quan có thẩm_quyền về việc thay_đổi những nội_dung khảo_nghiệm đã được quy_định . 

Điều 26 .  Hành_vi vi_phạm_quy_định về khảo_nghiệm phân_bón 

1 . Phạt tiền từ 2.000.000 đồng đến 4.000.000 đồng đối_với hành_vi thực_hiện khảo_nghiệm không đúng với nội_dung đã đăng_ký khảo_nghiệm hoặc khảo_nghiệm không đúng các quy_định hiện_hành về khảo_nghiệm phân_bón . 

2 . Phạt tiền từ 4.000.000 đồng đến 6.000.000 đồng đối_với hành_vi công_bố kết_quả khảo_nghiệm không_trung_thực . 

Buộc_khảo_nghiệm lại , buộc cải_chính kết_quả khảo_nghiệm phân_bón không_trung_thực hoặc hủy bỏ kết_quả khảo_nghiệm phân_bón đối_với hành_vi vi_phạm_quy_định tại Khoản 1 và Khoản 2 Điều này . 

Điều 27 .  Hành_vi vi_phạm_quy_định về đổi tên phân_bón 

Phạt tiền từ 1.000.000 đồng đến 3.000.000 đồng đối_với hành_vi vi_phạm_quy_định về điều_kiện đổi tên , về thủ_tục đổi tên khi thực_hiện việc đổi tên phân_bón . 

Điều 28 .  Hành_vi vi_phạm_quy_định về công_nhận , chỉ_định tổ_chức đào_tạo lấy mẫu phân_bón , phòng kiểm_nghiệm phân_bón 

1 . Phạt tiền từ 1.000.000 đồng đến 2.000.000 đồng đối_với hành_vi tiếp_tục hoạt_động_sản_xuất , kinh_doanh khi quyết_định công_nhận , chỉ_định tổ_chức đào_tạo lấy mẫu phân_bón , phòng_thí_nghiệm phân_bón đã hết hiệu_lực mà không gửi hồ_sơ đăng_ký công_nhận , chỉ_định lại về cơ_quan có thẩm_quyền theo quy_định . 

2 . Phạt tiền từ 2.000.000 đồng đến 3.000.000 đồng đối_với hành_vi không báo_cáo cơ_quan có thẩm_quyền những thay_đổi liên_quan đến phạm_vi được công_nhận , chỉ_định . 

Điều 29 .  Vi_phạm_quy_định về hồ_sơ , tài_liệu và báo_cáo hoạt_động_vật_liệu nổ công_nghiệp , tiền chất thuốc_nổ 

1 . Phạt cảnh_cáo đối_với hành_vi không báo_cáo định_kỳ về hoạt_động_vật_liệu nổ công_nghiệp , tiền chất thuốc_nổ . 

2 . Phạt tiền từ 2.000.000 đồng đến 5.000.000 đồng đối_với hành_vi báo_cáo sai_lệch về hoạt_động_vật_liệu nổ công_nghiệp , tiền chất thuốc_nổ ;  không lưu_trữ hoặc lưu_trữ không đầy_đủ hồ_sơ , tài_liệu hoạt_động_vật_liệu nổ công_nghiệp . 

3 . Phạt tiền từ 10.000.000 đồng đến 20.000.000 đồng đối_với hành_vi không thực_hiện báo_cáo thống_kê tình_hình kinh_doanh cung_ứng , xuất_khẩu , nhập_khẩu , tồn_kho vật_liệu nổ công_nghiệp , tiền chất thuốc_nổ hoặc báo_cáo sai_lệch số_liệu vật_liệu nổ công_nghiệp , tiền chất thuốc_nổ trong hoạt_động kinh_doanh vật_liệu nổ công_nghiệp , tiền chất thuốc_nổ ;  không chấp_hành việc kiểm_tra hoặc cản_trở việc kiểm_tra về hoạt_động_vật_liệu nổ công_nghiệp của các cơ_quan_chức_năng có thẩm_quyền ;  không báo_cáo việc mất vật_liệu nổ công_nghiệp , tai_nạn , sự_cố về vật_liệu nổ công_nghiệp với cơ_quan có thẩm_quyền . 

Điều 30 .  Vi_phạm_quy_định về điều_kiện người có liên_quan trực_tiếp đến hoạt_động_vật_liệu nổ công_nghiệp , tiền chất thuốc_nổ 

1 . Phạt cảnh_cáo đối_với hành_vi không tổ_chức huấn_luyện định_kỳ , huấn_luyện lại đối_với các đối_tượng có liên_quan trực_tiếp đến hoạt_động_vật_liệu nổ công_nghiệp . 

2 . Phạt tiền từ 2.000.000 đồng đến 5.000.000 đồng đối_với hành_vi sau thời_hạn 03 tháng kể từ ngày bị phạt cảnh_cáo tiếp_tục không tổ_chức huấn_luyện định_kỳ , huấn_luyện lại đối_với các đối_tượng có liên_quan trực_tiếp đến hoạt_động_vật_liệu nổ công_nghiệp . 

3 . Phạt tiền từ 5.000.000 đồng đến 15.000.000 đồng đối_với một trong các hành_vi sau : 

a ) Sử_dụng người không có chuyên_môn phù_hợp ; 

b ) Sử_dụng người chưa được huấn_luyện , kiểm_tra cấp giấy chứng_nhận kỹ_thuật an_toàn vật_liệu nổ công_nghiệp . 

4 . Phạt tiền từ 15.000.000 đồng đến 30.000.000 đồng đối_với hành_vi sử_dụng người quản_lý hoạt_động_vật_liệu nổ công_nghiệp không đủ tiêu_chuẩn . 

Điều 31 .  Vi_phạm_quy_định về quản_lý Giấy_phép , Giấy chứng_nhận hoạt_động_vật_liệu nổ công_nghiệp , tiền chất thuốc_nổ 

1 . Phạt tiền từ 2.000.000 đồng đến 5.000.000 đồng đối_với hành_vi không khai_báo việc mất Giấy_phép , Giấy chứng_nhận hoạt_động_vật_liệu nổ công_nghiệp . 

2 . Phạt tiền từ 10.000.000 đồng đến 20.000.000 đồng đối_với hành_vi không đăng_ký khi tiến_hành hoặc chấm_dứt các hoạt_động_vật_liệu nổ công_nghiệp ;  không khai_báo khi tiến_hành hoặc chấm_dứt hoạt_động tiền chất thuốc_nổ . 

3 . Phạt tiền từ 20.000.000 đồng đến 30.000.000 đồng đối_với một trong các hành_vi sau : 

a ) Cho mượn , cho thuê Giấy_phép , Giấy chứng_nhận hoạt_động_vật_liệu nổ công_nghiệp , tiền chất thuốc_nổ để sản_xuất , kinh_doanh , sử_dụng vật_liệu nổ công_nghiệp ;  kinh_doanh tiền chất thuốc_nổ ; 

b ) Sản_xuất , bảo_quản , vận_chuyển , sử_dụng vượt quá quy_mô , số_lượng quy_định trong Giấy chứng_nhận , Giấy_phép hoặc Đăng_ký sử_dụng vật_liệu nổ công_nghiệp ; 

c ) Sử_dụng đơn_vị trực_thuộc không có tên trong Giấy_phép kinh_doanh để kinh_doanh vật_liệu nổ công_nghiệp . 

4 . Phạt tiền từ 30.000.000 đồng đến 50.000.000 đồng đối_với hành_vi làm sai_lệch các nội_dung trong Giấy_phép , Giấy chứng_nhận hoạt_động_vật_liệu nổ công_nghiệp , tiền chất thuốc_nổ . 

5 . Phạt tiền từ 80.000.000 đồng đến 100.000.000 đồng đối_với một trong các hành_vi sau : 

a ) Sử_dụng Giấy_phép sử_dụng vật_liệu nổ công_nghiệp để buôn_bán hoặc cung_cấp vật_liệu nổ công_nghiệp cho tổ_chức , cá_nhân khác ; 

b ) Sử_dụng Giấy_phép sử_dụng vật_liệu nổ công_nghiệp để làm dịch_vụ nổ mìn hoặc nổ mìn không đúng địa_điểm đã quy_định trong Giấy_phép . 

6 . Hình_thức xử_phạt bổ_sung : 

a ) Tịch_thu tang_vật vi_phạm đối_với hành_vi vi_phạm_quy_định tại Điểm a Khoản 5 Điều này ; 

b ) Tước quyền sử_dụng Giấy_phép , Giấy chứng_nhận hoạt_động_vật_liệu nổ công_nghiệp từ 03 ( ba ) tháng đến 06 ( sáu ) tháng đối_với hành_vi vi_phạm_quy_định tại Khoản 3 Điều này ;  từ 06 ( sáu ) tháng đến 12 ( mười hai ) tháng đối_với hành_vi vi_phạm_quy_định tại Khoản 4 Điều này ;  từ 18 ( mười tám ) tháng đến 24 ( hai_mươi tư ) tháng đối_với hành_vi vi_phạm_quy_định tại Khoản 5 Điều này . 

Điều 32 .  Vi_phạm_quy_định về nghiên_cứu , thử_nghiệm và sản_xuất vật_liệu nổ công_nghiệp , tiền chất thuốc_nổ 

1 . Phạt tiền từ 5.000.000 đồng đến 10.000.000 đồng đối_với hành_vi đóng_gói vật_liệu nổ công_nghiệp không phù_hợp quy_chuẩn . 

2 . Phạt tiền từ 20.000.000 đồng đến 30.000.000 đồng đối_với một trong các hành_vi sau : 

a ) Nghiên_cứu , chế thử vật_liệu nổ công_nghiệp , tiền chất thuốc_nổ không đúng nội_dung , điều_kiện quy_định trong đề_án nghiên_cứu đã được phê_duyệt ; 

b ) Sử_dụng nguyên_liệu sản_xuất vật_liệu nổ công_nghiệp không rõ nguồn_gốc . 

3 . Phạt tiền từ 30.000.000 đồng đến 50.000.000 đồng đối_với một trong các hành_vi sau : 

a ) Sản_xuất vật_liệu nổ công_nghiệp , tiền chất thuốc_nổ khi chưa khắc_phục , bổ_sung các thiếu_sót về điều_kiện sản_xuất theo yêu_cầu của cơ_quan nhà_nước có thẩm_quyền ; 

b ) Thay_đổi thành_phần , chủng_loại nguyên_liệu hoặc sản_xuất không đúng loại sản_phẩm vật_liệu nổ công_nghiệp đã đăng_ký và được phép đưa vào sản_xuất , sử_dụng ; 

c ) Thay_đổi quy_trình sản_xuất vật_liệu nổ công_nghiệp khi chưa được phép của cơ_quan có thẩm_quyền ; 

d ) Không thực_hiện thử_nghiệm , đánh_giá vật_liệu nổ công_nghiệp đối_với sản_phẩm vật_liệu nổ mới sản_xuất ở Việt_Nam hoặc nhập_khẩu vào Việt_Nam nhưng không có kết_quả thử_nghiệm , đánh_giá được thừa_nhận theo quy_định pháp_luật . 

4 . Phạt tiền từ 80.000.000 đồng đến 100.000.000 đồng đối_với một trong các hành_vi sau : 

a ) Nghiên_cứu , chế thử vật_liệu nổ công_nghiệp , tiền chất thuốc_nổ khi chưa được cơ_quan nhà_nước có thẩm_quyền cho phép , giao nhiệm_vụ ; 

b ) Sản_xuất vật_liệu nổ công_nghiệp , tiền chất thuốc_nổ khi chưa được cơ_quan nhà_nước có thẩm_quyền cấp giấy chứng_nhận đủ điều_kiện sản_xuất vật_liệu nổ công_nghiệp , tiền chất thuốc_nổ ;  sử_dụng thiết_bị sản_xuất vật_liệu nổ công_nghiệp chưa được cơ_quan quản_lý nhà_nước có thẩm_quyền cho phép đưa vào sử_dụng ; 

c ) Thay_đổi về công_nghệ , thiết_bị , mặt_bằng hoặc nhà_xưởng sản_xuất vật_liệu nổ công_nghiệp khi chưa được cơ_quan quản_lý nhà_nước có thẩm_quyền cho phép . 

a ) Tịch_thu tang_vật , phương_tiện vi_phạm đối_với các hành_vi vi_phạm_quy_định tại Khoản 2 ;  Điểm b Khoản 3 ;  Điểm a , Điểm b Khoản 4 Điều này ; 

b ) Đình_chỉ hoạt_động_vật_liệu nổ công_nghiệp từ 03 ( ba ) tháng đến 06 ( sáu ) tháng đối_với hành_vi vi_phạm_quy_định tại Điểm_c Khoản 3 ;  Điểm_c Khoản 4 Điều này . 

6 . Biện_pháp khắc_phục hậu_quả : 

a ) Buộc khôi_phục lại tình_trạng ban_đầu đã bị thay_đổi do vi_phạm hành_chính đối_với hành_vi vi_phạm_quy_định tại Điểm_c Khoản 3 ;  Điểm_c Khoản 4 Điều này ; 

b ) Buộc khắc_phục tình_trạng không an_toàn do vi_phạm hành_chính đối_với các hành_vi vi_phạm_quy_định tại Điểm a Khoản 3 ;  Điểm_c Khoản 4 Điều này . 

Điều 33 .  Vi_phạm_quy_định về bảo_quản vật_liệu nổ công_nghiệp , tiền chất thuốc_nổ 

1 . Phạt cảnh_cáo đối_với hành_vi : 

a ) Không có nội_quy quy_định về an_toàn kho ; 

b ) Không có biển_báo , ký_hiệu cảnh_báo nguy_hiểm tại các khu_vực bảo_quản vật_liệu nổ công_nghiệp , tiền chất thuốc_nổ theo quy_định . 

2 . Phạt tiền từ 2.000.000 đồng đến 5.000.000 đồng đối_với hành_vi không thực_hiện canh_gác , bảo_vệ khu_vực bảo_quản vật_liệu nổ công_nghiệp theo quy_định ; 

3 . Phạt tiền từ 5.000.000 đồng đến 10.000.000 đồng đối_với một trong các hành_vi sau : 

a ) Không có phương_án bảo_vệ an_ninh trật_tự kho vật_liệu nổ công_nghiệp , tiền chất thuốc_nổ được phê_duyệt ; 

b ) Không thực_hiện công_tác niêm_phong , khóa cửa kho vật_liệu nổ công_nghiệp ; 

c ) Không đủ lực_lượng bảo_vệ canh_gác . 

4 . Phạt tiền từ 10.000.000 đồng đến 30.000.000 đồng đối_với một trong các hành_vi sau : 

a ) Vi_phạm_quy_chuẩn kỹ_thuật an_toàn về vật_liệu nổ công_nghiệp trong quá_trình bảo_quản vật_liệu nổ công_nghiệp ; 

b ) Không thực_hiện thủ_tục xuất nhập kho vật_liệu nổ công_nghiệp , tiền chất thuốc_nổ ; 

c ) Xây_dựng , trang_bị thiếu hoặc trang_bị không đúng quy_định các loại công_cụ hỗ_trợ , phương_tiện , công_trình bảo_vệ , canh_gác trong kho vật_liệu nổ công_nghiệp , tiền chất thuốc_nổ ; 

d ) Để vật_liệu nổ công_nghiệp dự_trữ quốc_gia bị hư_hỏng vượt quá định_mức mà không có_lý_do chính_đáng ; 

đ ) Vi_phạm chế_độ bảo_mật về dự_trữ quốc_gia ; 

5 . Phạt tiền từ 30.000.000 đồng đến 50.000.000 đồng đối_với một trong các hành_vi sau : 

a ) Cho tổ_chức , cá_nhân khác gửi vật_liệu nổ công_nghiệp hoặc thuê kho chứa vật_liệu nổ công_nghiệp nhưng không có hợp_đồng hoặc văn_bản hợp_lệ ;  Bảo_quản vật_liệu nổ công_nghiệp vượt quá quy_mô bảo_quản cho phép theo hồ_sơ kho được phê_duyệt ; 

b ) Dự_trữ hàng vật_liệu nổ công_nghiệp dự_trữ quốc_gia không đúng loại kho , địa_điểm ; 

c ) Mở_rộng , cải_tạo kho bảo_quản vật_liệu nổ công_nghiệp khi chưa được cơ_quan có thẩm_quyền cho phép ; 

d ) Không có kế_hoạch phòng_ngừa ứng_phó sự_cố khẩn_cấp kho vật_liệu nổ công_nghiệp ; 

đ ) Cố_tình làm sai_lệch chứng_từ xuất , nhập kho vật_liệu nổ công_nghiệp , hộ_chiếu nổ mìn để làm thất_thoát vật_liệu nổ công_nghiệp . 

6 . Phạt tiền từ 50.000.000 đồng đến 70.000.000 đồng đối_với một trong các hành_vi sau : 

a ) Bảo_quản vật_liệu nổ công_nghiệp tại địa_điểm hoặc kho chưa được cơ_quan nhà_nước có thẩm_quyền cho phép ; 

b ) Không tuân_thủ các quy_định của pháp_luật về bảo_quản dẫn đến thất_thoát tiền chất thuốc_nổ . 

7 . Phạt tiền từ 80.000.000 đồng đến 100.000.000 đồng đối_với hành_vi để không tuân_thủ các quy_định của pháp_luật về bảo_quản dẫn đến thất_thoát vật_liệu nổ công_nghiệp tại kho bảo_quản vật_liệu nổ công_nghiệp . 

8 . Hình_thức xử_phạt bổ_sung : 

Tịch_thu tang_vật , phương_tiện vi_phạm đối_với các hành_vi vi_phạm_quy_định tại Điểm a Khoản 5 Điều này . 

9 . Biện_pháp khắc_phục hậu_quả : 

a ) Buộc khôi_phục lại tình_trạng ban_đầu đã bị thay_đổi do vi_phạm hành_chính đối_với các hành_vi vi_phạm_quy_định tại Điểm_c Khoản 5 Điều này ; 

b ) Buộc di_chuyển hàng vật_liệu nổ công_nghiệp dự_trữ đến kho , địa_điểm theo quy_định đối_với hành_vi vi_phạm tại Điểm b Khoản 5 Điều này ; 

c ) Buộc khắc_phục tình_trạng không đảm_bảo_an_ninh , an_toàn do vi_phạm hành_chính đối_với các hành_vi vi_phạm_quy_định tại Điểm a , c Khoản 4 Điều này ; 

d ) Buộc di_chuyển vật_liệu nổ công_nghiệp đến kho , địa_điểm đã được cơ_quan nhà_nước có thẩm_quyền cho phép đối_với hành_vi vi_phạm_quy_định tại điểm a Khoản 6 Điều này . 

Điều 34 .  Vi_phạm_quy_định về vận_chuyển vật_liệu nổ công_nghiệp , tiền chất thuốc_nổ 

1 . Phạt cảnh_cáo đối_với hành_vi không có biển_báo xác_định giới_hạn khu_vực bốc_dỡ vật_liệu nổ công_nghiệp theo quy_định . 

2 . Phạt tiền từ 2.000.000 đồng đến 5.000.000 đồng đối_với một trong các hành_vi sau : 

a ) Không có biểu_trưng , ký_hiệu vận_chuyển vật_liệu nổ công_nghiệp theo quy_định ; 

b ) Không tổ_chức bảo_vệ canh_gác khi tiến_hành bốc_dỡ vật_liệu nổ công_nghiệp . 

a ) Không có hoặc thiếu nhân_viên áp_tải vận_chuyển vật_liệu nổ công_nghiệp , tiền chất thuốc_nổ ; 

b ) Không xây_dựng biện_pháp phòng_ngừa ứng_phó sự_cố khẩn_cấp , biện_pháp bảo_vệ an_ninh trật_tự ; 

c ) Dừng đỗ phương_tiện vận_chuyển vật_liệu nổ công_nghiệp do sự_cố nhưng không đặt biển_báo sự_cố nguy_hiểm ; 

d ) Bốc , chuyển vật_liệu nổ công_nghiệp sang phương_tiện khác không đúng quy_định khi đang trên đường vận_chuyển ; 

đ ) Để mất Giấy_phép vận_chuyển vật_liệu nổ công_nghiệp ;  không thực_hiện việc trả Giấy_phép vận_chuyển vật_liệu nổ công_nghiệp sau khi hoàn_tất việc vận_chuyển đúng thời_hạn . 

a ) Vận_chuyển không đúng chủng_loại vật_liệu nổ công_nghiệp quy_định trong Giấy_phép vận_chuyển ; 

b ) Vi_phạm_quy_chuẩn kỹ_thuật an_toàn về vật_liệu nổ công_nghiệp trong quá_trình vận_chuyển vật_liệu nổ công_nghiệp ; 

c ) Vận_chuyển vật_liệu nổ công_nghiệp bằng phương_tiện chưa được cơ_quan nhà_nước đăng_kiểm , kiểm_tra và cấp Giấy_phép lưu_hành hoặc không được phép sử_dụng để vận_chuyển vật_liệu nổ công_nghiệp . 

a ) Vận_chuyển vật_liệu nổ công_nghiệp không đúng tuyến đường quy_định trong giấy_phép vận_chuyển ; 

b ) Dừng đỗ phương_tiện vận_chuyển vật_liệu nổ công_nghiệp ở những nơi không được phép theo quy_định trong Giấy_phép vận_chuyển ; 

c ) Bốc_dỡ vật_liệu nổ công_nghiệp tại địa_điểm chưa được cho phép . 

6 . Phạt tiền từ 50.000.000 đồng đến 70.000.000 đồng đối_với hành_vi để mất vật_liệu nổ công_nghiệp ; 

7 . Phạt tiền từ 80.000.000 đồng đến 100.000.000 đồng đối_với hành_vi vận_chuyển vật_liệu nổ công_nghiệp không có Giấy_phép . 

Tịch_thu vật_liệu nổ công_nghiệp vi_phạm đối_với các hành_vi vi_phạm_quy_định tại Điểm a Khoản 4 ;  Khoản 7 Điều này . 

9 . Áp_dụng các biện_pháp khắc_phục hậu_quả : Buộc khắc_phục tình_trạng không an_toàn do vi_phạm hành_chính đối_với có hành_vi vi_phạm_quy_định tại Điểm b Khoản 4 Điều này . 

Điều 35 .  Vi_phạm_quy_định về kinh_doanh vật_liệu nổ công_nghiệp , tiền chất thuốc_nổ 

1 . Phạt tiền từ 5.000.000 đồng đến 10.000.000 đồng đối hành_vi mua , bán vật_liệu nổ công_nghiệp , tiền chất thuốc_nổ không ký_kết_hợp_đồng . 

2 . Phạt tiền từ 10.000.000 đồng đến 20.000.000 đồng đối hành_vi từ_chối mua lại vật_liệu nổ công_nghiệp sử_dụng không hết của bên mua mà không có_lý_do chính_đáng . 

3 . Phạt tiền từ 20.000.000 đồng đến 30.000.000 đồng đối_với hành_vi xuất , nhập vật_liệu nổ công_nghiệp dự_trữ quốc_gia không đúng chủng_loại , khối_lượng , quy_cách và chất_lượng theo quy_định trong kế_hoạch dự_trữ quốc_gia . 

4 . Phạt tiền từ 30.000.000 đồng đến 50.000.000 đồng đối_với hành_vi xuất_khẩu , nhập_khẩu , mua , bán vật_liệu nổ công_nghiệp , tiền chất thuốc_nổ không đúng chủng_loại , chất_lượng , số_lượng vật_liệu nổ công_nghiệp , tiền chất thuốc_nổ quy_định trong Giấy_phép . 

5 . Phạt tiền từ 50.000.000 đồng đến 70.000.000 đồng đối_với hành_vi bán vật_liệu nổ công_nghiệp cho tổ_chức sử_dụng vật_liệu nổ công_nghiệp có Giấy_phép sử_dụng vật_liệu nổ công_nghiệp đã hết hạn hoặc tổ_chức đã bị cơ_quan quản_lý nhà_nước có thẩm_quyền ra quyết_định đình_chỉ , tạm đình_chỉ hoạt_động sử_dụng vật_liệu nổ công_nghiệp . 

6 . Phạt tiền từ 80.000.000 đồng đến 100.000.000 đồng đối_với một trong các hành_vi sau : 

a ) Xuất_khẩu , nhập_khẩu vật_liệu nổ công_nghiệp , tiền chất thuốc_nổ khi chưa được cơ_quan nhà_nước có thẩm_quyền cho phép xuất , nhập_khẩu ; 

b ) Bán_vật_liệu nổ công_nghiệp cho tổ_chức không có Giấy_phép sử_dụng vật_liệu nổ công_nghiệp . 

7 . Hình_thức xử_phạt bổ_sung : 

Tịch_thu tang_vật , phương_tiện vi_phạm đối_với hành_vi vi_phạm_quy_định tại Khoản 1 ;  Khoản 5 ;  Điểm b Khoản 6 Điều này . 

8 . Biện_pháp khắc_phục hậu_quả : 

Buộc đưa ra khỏi lãnh_thổ Việt_Nam hoặc buộc tái_xuất tang_vật do hành_vi vi_phạm_quy_định về nhập_khẩu tại Khoản 4 ;  Điểm a Khoản 6 Điều này . 

Điều 36 .  Vi_phạm_quy_định về sử_dụng vật_liệu nổ công_nghiệp , dịch_vụ nổ mìn 

1 . Phạt tiền từ 3.000.000 đồng đến 5.000.000 đồng đối_với hành_vi không có chỉ_huy nổ mìn khi thực_hiện nổ mìn ;  không có thiết_kế , phương_án nổ mìn hoặc thiết_kế , phương_án nổ mìn có nội_dung không đầy_đủ . 

2 . Phạt tiền từ 5.000.000 đồng đến 10.000.000 đồng đối_với một trong các hành_vi sau : 

a ) Hộ_chiếu nổ mìn lập không đầy_đủ ; 

b ) Không lập trạm gác bảo_vệ hoặc không có ký_hiệu , biển_báo nguy_hiểm tại giới_hạn vùng nguy_hiểm khi nổ mìn ; 

c ) Không đăng_ký , thông_báo hoặc không thực_hiện đúng trình_tự tín_hiệu báo lệnh nổ mìn và báo_yên đã đăng_ký , thông_báo . 

3 . Phạt tiền từ 10.000.000 đồng đến 30.000.000 đồng đối_với một trong các hành_vi sau : 

a ) Vi_phạm_quy_chuẩn kỹ_thuật quốc_gia về an_toàn trong quá_trình sử_dụng vật_liệu nổ công_nghiệp ; 

b ) Không thực_hiện giám_sát ảnh_hưởng nổ mìn đối_với công_trình , đối_tượng cần bảo_vệ nằm trong phạm_vi ảnh_hưởng của nổ mìn . 

4 . Phạt tiền từ 30.000.000 đồng đến 50.000.000 đồng đối_với hành_vi không lập hộ_chiếu nổ mìn . 

5 . Phạt tiền từ 50.000.000 đồng đến 70.000.000 đồng đối_với một trong các hành_vi sau : 

a ) Thay_đổi chủng_loại , số_lượng vật_liệu nổ công_nghiệp hoặc phương_pháp điều_khiển nổ quy_định trong thiết_kế , phương_án nổ mìn hoặc hộ_chiếu nổ mìn đã được ký duyệt ; 

b ) Sử_dụng vật_liệu nổ công_nghiệp khi thiết_kế hoặc phương_án nổ mìn chưa được cơ_quan có thẩm_quyền phê_duyệt , cho phép ; 

c ) Sử_dụng vật_liệu nổ công_nghiệp không nằm trong danh_mục vật_liệu nổ công_nghiệp được phép sử_dụng . 

a ) Không bán lại vật_liệu nổ công_nghiệp sử_dụng không hết cho tổ_chức kinh_doanh vật_liệu nổ công_nghiệp hợp_pháp khi chấm_dứt hoạt_động sử_dụng vật_liệu nổ công_nghiệp ; 

b ) Mua vật_liệu nổ công_nghiệp , tiền chất thuốc_nổ của tổ_chức , cá_nhân không được phép kinh_doanh vật_liệu nổ công_nghiệp ; 

c ) Không nhập kho số vật_liệu nổ công_nghiệp còn thừa sau khi kết_thúc nổ mìn . 

a ) Tịch_thu tang_vật , phương_tiện vi_phạm đối_với hành_vi vi_phạm_quy_định tại Điểm_c Khoản 5 Điều này ; 

b ) Tước quyền sử_dụng giấy_phép sử_dụng vật_liệu nổ công_nghiệp có thời_hạn từ 06 ( sáu ) tháng đến 12 ( mười hai ) tháng đối_với hành_vi quy_định tại khoản 4 , điểm b khoản 5 ;  từ 18 ( mười tám ) tháng đến 24 ( hai_mươi tư ) tháng đối_với hành_vi vi_phạm_quy_định tại Điểm b , c Khoản 6 Điều này . 

Buộc khôi_phục lại tình_trạng ban_đầu đã bị thay_đổi do vi_phạm hành_chính đối_với hành_vi vi_phạm_quy_định tại Điểm a Khoản 3 Điều này . 

Điều 37 .  Vi_phạm_quy_định về kiểm_tra , thử và tiêu_hủy vật_liệu nổ công_nghiệp 

1 . Phạt cảnh_cáo đối_với hành_vi không thực_hiện thử định_kỳ vật_liệu nổ công_nghiệp . 

a ) Không lập biên_bản tiêu_hủy vật_liệu nổ công_nghiệp theo quy_định ; 

b ) Không thực_hiện việc kiểm_tra , xác_định kết_quả sau khi tiêu_hủy vật_liệu nổ công_nghiệp . 

a ) Không thực_hiện tiêu_hủy vật_liệu nổ công_nghiệp đã mất phẩm_chất ; 

b ) Không thông_báo cho cơ_quan có thẩm_quyền khi tiến_hành tiêu_hủy vật_liệu nổ công_nghiệp . 

4 . Phạt tiền từ 10.000.000 đồng đến 30.000.000 đồng đối_với hành_vi vi_phạm_quy_chuẩn kỹ_thuật quốc_gia về an_toàn trong quá_trình tiêu_hủy vật_liệu nổ công_nghiệp . 

Tước quyền sử_dụng giấy_phép sử_dụng vật_liệu nổ công_nghiệp từ 03 ( ba ) tháng đến 06 ( sáu ) tháng đối_với hành_vi vi_phạm_quy_định tại Khoản 3 Điều này . 

Buộc tiêu_hủy vật_liệu nổ công_nghiệp đã mất phẩm_chất đối_với hành_vi vi_phạm_quy_định tại Điểm a Khoản 3 Điều này . 

Điều 38 .  Thẩm_quyền xử_phạt của Chủ_tịch Ủy_ban nhân_dân các cấp 

1 . Chủ_tịch Ủy_ban nhân_dân cấp xã có quyền xử_phạt đối_với các hành_vi vi_phạm_quy_định tại Khoản 1 , 2 Điều 5 ;  Điều 7 ;  Khoản 1 , 2 Điều 8 ;  Khoản 1 Điều 9 ;  Khoản 1 Điều 10 ;  Điều 11 ;  Điều 12 ;  Điều 13 ;  Khoản 1 Điều 19 ;  Khoản 1 Điều 24 ;  Khoản 1 Điều 25 ;  Khoản 1 Điều 26 ;  Điều 27 ;  Điều 28 ;  Khoản 1 , 2 Điều 29 ;  Khoản 1 , 2 Điều 30 ;  Khoản 1 Điều 31 ;  Khoản 1 , 2 Điều 33 ;  Khoản 1 , 2 Điều 34 ;  Khoản 1 Điều 36 ;  Khoản 1 , 2 Điều 37 : 

a ) Phạt cảnh_cáo ; 

b ) Phạt tiền đến 5.000.000 đồng ; 

c ) Buộc tiêu_hủy_hóa_chất nguy_hiểm quy_định tại Điểm b Khoản 3 Điều 12 Nghị_định này ;  buộc khảo_nghiệm lại kết_quả khảo_nghiệm phân_bón quy_định tại Khoản 3 Điều 26 Nghị_định này ; 

d ) Tịch_thu tang_vật , phương_tiện vi_phạm trong hoạt_động_vật_liệu nổ công_nghiệp có giá_trị đến 5.000.000 đồng ; 

đ ) Buộc khôi_phục tình_trạng ban_đầu đã bị thay_đổi do vi_phạm hành_chính trong hoạt_động_vật_liệu nổ công_nghiệp gây ra . 

2 . Chủ_tịch Ủy_ban nhân_dân cấp huyện có quyền : 

b ) Phạt tiền đến 25.000.000 đồng trong lĩnh_vực hóa_chất ;  đến 50.000.000 đồng trong lĩnh_vực phân_bón , vật_liệu nổ công_nghiệp ; 

c ) Đình_chỉ có thời_hạn hoạt_động_sản_xuất , kinh_doanh , cất_giữ hóa_chất nguy_hiểm , hoạt_động của cơ_sở hóa_chất DOC , DOC-PSF ;  hoạt_động_sản_xuất , gia_công , kinh_doanh phân_bón ;  hoạt_động_vật_liệu nổ công_nghiệp ; 

d ) Tịch_thu_phân_bón không chứng_minh được nguồn_gốc ;  tịch_thu tang_vật , phương_tiện vi_phạm trong hoạt_động_vật_liệu nổ công_nghiệp , tiền chất thuốc_nổ có giá_trị đến 50.000.000 đồng ; 

đ ) Buộc khôi_phục tình_trạng ban_đầu đã bị thay_đổi do vi_phạm hành_chính trong hoạt_động_vật_liệu nổ công_nghiệp gây ra ; 

e ) Tước quyền sử_dụng Giấy_phép hạn_chế sản_xuất , kinh_doanh hóa_chất ; 

g ) Buộc tiêu_hủy_hóa_chất nguy_hiểm , phân_bón ;  buộc khảo_nghiệm lại kết_quả khảo_nghiệm phân_bón . 

3 . Chủ_tịch Ủy_ban nhân_dân tỉnh , thành_phố trực_thuộc Trung_ương có quyền : 

b ) Phạt tiền đến 50.000.000 đồng trong lĩnh_vực hóa_chất ;  phạt tiền đến 100.000.000 đồng trong lĩnh_vực phân_bón , vật_liệu nổ công_nghiệp ; 

c ) Tước quyền quyền sử_dụng Giấy_phép hạn_chế sản_xuất , kinh_doanh hóa_chất ;  Giấy_phép xuất_khẩu , nhập_khẩu hóa_chất Bảng hoặc đình_chỉ hoạt_động_sản_xuất , kinh_doanh hóa_chất , hoạt_động của cơ_sở hóa_chất Bảng .  Đình_chỉ hoạt_động_sản_xuất , gia_công , kinh_doanh phân_bón .  Tước quyền sử_dụng Giấy_phép , Giấy chứng_nhận hoạt_động_vật_liệu nổ công_nghiệp hoặc đình_chỉ có thời_hạn hoạt_động_vật_liệu nổ công_nghiệp ; 

d ) Tịch_thu_phân_bón không chứng_minh được nguồn_gốc ;  tịch_thu tang_vật , phương_tiện vi_phạm trong hoạt_động_vật_liệu nổ công_nghiệp ; 

đ ) Buộc khôi_phục tình_trạng ban_đầu đã bị thay_đổi do vi_phạm hành_chính trong hoạt_động_vật_liệu nổ công_nghiệp gây ra ; 

e ) Buộc tháo_dỡ công_trình xây_dựng trái_phép hoặc sai phép vi_phạm các quy_định của pháp_luật trong hoạt_động_vật_liệu nổ công_nghiệp ; 

g ) Buộc khắc_phục tình_trạng không an_toàn do vi_phạm hành_chính gây ra trong hoạt_động_vật_liệu nổ công_nghiệp ; 

h ) Buộc di_chuyển vật_liệu nổ công_nghiệp dự_trữ quốc_gia do vi_phạm hành_chính gây ra đến kho , địa_điểm theo quy_định ; 

i ) Buộc đưa ra khỏi lãnh_thổ Việt_Nam hoặc buộc tái_xuất theo quy_định tại Điều 28 <L rel="Reference"> Luật Xử_lý vi_phạm hành_chính </L> .
Điều 39 .  Thẩm_quyền xử_phạt của Thanh_tra chuyên_ngành 

1 . Thanh_tra viên chuyên_ngành thuộc Bộ Công_thương , Bộ Nông_nghiệp và Phát_triển nông_thôn , Sở Công_thương , Sở Nông_nghiệp và Phát_triển nông_thôn có quyền : 

b ) Phạt tiền đến 500.000 đồng . 

2 . Chánh Thanh_tra Sở Công_Thương , Sở Nông_nghiệp và Phát_triển nông_thôn ;  Trưởng_đoàn thanh_tra chuyên_ngành của Cục Kỹ_thuật an_toàn và Môi_trường công_nghiệp , Cục Hóa_chất ;  Trưởng_đoàn thanh_tra chuyên_ngành của Sở Công_thương , Sở Nông_nghiệp và Phát_triển nông_thôn có quyền : 

b ) Phạt tiền đến 25.000.000 đồng trong lĩnh_vực hóa_chất , đến 50.000.000 đồng trong lĩnh_vực phân_bón , vật_liệu nổ công_nghiệp ; 

3 . Chánh Thanh_tra Bộ Công_thương , Chánh Thanh_tra Bộ Nông_nghiệp và Phát_triển nông_thôn ;  Cục_trưởng Cục Hóa_chất , Cục_trưởng Cục Kỹ_thuật an_toàn và Môi_trường công_nghiệp của Bộ Công_thương ;  Cục_trưởng Cục Trồng_trọt của Bộ Nông_nghiệp và Phát_triển nông_thôn có quyền : 

Điều 40 .  Thẩm_quyền xử_phạt của các lực_lượng khác 

1 . Lực_lượng Công_an 

a ) Chiến_sỹ Công_an nhân_dân đang thi_hành công_vụ có quyền : Phạt tiền đến 500.000 đồng trong lĩnh_vực hóa_chất ; 

b ) Trạm_trưởng , đội_trưởng Công_an nhân_dân đang thi_hành công_vụ có quyền : Phạt tiền đến 1.500.000 đồng trong lĩnh_vực hóa_chất , phân_bón , vật_liệu nổ công_nghiệp ; 

c ) Trưởng Công_an cấp xã , Trưởng đồn Công_an , Trạm_trưởng Trạm Công_an cửa_khẩu , khu chế_xuất có quyền : Phạt tiền đến 2.500.000 đồng trong lĩnh_vực hóa_chất , phân_bón , vật_liệu nổ công_nghiệp ; 

d ) Trưởng Công_an cấp huyện ;  Trưởng_phòng Công_an cấp tỉnh gồm Trưởng_phòng Cảnh_sát quản_lý hành_chính về trật_tự xã_hội , Trưởng_phòng Cảnh_sát giao_thông đường_bộ , đường_sắt , Trưởng_phòng Cảnh_sát đường thủy , Trường phòng Cảnh_sát thi_hành án hình_sự và hỗ_trợ tư_pháp , Trưởng_phòng Cảnh_sát phòng cháy , chữa_cháy và cứu_hộ , cứu nạn ;  Trưởng_phòng Cảnh_sát phòng cháy , chữa_cháy các quận , huyện thuộc Sở Cảnh_sát phòng cháy và chữa_cháy , có quyền : Phạt cảnh_cáo ;  phạt tiền đến 10.000.000 đồng trong lĩnh_vực hóa_chất ;  phạt tiền đến 20.000.000 đồng trong lĩnh_vực phân_bón , vật_liệu nổ công_nghiệp . 

Đình_chỉ hoạt_động_sản_xuất , kinh_doanh , cất_giữ hóa_chất , phân_bón .  Buộc tiêu_hủy_hóa_chất nguy_hiểm .  Tước quyền sử_dụng Giấy_phép hạn_chế sản_xuất , kinh_doanh hóa_chất ;  tước quyền sử_dụng giấy_phép vận_chuyển vật_liệu nổ công_nghiệp , tiền chất thuốc_nổ có thời_hạn ;  tịch_thu tang_vật , phương_tiện vi_phạm hành_chính có giá_trị không vượt quá mức 20.000.000 đồng ; 

đ ) Giám_đốc Công_an cấp tỉnh , Giám_đốc Sở Cảnh_sát phòng cháy ;  chữa_cháy có quyền : Phạt cảnh_cáo ;  phạt tiền đến 25.000.000 đồng trong lĩnh_vực hóa_chất ;  phạt tiền đến 50.000.000 đồng trong lĩnh_vực phân_bón , vật_liệu nổ công_nghiệp . 

Đình_chỉ có thời_hạn hoạt_động_sản_xuất , kinh_doanh , cất_giữ hóa_chất nguy_hiểm , hoạt_động của cơ_sở hóa_chất DOC , DOC-PSF ;  hoạt_động_sản_xuất , gia_công , kinh_doanh phân_bón ;  hoạt_động_vật_liệu nổ công_nghiệp .  Tịch_thu_phân_bón không chứng_minh được nguồn_gốc ;  tịch_thu tang_vật , phương_tiện vi_phạm trong hoạt_động_vật_liệu nổ công_nghiệp , tiền chất thuốc_nổ có giá_trị đến 50.000.000 đồng .  Buộc khôi_phục tình_trạng ban_đầu đã bị thay_đổi do vi_phạm hành_chính trong hoạt_động_vật_liệu nổ công_nghiệp gây ra .  Tước quyền sử_dụng Giấy_phép hạn_chế sản_xuất , kinh_doanh hóa_chất ;  Buộc tiêu_hủy_hóa_chất nguy_hiểm , phân_bón ;  buộc khảo_nghiệm lại kết_quả khảo_nghiệm phân_bón ; 

e ) Cục_trưởng Cục Cảnh_sát quản_lý hành_chính về trật_tự xã_hội , Cục_trưởng Cục Cảnh_sát giao_thông đường_bộ , đường_sắt , Cục_trưởng Cục Cảnh_sát đường thủy , Cục_trưởng Cục Cảnh_sát phòng cháy , chữa_cháy và cứu_hộ , cứu nạn , có quyền : Phạt cảnh_cáo ;  phạt tiền đến 50.000.000 đồng trong lĩnh_vực hóa_chất ;  phạt tiền đến 100.000.000 đồng trong lĩnh_vực phân_bón , vật_liệu nổ công_nghiệp . 

Tước quyền sử_dụng Giấy_phép hạn_chế sản_xuất , kinh_doanh hóa_chất ; Giấy_phép xuất_khẩu , nhập_khẩu hóa_chất Bảng hoặc đình_chỉ hoạt_động_sản_xuất , kinh_doanh hóa_chất , hoạt_động của cơ_sở hóa_chất Bảng . Đình_chỉ hoạt_động_sản_xuất , gia_công , kinh_doanh phân_bón . Tước quyền sử_dụng Giấy_phép , Giấy chứng_nhận hoạt_động_vật_liệu nổ công_nghiệp hoặc đình_chỉ có thời_hạn hoạt_động_vật_liệu nổ công_nghiệp . Tịch_thu_phân_bón không chứng_minh được nguồn_gốc ; tịch_thu tang_vật , phương_tiện vi_phạm trong hoạt_động_vật_liệu nổ công_nghiệp . Buộc khôi_phục tình_trạng ban_đầu đã bị thay_đổi do vi_phạm hành_chính trong hoạt_động_vật_liệu nổ công_nghiệp gây ra . Buộc tháo_dỡ công_trình xây_dựng trái_phép hoặc sai phép vi_phạm các quy_định của pháp_luật trong hoạt_động_vật_liệu nổ công_nghiệp ; Buộc khắc_phục tình_trạng không an_toàn do vi_phạm hành_chính gây ra trong hoạt_động_vật_liệu nổ công_nghiệp . Buộc di_chuyển vật_liệu nổ công_nghiệp dự_trữ quốc_gia do vi_phạm hành_chính gây ra đến kho , địa_điểm theo quy_định . Buộc đưa ra khỏi lãnh_thổ Việt_Nam hoặc buộc tái_xuất theo quy_định tại Điều 28 <L rel="Reference"> Luật Xử_lý vi_phạm hành_chính </L> .
2 . Lực_lượng Hải_quan 

a ) Chi_cục_trưởng Chi_cục Hải_quan , Chi_cục_trưởng Chi_cục kiểm_tra sau thông_quan , Đội_trưởng Đội kiểm_soát thuộc Cục Hải_quan tỉnh , liên tỉnh , thành_phố trực_thuộc trung_ương , Đội_trưởng Đội kiểm_soát chống buôn_lậu , Đội_trưởng Đội thủ_tục Hải_quan , Hải_đội_trưởng Hải_đội kiểm_soát trên biển và Đội_trưởng Đội kiểm_soát bảo_vệ quyền sở_hữu_trí_tuệ thuộc Cục điều_tra chống buôn_lậu Tổng_cục Hải_quan có quyền : Phạt tiền đến 10.000.000 đồng trong lĩnh_vực hóa_chất ;  phạt tiền đến 20.000.000 đồng trong lĩnh_vực phân_bón , vật_liệu nổ công_nghiệp . 

b ) Cục_trưởng Cục điều_tra chống buôn_lậu , Cục_trưởng Cục kiểm_tra sau thông_quan thuộc Tổng_cục Hải_quan , Cục_trưởng Cục Hải_quan tỉnh , liên tỉnh , thành_phố trực_thuộc trung_ương có quyền : Phạt tiền đến 25.000.000 đồng trong lĩnh_vực hóa_chất ;  phạt tiền đến 50.000.000 đồng trong lĩnh_vực phân_bón , vật_liệu nổ công_nghiệp . 

c ) Tổng_cục_trưởng Tổng_cục Hải_quan có quyền : 

Phạt cảnh_cáo ;  phạt tiền đến 50.000.000 đồng trong lĩnh_vực hóa_chất ;  phạt tiền đến 100.000.000 đồng trong lĩnh_vực phân_bón , vật_liệu nổ công_nghiệp . 

Điều 41 .  Quản_lý tang_vật , phương_tiện vi_phạm hành_chính 

1 . Thủ_tục tịch_thu tang_vật , phương_tiện vi_phạm hành_chính trong hoạt_động_vật_liệu nổ công_nghiệp thực_hiện theo Điều 81 <L rel="Reference"> Luật Xử_lý vi_phạm hành_chính số 15/2012/QH13 ngày 20 tháng 6 năm 2012 </L> .
2 . Tang_vật vật_liệu nổ công_nghiệp tịch_thu phải được chuyển_giao cho cơ_quan quản_lý nhà_nước chuyên_ngành về vật_liệu nổ công_nghiệp theo quy_định tại Điều 82 <L rel="Reference"> Luật Xử_lý vi_phạm hành_chính số 15/2012/QH13 ngày 20 tháng 6 năm 2012 </L> .
3 . Việc vận_chuyển , giao_nhận , bảo_quản vật_liệu nổ công_nghiệp tịch_thu phải phù_hợp với tiêu_chuẩn , quy_chuẩn hiện_hành về vật_liệu nổ công_nghiệp .  Cơ_quan quản_lý chuyên_ngành về vật_liệu nổ công_nghiệp có trách_nhiệm bảo_quản vật_liệu nổ công_nghiệp ;  trường_hợp không có kho bảo_quản riêng , cơ_quan quản_lý chuyên_ngành về vật_liệu nổ công_nghiệp chỉ_định tổ_chức có kho đủ điều_kiện thực_hiện việc bảo_quản vật_liệu nổ công_nghiệp tịch_thu . 

4 . Không tổ_chức bán đấu_giá tang_vật vật_liệu nổ công_nghiệp tịch_thu ;  cơ_quan quản_lý chuyên_ngành về vật_liệu nổ công_nghiệp có trách_nhiệm định_giá , bán tang_vật vật_liệu nổ công_nghiệp tịch_thu cho các tổ_chức kinh_doanh vật_liệu nổ công_nghiệp hợp_pháp .  Các tổ_chức kinh_doanh vật_liệu nổ công_nghiệp có trách_nhiệm mua lại tang_vật vật_liệu nổ công_nghiệp tịch_thu . 

5 . Tang_vật vật_liệu nổ công_nghiệp tịch_thu bị mất phẩm_chất phải được tiêu_hủy , cơ_quan quản_lý chuyên_ngành về vật_liệu nổ công_nghiệp thành_lập Hội_đồng tiêu_hủy gồm đại_diện của các cơ_quan liên_quan .  Việc tiêu_hủy tang_vật vật_liệu nổ công_nghiệp tịch_thu phải tuân_thủ quy_chuẩn kỹ_thuật quốc_gia về vật_liệu nổ công_nghiệp . 

6 . Chi_phí bảo_quản , vận_chuyển , giao , nhận , giám_định tang_vật , phương_tiện bị tịch_thu và phục_vụ xử_lý tang_vật , phương_tiện bị tịch_thu nhưng đã mất phẩm_chất , buộc phải tiêu_hủy được thực_hiện theo quy_định tại Điều 82 <L rel="Reference"> Luật Xử_lý vi_phạm hành_chính </L> .
Điều 42 .  Thẩm_quyền lập biên_bản xử_phạt vi_phạm hành_chính trong lĩnh_vực hóa_chất , phân_bón và vật_liệu nổ công_nghiệp 

1 . Người có thẩm_quyền lập biên_bản gồm : 

a ) Người có thẩm_quyền xử_phạt vi_phạm hành_chính trong lĩnh_vực hóa_chất , phân_bón và vật_liệu nổ công_nghiệp ; 

b ) Công_chức , viên_chức , chiến_sỹ công_an nhân_dân đang thi_hành công_vụ , nhiệm_vụ . 

2 . Người có thẩm_quyền lập biên_bản quy_định tại Khoản 1 Điều này có quyền lập biên_bản hành_chính về những vi_phạm hành_chính thuộc phạm_vi thi_hành công_vụ , nhiệm_vụ được giao theo mẫu quy_định và chịu trách_nhiệm về việc lập biên_bản . 

3 . Một hành_vi vi_phạm hành_chính chỉ bị lập biên_bản một lần .  Nếu một hành_vi vi_phạm hành_chính đã bị lập biên_bản thì không lập biên_bản lần thứ hai đối_với chính hành_vi đó . 

4 . Trường_hợp cá_nhân , tổ_chức thực_hiện nhiều hành_vi vi_phạm hành_chính trong cùng một vụ vi_phạm hoặc vi_phạm nhiều lần thì biên_bản xử_phạt phải thể_hiện đầy_đủ các hành_vi vi_phạm hoặc số lần vi_phạm . 

Điều 43 .  Hiệu_lực thi_hành 

1 . Nghị_định này có hiệu_lực thi_hành kể từ ngày 31 tháng 12 năm 2013 . 

2 . Nghị_định này thay_thế : 

a ) <NĐ rel="Replace"> Nghị_định số 90/2009/NĐ-CP ngày 20 tháng 10 năm 2009 </NĐ> của Chính_phủ quy_định về xử_phạt vi_phạm hành_chính trong hoạt_động hóa_chất ;
b ) <NĐ rel="Replace"> Nghị_định số 15/2010/NĐ-CP ngày 01 tháng 3 năm 2010 </NĐ> của Chính_phủ quy_định về xử_phạt vi_phạm hành_chính trong hoạt_động_sản_xuất , kinh_doanh phân_bón ;
c ) Mục 2 Chương V <NĐ rel="PartReplace"> Nghị_định số 100/2005/NĐ-CP ngày 03 tháng 8 năm 2005 </NĐ> của Chính_phủ về thực_hiện Công_ước cấm phát_triển , sản_xuất , tàng_trữ , sử_dụng và phá_hủy vũ_khí_hóa học ; 

d ) <NĐ rel="Replace"> Nghị_định số 64/2005/NĐ-CP ngày 16 tháng 5 năm 2005 </NĐ> của Chính_phủ quy_định về xử_phạt vi_phạm hành_chính trong lĩnh_vực quản_lý vật_liệu nổ công_nghiệp .
Điều 44 .  Quy_định chuyển_tiếp 

1 . Đối_với hành_vi vi_phạm hành_chính trong lĩnh_vực hóa_chất , phân_bón và vật_liệu nổ công_nghiệp đã xảy ra trước thời_điểm Nghị_định này có hiệu_lực thi_hành mà sau đó mới bị phát_hiện hoặc đang trong quá_trình xem_xét , giải_quyết thì vẫn áp_dụng các quy_định tại <NĐ rel="Reference"> Nghị_định số 90/2009/NĐ-CP </NĐ> ; <NĐ rel="Reference"> Nghị_định số 15/2010/NĐ-CP </NĐ> ; Mục 2 Chương V <NĐ rel="Reference"> Nghị_định số 100/2005/NĐ-CP </NĐ> và <NĐ rel="Reference"> Nghị_định số 64/2005/NĐ-CP </NĐ> để xử_phạt , trừ trường_hợp các quy_định về xử_phạt vi_phạm hành_chính trong Nghị_định này có lợi cho cá_nhân , tổ_chức vi_phạm thì áp_dụng các quy_định của Nghị_định này để xử_phạt .
2 . Đối_với quyết_định xử_phạt vi_phạm hành_chính đã được ban_hành hoặc đã được thi_hành xong trước thời_điểm Nghị_định này có hiệu_lực thi_hành mà cá_nhân , tổ_chức bị xử_phạt vi_phạm hành_chính còn khiếu_nại thì áp_dụng quy_định của <NĐ rel="Reference"> Nghị_định số 90/2009/NĐ-CP </NĐ> ; <NĐ rel="Reference"> Nghị_định số 15/2010/NĐ-CP </NĐ> ; Mục 2 Chương V <NĐ rel="Reference"> Nghị_định số 100/2005/NĐ-CP </NĐ> ; <NĐ rel="Reference"> Nghị_định số 64/2005/NĐ-CP </NĐ> để giải_quyết .
Điều 45 .  Trách_nhiệm thi_hành 

Các Bộ_trưởng , Thủ_trưởng cơ_quan ngang Bộ , Thủ_trưởng cơ_quan thuộc Chính_phủ , Chủ_tịch Ủy_ban nhân_dân tỉnh , thành_phố trực_thuộc Trung_ương chịu trách_nhiệm thi_hành Nghị_định này ./. 