Nghị định Về việc sửa đổi, bổ sung một số điều của Nghị định số 48/2001/NĐ-CP ngày 13/8/2001 của Chính phủ về tổ chức và hoạt động của Quỹ tín dụng nhân dân

Căn_cứ <L rel="Pursuant"> Luật Tổ_chức Chính_phủ ngày 25 tháng 12 năm 2001 </L> ;
Căn_cứ <L rel="Pursuant"> Luật Hợp_tác_xã số 18/2003/QH11 ngày 26 tháng 11 năm 2003 </L> ;
Căn_cứ <L rel="Pursuant"> Luật Các tổ_chức tín_dụng số 02/1997/QH10 ngày 12 tháng 12 năm 1997 </L> và <L rel="Pursuant"> Luật sửa_đổi , bổ_sung một_số điều của <L rel="Others"> Luật Các tổ_chức tín_dụng </L> số 20/2004/QH11 ngày 15 tháng 6 năm 2004 </L> ;
Điều 1 . Sửa_đổi , bổ_sung một_số điều của <NĐ rel="Amended"> Nghị_định số 48/2001/NĐ-CP ngày 13 tháng 8 năm 2001 </NĐ> của Chính_phủ về tổ_chức và hoạt_động của Quỹ tín_dụng nhân_dân :
1 . Điều 5 được sửa_đổi , bổ_sung như sau : 

" Điều 5 .  Nguyên_tắc tổ_chức và hoạt_động của Quỹ tín_dụng nhân_dân 

1 . Tự_nguyện : mọi cá_nhân , hộ gia_đình , pháp_nhân và các đối_tượng khác có đủ điều_kiện theo quy_định tại Điều 21 Nghị_định này đều có_thể trở_thành thành_viên Quỹ tín_dụng nhân_dân ;  thành_viên có quyền ra khỏi Quỹ tín_dụng nhân_dân theo quy_định của Điều_lệ Quỹ tín_dụng nhân_dân . 

2 . Dân_chủ , bình_đẳng và công_khai : thành_viên Quỹ tín_dụng nhân_dân có quyền tham_gia quản_lý , kiểm_tra , giám_sát Quỹ tín_dụng nhân_dân và có quyền ngang nhau trong biểu_quyết . 

3 . Tự_chủ , tự chịu trách_nhiệm và cùng có lợi : Quỹ tín_dụng nhân_dân tự_chủ và tự chịu trách_nhiệm về kết_quả hoạt_động của mình ;  tự_quyết_định về phân_phối thu_nhập .  Sau khi thực_hiện xong nghĩa_vụ nộp thuế và trang_trải các khoản lỗ của Quỹ tín_dụng nhân_dân , lãi được trích một phần vào các quỹ của Quỹ tín_dụng nhân_dân , một phần chia theo vốn góp và công_sức đóng_góp của thành_viên , phần còn lại chia cho thành_viên theo mức_độ sử_dụng dịch_vụ của Quỹ tín_dụng nhân_dân . 

4 . Hợp_tác và phát_triển cộng_đồng : thành_viên phải phát_huy tinh_thần xây_dựng tập_thể và hợp_tác với nhau trong Quỹ tín_dụng nhân_dân , trong cộng_đồng xã_hội ;  hợp_tác giữa các Quỹ tín_dụng nhân_dân ở trong nước và ngoài nước theo quy_định của pháp_luật " . 

2 . Điều 7 được sửa_đổi , bổ_sung như sau : 

" Điều 7 .  Quyền của Quỹ tín_dụng nhân_dân 

1 . Được huy_động vốn , cho vay vốn và thực_hiện các dịch_vụ ngân_hàng khác theo giấy_phép hoạt_động ;  có quyền tự_chủ kinh_doanh và tự chịu trách_nhiệm về kết_quả hoạt_động của mình . 

2 . Nhận vốn tài_trợ của Nhà_nước , của các tổ_chức , cá_nhân trong và ngoài nước . 

3 . Yêu_cầu người vay cung_cấp các tài_liệu về tài_chính , sản_xuất , kinh_doanh liên_quan đến khoản vay . 

4 . Được tuyển_chọn , sử_dụng , đào_tạo lao_động , lựa_chọn các hình_thức trả lương , thưởng và thực_hiện các quyền khác của người sử_dụng lao_động theo quy_định của pháp_luật . 

5 . Kết_nạp thành_viên mới , giải_quyết việc thành_viên ra khỏi Quỹ tín_dụng nhân_dân , khai_trừ thành_viên theo quy_định của Điều_lệ Quỹ tín_dụng nhân_dân . 

6 . Quyết_định phân_phối thu_nhập , xử_lý các khoản lỗ theo quy_định của pháp_luật và Điều_lệ Quỹ tín_dụng nhân_dân . 

7 . Quyết_định khen_thưởng và xử_phạt đối_với thành_viên . 

8 . Từ_chối yêu_cầu của các tổ_chức , cá_nhân trái với quy_định của pháp_luật . 

9 . Khiếu_nại , khởi_kiện các hành_vi vi_phạm quyền và lợi_ích hợp_pháp của Quỹ tín_dụng nhân_dân . 

10 .  Thực_hiện các quyền khác có liên_quan theo quy_định của pháp_luật .  " 

3 . Điều 8 được sửa_đổi , bổ_sung như sau : 

" Điều 8 .  Nghĩa_vụ của Quỹ tín_dụng nhân_dân 

1 . Hoạt_động kinh_doanh theo giấy_phép được cấp ;  chấp_hành các quy_định của Nhà_nước về tiền_tệ , tín_dụng và dịch_vụ ngân_hàng . 

2 . Thực_hiện đúng quy_định của pháp_luật về kế_toán , thống_kê và kiểm_toán . 

3 . Bảo_toàn và phát_triển vốn hoạt_động của Quỹ tín_dụng nhân_dân ;  quản_lý và sử_dụng có hiệu_quả tài_sản được giao . 

4 . Có trách_nhiệm hoàn_trả các khoản tiền gửi , các khoản đi vay và các khoản nợ khác theo đúng kỳ_hạn ;  chịu trách_nhiệm về các nghĩa_vụ tài_chính trong phạm_vi vốn điều_lệ , vốn tích_lũy và các nguồn vốn khác của Quỹ tín_dụng nhân_dân theo quy_định của pháp_luật . 

5 . Nộp thuế và thực_hiện các nghĩa_vụ tài_chính khác theo quy_định của pháp_luật . 

6 . Tham_gia tổ_chức liên_kết phát_triển hệ_thống nhằm mục_tiêu xây_dựng Quỹ tín_dụng nhân_dân và cả hệ_thống Quỹ tín_dụng nhân_dân an_toàn , hiệu_quả , phát_triển bền_vững . 

7 . Chăm_lo giáo_dục , đào_tạo , bồi_dưỡng nâng cao_trình_độ , cung_cấp thông_tin để mọi thành_viên tích_cực tham_gia xây_dựng và quản_lý Quỹ tín_dụng nhân_dân . 

8 . Bảo_đảm các quyền_lợi của thành_viên và thực_hiện các cam_kết kinh_tế đối_với thành_viên . 

9 . Thực_hiện hợp_đồng lao_động ;  tôn_trọng danh_dự , nhân_phẩm của người lao_động . 

10 .  Đóng_bảo_hiểm_xã_hội bắt_buộc cho cán_bộ , nhân_viên ( hoặc người lao_động ) làm_việc thường_xuyên , có hưởng lương tại Quỹ tín_dụng nhân_dân theo quy_định của Điều_lệ Quỹ tín_dụng nhân_dân phù_hợp với quy_định của pháp_luật về bảo_hiểm .  Mức tiền_lương làm căn_cứ đóng bảo_hiểm_xã_hội bắt_buộc phải được báo_cáo thông_qua Đại_hội thành_viên và đăng_ký với cơ_quan quản_lý nhà_nước về lao_động tỉnh-thành_phố trực_thuộc Trung_ương nơi đặt trụ_sở của Quỹ tín_dụng nhân_dân . 

11 .  Thực_hiện các nghĩa_vụ khác theo quy_định của pháp_luật .  " 

4 . Điều 10 được sửa_đổi như sau : 

" Điều 10 .  Chính_sách Nhà_nước đối_với Quỹ tín_dụng nhân_dân 

1 . Nhà_nước thống_nhất quản_lý hoạt_động của Quỹ tín_dụng nhân_dân , xây_dựng hệ_thống Quỹ tín_dụng nhân_dân đủ sức đáp_ứng nhu_cầu vốn và dịch_vụ cho các thành_viên của Quỹ tín_dụng nhân_dân , góp_phần thực_hiện chính_sách tiền_tệ quốc_gia , bảo_đảm an_toàn hệ_thống Quỹ tín_dụng nhân_dân , bảo_vệ lợi_ích hợp_pháp của người gửi tiền . 

2 . Nhà_nước bảo_hộ quyền sở_hữu , quyền và lợi_ích hợp_pháp khác trong hoạt_động của Quỹ tín_dụng nhân_dân nhằm tạo điều_kiện cho các thành_viên tương_trợ nhau trong sản_xuất , kinh_doanh , dịch_vụ và cải_thiện đời_sống .  " 

5 . Điều 11 được sửa_đổi , bổ_sung như sau : 

" Điều 11 .  Sáng_lập viên 

1 . Sáng_lập viên là các cá_nhân , hộ gia_đình , pháp_nhân và các đối_tượng khác khởi_xướng việc thành_lập Quỹ tín_dụng nhân_dân và gia_nhập Quỹ tín_dụng nhân_dân . 

2 . Sáng_lập viên Quỹ tín_dụng nhân_dân cơ_sở phải báo_cáo bằng văn_bản với Ủy_ban nhân_dân cấp có thẩm_quyền được quy_định tại Điều 67 , Điều 68 của Nghị_định này về việc thành_lập , địa_điểm đóng trụ_sở , phương_hướng và kế_hoạch hoạt_động của Quỹ tín_dụng nhân_dân cơ_sở . 

3 . Sau khi được Ủy_ban nhân_dân có thẩm_quyền chấp_thuận bằng văn_bản , sáng_lập viên xúc_tiến các công_việc : 

a ) Dự_thảo Điều_lệ ; 

b ) Xây_dựng phương_hướng hoạt_động ; 

c ) Tổ_chức tuyên_truyền , vận_động ; 

d ) Chuẩn_bị các công_việc khác để tổ_chức hội_nghị thành_lập . 

4 . Đối_với Quỹ tín_dụng nhân_dân Trung_ương sẽ có quy_định riêng .  " 

6 . Điều 12 được sửa_đổi , bổ_sung như sau : 

" Điều 12 .  Hội_nghị thành_lập 

1 . Hội_nghị thành_lập Quỹ tín_dụng nhân_dân do các sáng_lập viên tổ_chức .  Thành_phần tham_gia hội_nghị bao_gồm các sáng_lập viên , các cá_nhân , hộ gia_đình , pháp_nhân và các đối_tượng khác có nguyện_vọng trở_thành thành_viên Quỹ tín_dụng nhân_dân . 

2 . Hội_nghị thảo_luận và biểu_quyết theo đa_số các vấn_đề sau đây : 

a ) Thông_qua danh_sách thành_viên ; 

b ) Thông_qua tên và biểu_tượng Quỹ tín_dụng nhân_dân ; 

c ) Thông_qua dự_thảo Điều_lệ và nội_quy hoạt_động Quỹ tín_dụng nhân_dân ; 

d ) Thông_qua mức vốn điều_lệ của Quỹ tín_dụng nhân_dân , mức vốn góp của thành_viên ; 

đ ) Thông_qua phương_án hoạt_động ; 

e ) Quyết_định việc thành_lập riêng hay không thành_lập riêng bộ_máy quản_lý và bộ_máy điều_hành Quỹ tín_dụng nhân_dân cơ_sở theo hướng_dẫn của Ngân_hàng Nhà_nước . 

Đối_với Quỹ tín_dụng nhân_dân cơ_sở thành_lập một bộ_máy vừa quản_lý vừa điều_hành thì bầu Hội_đồng quản_trị và Giám_đốc ;  Giám_đốc Quỹ tín_dụng nhân_dân đồng_thời là Chủ_tịch Hội_đồng quản_trị ;  quyết_định số_lượng Phó_Giám_đốc Quỹ tín_dụng nhân_dân cơ_sở . 

Đối_với Quỹ tín_dụng nhân_dân cơ_sở thành_lập riêng bộ_máy quản_lý và bộ_máy điều_hành thì bầu Hội_đồng quản_trị và Chủ_tịch Hội_đồng quản_trị trong số thành_viên Hội_đồng quản_trị ;  quyết_định việc lựa_chọn Giám_đốc là thành_viên Quỹ tín_dụng nhân_dân hoặc thuê Giám_đốc ( là người_ngoài Quỹ tín_dụng nhân_dân ) ;  quyết_định số_lượng Phó_Giám_đốc Quỹ tín_dụng nhân_dân cơ_sở ; 

g ) Bầu_Ban kiểm_soát và Trưởng_Ban kiểm_soát trong số thành_viên của Ban kiểm_soát ; 

h ) Thông_qua biên_bản Hội_nghị thành_lập Quỹ tín_dụng nhân_dân .  " 

7 . Điều 13 được sửa_đổi , bổ_sung như sau : 

" Điều 13 .  Điều_lệ Quỹ tín_dụng nhân_dân 

1 . Mỗi Quỹ tín_dụng nhân_dân có Điều_lệ riêng . Điều_lệ Quỹ tín_dụng nhân_dân phải phù_hợp với các quy_định của <L rel="Reference"> Luật Các tổ_chức tín_dụng </L> , <L rel="Reference"> Luật Hợp_tác_xã </L> và các quy_định khác của pháp_luật .
2 . Điều_lệ của Quỹ tín_dụng nhân_dân phải có những nội_dung chủ_yếu sau đây : 

a ) Tên Quỹ tín_dụng nhân_dân và nơi đặt trụ_sở chính ; 

b ) Nội_dung và phạm_vi hoạt_động ; 

c ) Thời_hạn hoạt_động ; 

d ) Vốn điều_lệ và phương_thức góp vốn ; 

đ ) Cơ_cấu tổ_chức Quỹ tín_dụng nhân_dân ;  nhiệm_vụ , quyền_hạn của Hội_đồng quản_trị , Tổng_Giám_đốc ( Giám_đốc ) và Ban kiểm_soát ; 

e ) Thể_thức tiến_hành Đại_hội thành_viên và thông_qua quyết_định của Đại_hội thành_viên ; 

g ) Quyền và nghĩa_vụ của thành_viên ; 

h ) Các nguyên_tắc tài_chính , kế_toán , kiểm_tra , kiểm_soát và kiểm_toán nội_bộ ; 

i ) Nguyên_tắc và đối_tượng đóng bảo_hiểm_xã_hội bắt_buộc ; 

k ) Nguyên_tắc trả lương , phụ_cấp và thù_lao_công_vụ , xử_lý các khoản lỗ , chia lãi theo vốn góp , theo công_sức đóng_góp của thành_viên và theo mức_độ sử_dụng dịch_vụ của Quỹ tín_dụng nhân_dân ;  trích_lập , quản_lý và sử_dụng các quỹ của Quỹ tín_dụng nhân_dân ; 

l ) Thể_thức quản_lý , sử_dụng , bảo_toàn và xử_lý phần tài_sản chung , vốn tích_lũy của Quỹ tín_dụng nhân_dân khi Quỹ tín_dụng nhân_dân đang hoạt_động và khi Quỹ tín_dụng nhân_dân giải_thể ; 

m ) Các trường_hợp và thủ_tục về chia tách , hợp_nhất , sáp_nhập , mua lại , giải_thể , phá_sản ; 

n ) Thủ_tục sửa_đổi Điều_lệ ; 

o ) Các quy_định khác do đại_hội thành_viên tự_quyết_định nhưng không trái với quy_định của pháp_luật . 

3 . Điều_lệ của Quỹ tín_dụng nhân_dân chỉ được thực_hiện sau khi được Ngân_hàng Nhà_nước chuẩn_y .  " 

8 . Điều 14 được sửa_đổi , bổ_sung như sau : 

" Điều 14 .  Điều_kiện để được cấp giấy_phép thành_lập và hoạt_động 

1 . Có nhu_cầu hoạt_động ngân_hàng trên địa_bàn xin hoạt_động ;  được sự chấp_thuận của chính_quyền địa_phương về việc thành_lập Quỹ tín_dụng nhân_dân . 

2 . Có vốn pháp_định theo quy_định của Chính_phủ . 

3 . Thành_viên sáng_lập là cá_nhân , hộ gia_đình , pháp_nhân và các đối_tượng khác có uy_tín và có khả_năng góp vốn để thành_lập Quỹ tín_dụng nhân_dân . 

4 . Người quản_trị , điều_hành có năng_lực hành_vi dân_sự đầy_đủ và các tiêu_chuẩn về đạo_đức , trình_độ , năng_lực chuyên_môn theo quy_định của Ngân_hàng Nhà_nước . 

5 . Có Điều_lệ phù_hợp với quy_định tại Điều 13 Nghị_định này . 

6 . Có phương_án hoạt_động khả_thi .  " 

9 . Điều 17 được sửa_đổi , bổ_sung như sau : 

" Điều 17 .  Những thay_đổi phải được chấp_thuận 

1 . Quỹ tín_dụng nhân_dân phải được Ngân_hàng Nhà_nước chấp_thuận bằng văn_bản trước khi thay_đổi một trong những điểm sau đây : 

a ) Tên của Quỹ tín_dụng nhân_dân ; 

b ) Tăng , giảm vốn điều_lệ vượt mức quy_định của Ngân_hàng Nhà_nước ; 

c ) Địa_điểm đặt trụ_sở chính , sở giao_dịch , chi_nhánh , văn_phòng đại_diện ; 

d ) Nội_dung , phạm_vi và thời_hạn hoạt_động ; 

đ ) Thành_viên Hội_đồng quản_trị , thành_viên Ban kiểm_soát và Tổng_giám_đốc ( Giám_đốc ) . 

2 . Sau khi được Ngân_hàng Nhà_nước chấp_thuận , Quỹ tín_dụng nhân_dân phải đăng_ký với cơ_quan cấp giấy chứng_nhận đăng_ký kinh_doanh về những thay_đổi quy_định tại khoản 1 điều này và phải đăng báo trung_ương ( đối_với Quỹ tín_dụng nhân_dân Trung_ương ) , báo địa_phương ( đối_với Quỹ tín_dụng nhân_dân cơ_sở ) theo quy_định của pháp_luật về các nội_dung quy_định tại các điểm a , c , d khoản 1 Điều này .  " 

10 .  Điều 21 được sửa_đổi , bổ_sung như sau : 

" Điều 21 .  Điều_kiện trở_thành thành_viên 

1 . Thành_viên Quỹ tín_dụng nhân_dân cơ_sở bao_gồm : 

a ) Cá_nhân là công_dân Việt_Nam từ đủ 18 tuổi trở lên có năng_lực hành_vi dân_sự đầy_đủ , cư_trú , làm_việc hoặc sản_xuất kinh_doanh hợp_pháp trên địa_bàn hoạt_động của Quỹ tín_dụng nhân_dân .  Các cá_nhân không đủ các điều_kiện nói trên hoặc đang bị truy_cứu trách_nhiệm hình_sự , cá_nhân đang phải chấp_hành_hình_phạt tù , cá_nhân bị tòa_án tước quyền_hành_nghề do vi_phạm các tội theo quy_định của pháp_luật và cá_nhân đang trong thời_gian chấp_hành quyết_định đưa vào cơ_sở giáo_dục , cơ_sở chữa bệnh không được tham_gia thành_viên Quỹ tín_dụng nhân_dân ; 

b ) Cán_bộ , công_chức ( trừ sĩ_quan , hạ_sĩ_quan , quân_nhân chuyên_nghiệp trong các đơn_vị lực_lượng vũ_trang nhân_dân không được là thành_viên Quỹ tín_dụng nhân_dân ) có đủ các điều_kiện theo quy_định tại điểm a khoản 1 Điều này .  Cán_bộ , công_chức không trực_tiếp tham_gia quản_lý , điều_hành , kiểm_soát và các chức_danh nghiệp_vụ chuyên_môn của Quỹ tín_dụng nhân_dân ; 

c ) Hộ gia_đình mà các thành_viên trong hộ có cùng tài_sản chung để hoạt_động kinh_tế như : diện_tích đất đang sử_dụng vào sản_xuất nông , lâm , ngư_nghiệp ;  những tài_sản cố_định khác phục_vụ sản_xuất , kinh_doanh của hộ gia_đình .  Khi tham_gia thành_viên Quỹ tín_dụng nhân_dân , hộ gia_đình phải cử người đại_diện ( có giấy ủy_quyền ) có đủ các điều_kiện như đối_với cá_nhân quy_định tại điểm a khoản 1 Điều này và theo quy_định của Điều_lệ Quỹ tín_dụng nhân_dân .  Khi muốn thay_đổi người đại_diện , hộ gia_đình phải có đơn đề_nghị Hội_đồng quản_trị xem_xét quyết_định ; 

d ) Pháp_nhân là tổ_chức , cơ_quan ( trừ quỹ xã_hội , quỹ từ_thiện ) theo quy_định của pháp_luật ;  các pháp_nhân nói trên phải có trụ_sở chính đóng trên địa_bàn hoạt_động của Quỹ tín_dụng nhân_dân .  Người đứng_tên trong đơn xin gia_nhập Quỹ tín_dụng nhân_dân phải là đại_diện theo pháp_luật của pháp_nhân .  Người đại_diện theo pháp_luật của pháp_nhân có_thể ủy_quyền cho cá_nhân khác là người trong bộ_máy lãnh_đạo của pháp_nhân làm đại_diện tham_gia Quỹ tín_dụng nhân_dân ; 

đ ) Các đối_tượng khác do Thống_đốc Ngân_hàng Nhà_nước quy_định . 

2 . Thành_viên Quỹ tín_dụng nhân_dân Trung_ương bao_gồm : 

a ) Các Quỹ tín_dụng nhân_dân cơ_sở ; 

b ) Các tổ_chức tín_dụng ; 

c ) Các đối_tượng khác do Thống_đốc Ngân_hàng Nhà_nước quy_định . 

Các đối_tượng nói trên nếu là pháp_nhân , khi tham_gia Quỹ tín_dụng nhân_dân Trung_ương phải cử đại_diện hợp_pháp tham_gia thành_viên . 

3 . Các đối_tượng quy_định tại các khoản 1 và 2 Điều này có đơn xin gia_nhập , tán_thành Điều_lệ , góp đủ vốn theo quy_định đều có_thể trở_thành thành_viên Quỹ tín_dụng nhân_dân " . 

11 .  Điều 22 sửa_đổi , bổ_sung như sau : 

" Điều 22 .  Quyền của thành_viên 

1 . Được dự Đại_hội thành_viên hoặc bầu đại_biểu dự Đại_hội thành_viên , dự các cuộc họp thành_viên để bàn_bạc và biểu_quyết những công_việc của Quỹ tín_dụng nhân_dân . 

2 . Được ứng_cử , bầu_cử vào Hội_đồng quản_trị , Ban kiểm_soát và các chức_danh được bầu khác của Quỹ tín_dụng nhân_dân , trừ thành_viên là cán_bộ , công_chức . 

3 . Được gửi tiền , vay vốn , chia lãi theo vốn góp và theo mức_độ sử_dụng dịch_vụ của Quỹ tín_dụng nhân_dân . 

4 . Được hưởng_thụ các phúc_lợi xã_hội chung của Quỹ tín_dụng nhân_dân theo quy_định của pháp_luật . 

5 . Được khen_thưởng khi có nhiều đóng_góp trong việc xây_dựng và phát_triển Quỹ tín_dụng nhân_dân . 

6 . Được cung_cấp các thông_tin cần_thiết liên_quan đến hoạt_động của Quỹ tín_dụng nhân_dân . 

7 . Được đề_đạt , phản_ánh , kiến_nghị những vấn_đề liên_quan đến hoạt_động của Quỹ tín_dụng nhân_dân và yêu_cầu được trả_lời ;  yêu_cầu Hội_đồng quản_trị , Ban kiểm_soát triệu_tập Đại_hội thành_viên bất_thường để giải_quyết những vấn_đề cấp_thiết . 

8 . Được chuyển_nhượng vốn góp và các quyền_lợi , nghĩa_vụ của mình cho người khác theo quy_định của pháp_luật và Điều_lệ Quỹ tín_dụng nhân_dân . 

9 . Được quyền xin ra Quỹ tín_dụng nhân_dân theo quy_định của Điều_lệ Quỹ tín_dụng nhân_dân . 

10 .  Trong điều_kiện Quỹ tín_dụng nhân_dân hoạt_động có lãi và việc rút vốn của thành_viên không ảnh_hưởng đến hoạt_động của Quỹ tín_dụng nhân_dân thì thành_viên được trả lại vốn góp và các quyền_lợi khác theo quy_định của Điều_lệ Quỹ tín_dụng nhân_dân và pháp_luật có liên_quan . 

11 .  Thành_viên không thuộc đối_tượng đóng bảo_hiểm_xã_hội bắt_buộc có_thể được tham_gia đóng bảo_hiểm_xã_hội tự_nguyện ở Quỹ tín_dụng nhân_dân nếu Quỹ tín_dụng nhân_dân có điều_kiện và Điều_lệ Quỹ tín_dụng nhân_dân có quy_định việc đóng bảo_hiểm_xã_hội tự_nguyện cho thành_viên " . 

12 .  Điều 24 được sửa_đổi , bổ_sung như sau : 

" Điều 24 .  Chấm_dứt tư_cách thành_viên 

1 . Tư_cách thành_viên Quỹ tín_dụng nhân_dân sẽ chấm_dứt trong các trường_hợp sau đây : 

a ) Thành_viên là cá_nhân bị chết , mất_tích , mất năng_lực hành_vi dân_sự hoặc bị hạn_chế năng_lực hành_vi dân_sự ;  thành_viên là hộ gia_đình không có người đại_diện đủ điều_kiện theo quy_định của pháp_luật và Điều_lệ ;  thành_viên là pháp_nhân khi tổ_chức đó bị giải_thể , phá_sản hoặc không có người đại_diện đủ điều_kiện theo quy_định của pháp_luật và Điều_lệ ; 

b ) Thành_viên đã được chấp_nhận cho ra Quỹ tín_dụng nhân_dân theo quy_định của pháp_luật và Điều_lệ ; 

c ) Thành_viên đã chuyển hết vốn góp và các quyền_lợi , nghĩa_vụ của mình cho người khác theo quy_định của pháp_luật và Điều_lệ ; 

d ) Thành_viên bị Đại_hội thành_viên khai_trừ ; 

đ ) Các trường_hợp khác do Điều_lệ Quỹ tín_dụng nhân_dân quy_định . 

2 . Khi chấm_dứt tư_cách thành_viên , thành_viên được chuyển_nhượng vốn góp và quyền_lợi , nghĩa_vụ của mình cho người khác .  Các trường_hợp quy_định tại điểm a , d khoản 1 Điều này và các thành_viên đã được chấp_nhận cho ra Quỹ tín_dụng nhân_dân do di_chuyển nơi cư_trú , nơi làm_việc hoặc địa_điểm sản_xuất kinh_doanh ra khỏi địa_bàn hoạt_động của Quỹ tín_dụng nhân_dân nếu không chuyển_nhượng được vốn góp cho người khác thì được trả lại vốn góp ;  các trường_hợp khác khi chấm_dứt tư_cách thành_viên được trả lại vốn góp theo quy_định của Ngân_hàng Nhà_nước .  Việc chuyển_nhượng hoặc trả lại vốn góp đối_với các trường_hợp_thành_viên là cá_nhân bị chết , mất_tích , mất năng_lực hành_vi dân_sự hoặc bị hạn_chế năng_lực hành_vi dân_sự và các thành_viên là pháp_nhân bị giải_thể , phá_sản được thực_hiện theo quy_định của pháp_luật .  Việc trả lại vốn góp phải căn_cứ vào các yếu_tố sau đây : 

a ) Thực_trạng tài_chính của Quỹ tín_dụng nhân_dân ; 

b ) Đã xử_lý xong các nghĩa_vụ kinh_tế của thành_viên đối_với Quỹ tín_dụng nhân_dân .  " 

13 .  Điều 25 được sửa_đổi , bổ_sung như sau : 

" Điều 25 .  Đại_hội thành_viên 

Các quy_định về Đại_hội thành_viên , số_lượng đại_biểu và biểu_quyết trong Đại_hội , thông_báo triệu_tập Đại_hội thực_hiện theo quy_định của <L rel="Reference"> Luật Hợp_tác_xã </L> và hướng_dẫn của Ngân_hàng Nhà_nước . "
14 .  Điều 26 được sửa_đổi , bổ_sung như sau : 

" Điều 26 .  Nội_dung Đại_hội thành_viên 

Đại_hội thành_viên thảo_luận và quyết_định những vấn_đề sau đây : 

1 . Báo_cáo kết_quả hoạt_động kinh_doanh trong năm , báo_cáo hoạt_động của Hội_đồng quản_trị và Ban kiểm_soát . 

2 . Báo_cáo công_khai tài_chính-kế_toán , dự_kiến phân_phối lợi_nhuận và xử_lý các khoản lỗ ( nếu có ) . 

3 . Phương_hướng hoạt_động kinh_doanh năm tới . 

4 . Tăng , giảm vốn điều_lệ ;  mức góp vốn của thành_viên . 

5 . Quyết_định việc thành_lập riêng hay không thành_lập riêng bộ_máy quản_lý và bộ_máy điều_hành theo quy_định tại điểm e khoản 2 Điều 12 của Nghị_định này . 

6 . Bầu , bãi_miễn Chủ_tịch Hội_đồng quản_trị ( trong trường_hợp_thành_lập riêng bộ_máy quản_lý và bộ_máy điều_hành ) , Giám_đốc ( trong trường_hợp không thành_lập riêng bộ_máy quản_lý và bộ_máy điều_hành ) , các thành_viên Hội_đồng quản_trị , Ban kiểm_soát , Trưởng ban kiểm_soát . 

7 . Thông_qua phương_án do Hội_đồng quản_trị xây_dựng về mức tiền_lương , phụ_cấp và thù_lao_công_vụ cho Chủ_tịch Hội_đồng quản_trị và các thành_viên khác của Hội_đồng quản_trị , Trưởng ban kiểm_soát và các thành_viên khác của Ban kiểm_soát , Tổng_Giám_đốc ( Giám_đốc ) , Phó_Tổng_Giám_đốc ( Phó_Giám_đốc ) và các nhân_viên làm_việc tại Quỹ tín_dụng nhân_dân . 

8 . Thông_qua danh_sách kết_nạp thành_viên mới và cho thành_viên ra khỏi Quỹ tín_dụng nhân_dân do Hội_đồng quản_trị báo_cáo ;  quyết_định khai_trừ thành_viên . 

9 . Chia tách , hợp_nhất , sáp_nhập , mua lại , giải_thể Quỹ tín_dụng nhân_dân . 

10 .  Sửa_đổi Điều_lệ của Quỹ tín_dụng nhân_dân . 

11 .  Các đối_tượng được Quỹ tín_dụng nhân_dân đóng bảo_hiểm_xã_hội . 

12 .  Những vấn_đề khác do Hội_đồng quản_trị , Ban kiểm_soát hoặc có ít_nhất 1/3 ( một phần ba ) tổng_số thành_viên đề_nghị .  " 

15 .  Điều 28 sửa_đổi , bổ_sung như sau : 

" Điều 28 .  Hội_đồng quản_trị 

1 . Hội_đồng quản_trị có chức_năng quản_trị Quỹ tín_dụng nhân_dân theo quy_định của pháp_luật . 

2 . Số_lượng thành_viên Hội_đồng quản_trị do Đại_hội thành_viên quyết_định , nhưng tối_thiểu là 3 người ;  Chủ_tịch và các thành_viên khác trong Hội_đồng quản_trị do Đại_hội thành_viên bầu trực_tiếp theo quy_định của Ngân_hàng Nhà_nước . 

3 . Thành_viên Hội_đồng quản_trị phải là thành_viên của Quỹ tín_dụng nhân_dân ( cá_nhân hoặc người đại_diện hợp_pháp của tổ_chức ) có phẩm_chất đạo_đức tốt , có tín_nhiệm , có năng_lực quản_lý và hiểu_biết về hoạt_động ngân_hàng .  Thành_viên Hội_đồng quản_trị không được đồng_thời là thành_viên Ban kiểm_soát , Kế_toán_trưởng , Thủ_quỹ của Quỹ tín_dụng nhân_dân và không phải là cha , mẹ , vợ , chồng , con hoặc anh , chị , em ruột của họ . 

4 . Nhiệm_kỳ của Hội_đồng quản_trị do Đại_hội thành_viên quy_định , nhưng tối_thiểu là 2 năm và tối_đa không quá 5 năm . 

5 . Hội_đồng quản_trị chịu trách_nhiệm về các quyết_định của mình trước Đại_hội thành_viên và trước pháp_luật . 

6 . Chủ_tịch và các thành_viên khác trong Hội_đồng quản_trị không được ủy_quyền cho những người không phải là thành_viên Hội_đồng quản_trị thực_hiện nhiệm_vụ , quyền_hạn của mình .  " 

16 .  Điều 31 được sửa_đổi , bổ_sung như sau : 

" Điều 31 .  Ban kiểm_soát 

1 . Ban kiểm_soát là bộ_máy giám_sát và kiểm_tra mọi hoạt_động của Quỹ tín_dụng nhân_dân theo pháp_luật và Điều_lệ Quỹ tín_dụng nhân_dân . 

2 . Ban kiểm_soát do Đại_hội thành_viên bầu trực_tiếp .  Ban kiểm_soát có tối_thiểu là 3 người , trong đó ít_nhất phải có một kiểm_soát viên chuyên_trách .  Đối_với Quỹ tín_dụng nhân_dân cơ_sở có quy_mô hoạt_động nhỏ có_thể chỉ bầu một kiểm_soát viên chuyên_trách theo hướng_dẫn của Ngân_hàng Nhà_nước .  Nhiệm_kỳ của Ban kiểm_soát theo nhiệm_kỳ của Hội_đồng quản_trị . 

3 . Ban kiểm_soát chịu trách_nhiệm trước Đại_hội thành_viên về việc thực_hiện nhiệm_vụ được giao . 

4 . Thành_viên Ban kiểm_soát phải là thành_viên của Quỹ tín_dụng nhân_dân .  Thành_viên Ban kiểm_soát phải đáp_ứng được các yêu_cầu về tiêu_chuẩn trình_độ chuyên_môn và đạo_đức nghề_nghiệp do Ngân_hàng Nhà_nước quy_định . 

5 . Thành_viên Ban kiểm_soát không được đồng_thời là thành_viên Hội_đồng quản_trị , Kế_toán_trưởng , Thủ_quỹ của Quỹ tín_dụng nhân_dân và không phải là cha , mẹ , vợ , chồng_con hoặc anh , chị_em ruột của họ .  " 

17 .  Điều 32 được sửa_đổi , bổ_sung như sau : 

" Điều 32 .  Nhiệm_vụ và quyền_hạn của Ban kiểm_soát 

1 . Kiểm_tra , giám_sát Quỹ tín_dụng nhân_dân hoạt_động theo pháp_luật . 

2 . Kiểm_tra việc chấp_hành điều_lệ Quỹ tín_dụng nhân_dân ;  nghị_quyết Đại_hội thành_viên , nghị_quyết Hội_đồng quản_trị .  Giám_sát hoạt_động của Hội_đồng quản_trị , Giám_đốc và thành_viên Quỹ tín_dụng nhân_dân theo đúng pháp_luật và Điều_lệ Quỹ tín_dụng nhân_dân . 

3 . Kiểm_tra về hoạt_động tài_chính , giám_sát việc chấp_hành chế_độ kế_toán , phân_phối thu_nhập , xử_lý các khoản lỗ , sử_dụng các quỹ của Quỹ tín_dụng nhân_dân , sử_dụng tài_sản và các khoản hỗ_trợ của Nhà_nước ;  giám_sát sự an_toàn trong hoạt_động của Quỹ tín_dụng nhân_dân , thực_hiện kiểm_toán nội_bộ hoạt_động từng thời_kỳ , từng lĩnh_vực nhằm đánh_giá chính_xác hoạt_động kinh_doanh và thực_trạng tài_chính của Quỹ tín_dụng nhân_dân . 

4 . Tiếp_nhận các khiếu_nại , tố_cáo có liên_quan đến hoạt_động của Quỹ tín_dụng nhân_dân ;  giải_quyết hoặc kiến_nghị cơ_quan có thẩm_quyền giải_quyết theo quy_định của pháp_luật và điều_lệ Quỹ tín_dụng nhân_dân . 

5 . Trưởng_Ban hoặc đại_diện Ban kiểm_soát được tham_dự các cuộc họp của Hội_đồng quản_trị nhưng không tham_gia biểu_quyết . 

6 . Yêu_cầu những người có liên_quan trong Quỹ tín_dụng nhân_dân cung_cấp tài_liệu , sổ_sách chứng_từ và những thông_tin cần_thiết khác để phục_vụ cho công_tác kiểm_tra , nhưng không được sử_dụng các tài_liệu , thông_tin đó vào mục_đích khác . 

7 . Được sử_dụng hệ_thống kiểm_tra và kiểm_soát nội_bộ ( nếu có ) của Quỹ tín_dụng nhân_dân để thực_hiện các nhiệm_vụ của Ban kiểm_soát . 

8 . Chuẩn_bị chương_trình và triệu_tập Đại_hội thành_viên bất_thường_khi có một trong các trường_hợp sau : 

a ) Khi có hành_vi vi_phạm pháp_luật , Điều_lệ Quỹ tín_dụng nhân_dân và nghị_quyết của Đại_hội thành_viên , Ban kiểm_soát đã yêu_cầu mà Hội_đồng quản_trị không thực_hiện hoặc thực_hiện không có kết_quả các biện_pháp ngăn_chặn ; 

b ) Khi Hội_đồng quản_trị không triệu_tập Đại_hội thành_viên bất_thường trong thời_hạn 15 ( mười lăm ) ngày kể từ ngày nhận đủ đơn của ít_nhất 1/3 ( một phần ba ) tổng_số thành_viên cùng có đơn đề_nghị triệu_tập Đại_hội thành_viên . 

9 . Thông_báo cho Hội_đồng quản_trị , báo_cáo trước Đại_hội thành_viên và Ngân_hàng Nhà_nước về kết_quả kiểm_soát ;  kiến_nghị với Hội_đồng quản_trị , Giám_đốc khắc_phục những yếu_kém , những vi_phạm trong hoạt_động của Quỹ tín_dụng nhân_dân .  " 

18 .  Điều 36 sửa_đổi như sau : 

" Điều 36 .  Hệ_thống kiểm_tra , kiểm_soát nội_bộ : 

Các quy_định về kiểm_tra , kiểm_soát nội_bộ Quỹ tín_dụng nhân_dân được thực_hiện theo quy_định tại Mục 4 Chương II <L rel="Reference"> Luật Các tổ_chức tín_dụng </L> và các quy_định khác của pháp_luật . "
19 .  Điều 37 được sửa_đổi , bổ_sung như sau : 

" Điều 37 .  Huy_động vốn 

1 . Quỹ tín_dụng nhân_dân cơ_sở được nhận tiền gửi của các tổ_chức , cá_nhân và tổ_chức tín_dụng khác theo quy_định của Ngân_hàng Nhà_nước . 

2 . Quỹ tín_dụng nhân_dân cơ_sở được vay vốn của Quỹ tín_dụng nhân_dân Trung_ương , vay vốn của các tổ_chức tín_dụng khác theo quy_định của Ngân_hàng Nhà_nước .  " 

20 .  Điều 38 được sửa_đổi , bổ_sung như sau : 

" Điều 38 .  Hoạt_động tín_dụng 

1 . Quỹ tín_dụng nhân_dân cơ_sở cho vay đối_với thành_viên và các hộ nghèo không phải là thành_viên trong địa_bàn hoạt_động của Quỹ tín_dụng nhân_dân cơ_sở .  Việc cho vay hộ nghèo thực_hiện theo Điều_lệ của Quỹ tín_dụng nhân_dân , nhưng tỷ_lệ dư_nợ cho vay đối_với hộ nghèo so với tổng dư_nợ không được vượt quá tỷ_lệ do Thống_đốc Ngân_hàng Nhà_nước quy_định .  Quỹ tín_dụng nhân_dân cơ_sở được cho vay những khách_hàng có gửi tiền tại Quỹ tín_dụng nhân_dân dưới hình_thức cầm_cố sổ tiền gửi do chính Quỹ tín_dụng nhân_dân cơ_sở đó phát_hành . 

2 . Việc lập hồ_sơ và thủ_tục cho vay , xét_duyệt cho vay , áp_dụng bảo_đảm tiền vay , kiểm_tra việc sử_dụng tiền vay , chấm_dứt cho vay , xử_lý nợ , điều_chỉnh lãi_suất và lưu_giữ hồ_sơ cho vay của Quỹ tín_dụng nhân_dân cơ_sở thực_hiện theo quy_định của Ngân_hàng Nhà_nước . 

3 . Quỹ tín_dụng nhân_dân cơ_sở thực_hiện các hoạt_động tín_dụng khác theo quy_định của Ngân_hàng Nhà_nước .  " 

21 .  Điều 39 được sửa_đổi , bổ_sung như sau : 

" Điều 39 .  Dịch_vụ thanh_toán và ngân quỹ 

1 . Quỹ tín_dụng nhân_dân cơ_sở được mở tài_khoản tiền gửi tại Ngân_hàng Nhà_nước , Quỹ tín_dụng nhân_dân Trung_ương và các tổ_chức tín_dụng khác theo quy_định của Ngân_hàng Nhà_nước . 

2 . Quỹ tín_dụng nhân_dân cơ_sở được thực_hiện các dịch_vụ thanh_toán và ngân quỹ chủ_yếu phục_vụ các thành_viên .  " 

22 .  Điều 40 được sửa_đổi , bổ_sung như sau : 

" Điều 40 .  Các hoạt_động khác 

1 . Quỹ tín_dụng nhân_dân cơ_sở được dùng vốn điều_lệ và quỹ dự_trữ để góp vốn theo quy_định của Ngân_hàng Nhà_nước . 

2 . Quỹ tín_dụng nhân_dân cơ_sở được nhận ủy_thác , làm đại_lý và thực_hiện các nghiệp_vụ khác trong lĩnh_vực hoạt_động tiền_tệ khi được Ngân_hàng Nhà_nước cho phép .  " 

23 .  Điều 41 được sửa_đổi , bổ_sung như sau : 

" Điều 41 .  Huy_động vốn 

1 . Quỹ tín_dụng nhân_dân Trung_ương được nhận tiền gửi của tổ_chức , cá_nhân và tổ_chức tín_dụng khác . 

2 . Quỹ tín_dụng nhân_dân Trung_ương được phát_hành chứng_chỉ tiền gửi , trái_phiếu và giấy_tờ có_giá khác để huy_động vốn theo quy_định của Ngân_hàng Nhà_nước . 

3 . Quỹ tín_dụng nhân_dân Trung_ương được vay vốn trên thị_trường tiền_tệ trong nước , vay vốn của các tổ_chức tín_dụng nước_ngoài và Ngân_hàng Nhà_nước theo quy_định hiện_hành . 

4 . Quỹ tín_dụng nhân_dân Trung_ương được thực_hiện các hình_thức huy_động vốn khác khi được Thống_đốc Ngân_hàng Nhà_nước cho phép .  " 

24 .  Điều 42 được sửa_đổi , bổ_sung như sau : 

" Điều 42 .  Hoạt_động tín_dụng 

1 . Quỹ tín_dụng nhân_dân Trung_ương cho vay vốn nhằm hỗ_trợ , nâng cao hiệu_quả hoạt_động của các Quỹ tín_dụng nhân_dân cơ_sở thành_viên ;  việc cho vay các đối_tượng khác thực_hiện theo quy_định của Điều_lệ Quỹ tín_dụng nhân_dân Trung_ương và không được vượt quá tỷ_lệ tối_đa do Thống_đốc Ngân_hàng Nhà_nước quy_định . 

2 . Quỹ tín_dụng nhân_dân Trung_ương được thực_hiện các nghiệp_vụ chiết_khấu , tái_chiết_khấu thương_phiếu và các giấy_tờ có_giá khác ;  bảo_lãnh ngân_hàng và các hình_thức tín_dụng khác theo quy_định của Ngân_hàng Nhà_nước . 

3 . Việc lập hồ_sơ và thủ_tục cho vay , xét_duyệt cho vay , áp_dụng bảo_đảm tiền vay , kiểm_tra việc sử_dụng tiền vay , chấm_dứt cho vay , xử_lý nợ , điều_chỉnh lãi_suất và lưu_giữ hồ_sơ cho vay của Quỹ tín_dụng nhân_dân Trung_ương thực_hiện theo quy_định của Ngân_hàng Nhà_nước " . 

25 .  Điều 44 được sửa_đổi , bổ_sung như sau : 

" Điều 44 .  Các hoạt_động khác 

1 . Quỹ tín_dụng nhân_dân Trung_ương được dùng vốn điều_lệ và quỹ dự_trữ để góp vốn theo quy_định của Ngân_hàng Nhà_nước . 

2 . Quỹ tín_dụng nhân_dân Trung_ương được tham_gia thị_trường tiền_tệ do Ngân_hàng Nhà_nước tổ_chức , bao_gồm thị_trường đấu_giá tín_phiếu kho_bạc , thị_trường nội_tệ và ngoại_tệ liên ngân_hàng , thị_trường giấy_tờ có_giá khác ;  được kinh_doanh ngoại_hối khi được Ngân_hàng Nhà_nước cho phép ;  được quyền ủy_thác , nhận ủy_thác , làm đại_lý trong các lĩnh_vực liên_quan đến hoạt_động ngân_hàng . 

3 . Quỹ tín_dụng nhân_dân Trung_ương được thực_hiện dịch_vụ tư_vấn và các dịch_vụ khác liên_quan đến hoạt_động ngân_hàng theo quy_định của Ngân_hàng Nhà_nước " . 

26 .  Điều 45 được sửa_đổi như sau : 

" Điều 45 .  Những trường_hợp không được cho vay 

Quỹ tín_dụng nhân_dân cơ_sở không được cho vay các đối_tượng ngoài các đối_tượng quy_định tại khoản 1 Điều 38 và không được thực_hiện các hoạt_động tín_dụng khác khi chưa được Ngân_hàng Nhà_nước cho phép theo quy_định tại khoản 3 Điều 38 của Nghị_định này .  " 

27 .  Điều 47 được sửa_đổi , bổ_sung như sau : 

" Điều 47 .  Giới_hạn cho vay , bảo_lãnh , chiết_khấu 

1 . Tổng_dư_nợ cho vay đối_với một khách_hàng không được vượt quá 15 % vốn tự có của Quỹ tín_dụng nhân_dân , giới_hạn này không áp_dụng đối_với những khoản cho vay từ nguồn vốn ủy_thác của các tổ_chức , cá_nhân khác và các khoản cho vay cầm_cố bằng sổ tiền gửi do chính Quỹ tín_dụng nhân_dân đó phát_hành . 

2 . Trường_hợp nhu_cầu vay vốn của khách_hàng vượt quá quy_định 15 % vốn tự có của Quỹ tín_dụng nhân_dân thì Quỹ tín_dụng nhân_dân được cho vay hợp vốn theo quy_định của Thống_đốc Ngân_hàng Nhà_nước . 

3 . Mức bảo_lãnh , chiết_khấu thương_phiếu và các giấy_tờ có_giá khác của Quỹ tín_dụng nhân_dân đối_với một khách_hàng không được vượt quá tỷ_lệ so với vốn tự có của Quỹ tín_dụng nhân_dân do Thống_đốc Ngân_hàng Nhà_nước quy_định .  " 

28 .  Điều 73 được sửa_đổi , bổ_sung như sau : 

" Điều 73 .  Ban_hành mẫu hướng_dẫn xây_dựng Điều_lệ 

Thống_đốc Ngân_hàng Nhà_nước có trách_nhiệm ban_hành Mẫu hướng_dẫn xây_dựng Điều_lệ Quỹ tín_dụng nhân_dân cơ_sở ' ' . 

Điều 2 . 

1 . Bãi_bỏ các Điều 29 , 30 , 33 , 34 và thay_thế bằng các Điều 29 , 30 như sau : 

" Điều 29 .  Quỹ tín_dụng nhân_dân thành_lập một bộ_máy vừa quản_lý vừa điều_hành 

1 . Hội_đồng quản_trị có các quyền và nhiệm_vụ sau đây : 

a ) Bổ_nhiệm , miễn_nhiệm Phó_Giám_đốc theo đề_nghị của Giám_đốc Quỹ tín_dụng nhân_dân ; 

b ) Bổ_nhiệm , miễn_nhiệm , thuê hoặc chấm_dứt hợp_đồng thuê kế_toán_trưởng ( nếu Quỹ tín_dụng nhân_dân có chức_danh này ) ; 

c ) Quyết_định cơ_cấu tổ_chức các bộ_phận chuyên_môn nghiệp_vụ của Quỹ tín_dụng nhân_dân ; 

d ) Tổ_chức thực_hiện nghị_quyết của Đại_hội thành_viên ; 

đ ) Chuẩn_bị báo_cáo về kế_hoạch hoạt_động kinh_doanh và phân_phối lãi của Quỹ tín_dụng nhân_dân , báo_cáo hoạt_động của Hội_đồng quản_trị trình Đại_hội thành_viên ; 

e ) Chuẩn_bị chương_trình nghị_sự của Đại_hội thành_viên và triệu_tập Đại_hội thành_viên ; 

g ) Xử_lý các khoản cho vay không có khả_năng thu_hồi và những tổn_thất khác theo quy_định của pháp_luật ; 

h ) Đánh_giá kết_quả hoạt_động kinh_doanh của Quỹ tín_dụng nhân_dân ;  duyệt báo_cáo quyết_toán tài_chính để trình Đại_hội thành_viên ; 

i ) Tổ_chức thực_hiện các quyền và nghĩa_vụ của Quỹ tín_dụng nhân_dân theo quy_định tại các Điều 7 và 8 của Nghị_định này ; 

k ) Xét kết_nạp thành_viên mới và giải_quyết việc thành_viên ra Quỹ tín_dụng nhân_dân ( trừ trường_hợp khai_trừ thành_viên ) và báo_cáo để Đại_hội thành_viên thông_qua ; 

l ) Đại_diện chủ sở_hữu tài_sản của Quỹ tín_dụng nhân_dân và doanh_nghiệp trực_thuộc trong trường_hợp Quỹ tín_dụng nhân_dân có doanh_nghiệp ; 

m ) Kiểm_tra đánh_giá công_việc của Giám_đốc và các Phó_Giám_đốc Quỹ tín_dụng nhân_dân theo các quyết_định của Hội_đồng quản_trị ; 

n ) Chịu trách_nhiệm về các quyết_định của mình trước Đại_hội thành_viên và trước pháp_luật ; 

o ) Các quyền và nhiệm_vụ khác do Điều_lệ Quỹ tín_dụng nhân_dân quy_định . 

2 . Giám_đốc Quỹ tín_dụng nhân_dân có các quyền và nhiệm_vụ sau đây : 

a ) Đại_diện Quỹ tín_dụng nhân_dân theo pháp_luật ; 

b ) Thực_hiện kế_hoạch kinh_doanh và điều_hành các công_việc hàng ngày của Quỹ tín_dụng nhân_dân ; 

c ) Tổ_chức thực_hiện các quyết_định của Hội_đồng quản_trị Quỹ tín_dụng nhân_dân ; 

d ) Bổ_nhiệm , miễn_nhiệm , phân_công các chức_danh trong Hội_đồng quản_trị Quỹ tín_dụng nhân_dân , trừ các chức_danh thuộc thẩm_quyền của Đại_hội thành_viên và Hội_đồng quản_trị ; 

đ ) Ký_kết các hợp_đồng nhân_danh Quỹ tín_dụng nhân_dân ; 

e ) Trình báo_cáo quyết_toán tài_chính hàng năm lên Hội_đồng quản_trị ; 

g ) Đề_nghị với Hội_đồng quản_trị về phương_án bố_trí cơ_cấu tổ_chức Quỹ tín_dụng nhân_dân ; 

h ) Tuyển_dụng lao_động , trừ trường_hợp thuộc thẩm_quyền của Hội_đồng quản_trị ; 

l ) Các quyền khác được quy_định tại Điều_lệ Quỹ tín_dụng nhân_dân , Nghị_quyết Đại_hội thành_viên ;

k ) Chịu trách_nhiệm trước Đại_hội thành_viên và Hội_đồng quản_trị về công_việc được giao . 

Khi vắng_mặt , Giám_đốc ủy_quyền cho một Phó_Giám_đốc điều_hành công_việc của Quỹ tín_dụng nhân_dân .  " 

" Điều 30 .  Quỹ tín_dụng nhân_dân thành_lập riêng bộ_máy quản_lý và bộ_máy điều_hành 

a ) Bổ_nhiệm , miễn_nhiệm , thuê hoặc chấm_dứt hợp_đồng thuê Giám_đốc theo nghị_quyết của Đại_hội thành_viên ; 

b ) Bổ_nhiệm , miễn_nhiệm các Phó_Giám_đốc theo đề_nghị của Giám_đốc . 

Ngoài các quyền và nhiệm_vụ trên đây , Hội_đồng quản_trị Quỹ tín_dụng nhân_dân còn có các quyền , nhiệm_vụ quy_định tại các điểm b , c , d , đ , e , g , h , i , k , l , m , n và o khoản 1 Điều 29 của Nghị_định này . 

2 . Chủ_tịch Hội_đồng quản_trị có các quyền và nhiệm_vụ sau đây : 

b ) Lập chương_trình , kế_hoạch hoạt_động của Hội_đồng quản_trị ; 

c ) Triệu_tập và chủ_trì các cuộc họp của Hội_đồng quản_trị ; 

d ) Chịu trách_nhiệm trước Đại_hội thành_viên và Hội_đồng quản_trị về công_việc được giao ; 

đ ) Ký các văn_bản của Đại_hội thành_viên và Hội_đồng quản_trị ; 

e ) Các quyền và nhiệm_vụ khác do Điều_lệ Quỹ tín_dụng nhân_dân quy_định . 

Thống_đốc Ngân_hàng Nhà_nước quy_định_chế_độ làm_việc chuyên_trách hoặc không chuyên_trách của Chủ_tịch Hội_đồng quản_trị Quỹ tín_dụng nhân_dân cơ_sở . 

3 . Giám_đốc Quỹ tín_dụng nhân_dân có các quyền và nhiệm_vụ sau đây : 

a ) Ký_kết các hợp_đồng nhân_danh Quỹ tín_dụng nhân_dân do Hội_đồng quản_trị ủy_quyền ; 

b ) Tuyển_dụng lao_động theo ủy_quyền của Hội_đồng quản_trị Quỹ tín_dụng nhân_dân ; 

c ) Các quyền khác được quy_định tại Điều_lệ Quỹ tín_dụng nhân_dân , Nghị_quyết Đại_hội thành_viên hoặc theo hợp_đồng ký_kết với Hội_đồng quản_trị Quỹ tín_dụng nhân_dân ; 

d ) Chịu trách_nhiệm trước Hội_đồng quản_trị về công_việc được giao . 

Ngoài các quyền và nhiệm_vụ trên đây , Giám_đốc Quỹ tín_dụng nhân_dân còn có các quyền và nhiệm_vụ quy_định tại các điểm b , c , e , g khoản 2 Điều 29 của Nghị_định này . 

Khi vắng_mặt , Giám_đốc ủy_quyền cho một Phó_Giám_đốc điều_hành công_việc của Quỹ tín_dụng nhân_dân . 

Trường_hợp Giám_đốc là thành_viên của Quỹ tín_dụng nhân_dân hoặc thành_viên Hội_đồng quản_trị thì ngoài việc phải thực_hiện đầy_đủ các quyền và nhiệm_vụ của Giám_đốc theo quy_định tại Điều này , phải thực_hiện các quyền và nghĩa_vụ của thành_viên Quỹ tín_dụng nhân_dân hoặc thành_viên Hội_đồng quản_trị . 

Trường_hợp Giám_đốc được thuê thì phải thực_hiện đầy_đủ các quyền và nhiệm_vụ của Giám_đốc theo quy_định tại Điều này và tại hợp_đồng thuê Giám_đốc Quỹ tín_dụng nhân_dân .  Giám_đốc được tham_gia các cuộc họp của Hội_đồng quản_trị và Đại_hội thành_viên nhưng không được quyền biểu_quyết và không được hưởng các quyền khác của thành_viên Quỹ tín_dụng nhân_dân hoặc thành_viên Hội_đồng quản_trị .  " 

2 . Bỏ cụm từ " cơ_quan thuộc Chính_phủ " tại Điều 65 và cụm từ " Thủ_trưởng cơ_quan thuộc Chính_phủ " tại Điều 75 . 

Điều 3 . 

1 . Nghị_định này có hiệu_lực sau 15 ngày , kể từ ngày đăng Công_báo . 

2 . Thống_đốc Ngân_hàng Nhà_nước phối_hợp với các Bộ , ngành liên_quan chịu trách_nhiệm hướng_dẫn việc thực_hiện Nghị_định này ./. 