Nghị định Nghị định quy định chi tiết một số điều và biện pháp thi hành Luật sở hữu trí tuệ năm 2005 và Luật sửa đổi, bổ sung một số điều của Luật sở hữu trí tuệ năm 2009 về quyền tác giả, quyền liên quan

Căn_cứ <L rel="Pursuant"> Luật tổ_chức Chính_phủ ngày 19 tháng 6 năm 2015 </L> ;
Căn_cứ <L rel="Pursuant"> Luật_sở_hữu_trí_tuệ ngày 29 tháng 11 năm 2005 </L> và <L rel="Pursuant"> Luật sửa_đổi , bổ_sung một_số điều của <L rel="Others"> Luật_sở_hữu_trí_tuệ </L> ngày 19 tháng 6 năm 2009 </L> ;
Điều 1 .  Phạm_vi điều_chỉnh 

Nghị_định này quy_định chi_tiết một_số điều và biện_pháp thi_hành <L rel="Reference"> Luật_sở_hữu_trí_tuệ năm 2005 </L> và <L rel="Reference"> Luật sửa_đổi , bổ_sung một_số điều của <L rel="Others"> Luật_sở_hữu_trí_tuệ </L> năm 2009 </L> ( sau đây gọi chung là <L rel="Reference"> Luật_sở_hữu_trí_tuệ </L> ) về quyền tác_giả , quyền liên_quan .
Điều 2 .  Đối_tượng áp_dụng 

1 . Tác_giả , chủ sở_hữu quyền tác_giả , người biểu_diễn , chủ sở_hữu quyền liên_quan theo quy_định của <L rel="Reference"> Luật_sở_hữu_trí_tuệ </L> .
2 . Tổ_chức , cá_nhân khác có hoạt_động liên_quan đến quyền tác_giả , quyền liên_quan . 

3 . Cơ_quan có thẩm_quyền quản_lý nhà_nước về quyền tác_giả , quyền liên_quan . 

Điều 3 .  Giải_thích từ_ngữ 

1 . Tác_phẩm di_cảo là tác_phẩm được công_bố lần đầu sau khi tác_giả chết . 

2 . Tác_phẩm khuyết_danh là tác_phẩm không hoặc chưa có tên tác_giả ( tên khai_sinh hoặc bút_danh ) trên tác_phẩm khi công_bố . 

3 . Định_hình là sự biểu_hiện bằng chữ_viết , các ký_tự khác , đường_nét , hình_khối , bố_cục , màu_sắc , âm_thanh , hình_ảnh hoặc sự tái_hiện âm_thanh , hình_ảnh dưới dạng vật_chất nhất_định để từ đó có_thể nhận_biết , sao_chép hoặc truyền_đạt . 

4 . Bản_gốc tác_phẩm là bản được tồn_tại dưới dạng vật_chất mà trên đó việc sáng_tạo tác_phẩm được định_hình lần đầu_tiên . 

5 . Bản_sao của tác_phẩm là bản_sao_chép trực_tiếp hoặc gián_tiếp một phần hoặc toàn_bộ tác_phẩm bằng bất_kỳ phương_tiện hay hình_thức nào . 

6 . Bản ghi_âm , ghi_hình là bản định_hình các âm_thanh , hình_ảnh của cuộc biểu_diễn hoặc các âm_thanh , hình_ảnh khác hoặc việc định_hình_sự tái_hiện lại các âm_thanh , hình_ảnh không phải dưới hình_thức định_hình gắn với tác_phẩm điện_ảnh hoặc tác_phẩm được tạo ra theo phương_pháp tương_tự . 

7 . Bản_sao của bản ghi_âm , ghi_hình là bản_sao_chép trực_tiếp hoặc gián_tiếp một phần hoặc toàn_bộ bản ghi_âm , ghi_hình bằng bất_kỳ phương_tiện hay hình_thức nào . 

8 . Công_bố cuộc biểu_diễn đã định_hình hoặc bản ghi_âm , ghi_hình là việc phát_hành các bản_sao của cuộc biểu_diễn đã được định_hình hoặc bản ghi_âm , ghi_hình tới công_chúng với sự đồng_ý của chủ sở_hữu quyền liên_quan . 

9 . Tái_phát_sóng là việc truyền_dẫn phát_sóng lại hoặc tiếp sóng chương_trình của một tổ_chức phát_sóng . 

10 .  Tín_hiệu vệ_tinh mang chương_trình đã được mã_hóa là tín_hiệu vệ_tinh mang chương_trình được truyền đi mà một trong hai đặc_tính âm_thanh , hình_ảnh hoặc cả hai đặc_tính này đã được biến_đổi , thay_đổi nhằm mục_đích ngăn_cản những người không có thiết_bị giải_mã tín_hiệu vệ_tinh hợp_pháp thu trái_phép chương_trình truyền trong tín_hiệu đó . 

11 .  Tác_phẩm của tổ_chức , cá_nhân nước_ngoài được công_bố lần đầu_tiên tại Việt_Nam là tác_phẩm chưa được công_bố ở bất_kỳ nước nào trước khi công_bố tại Việt_Nam . 

12 .  Công_bố đồng_thời là việc công_bố tác_phẩm của tổ_chức , cá_nhân nước_ngoài tại Việt_Nam trong thời_hạn 30 ngày , kể từ ngày tác_phẩm đó được công_bố lần đầu_tiên ở bất_kỳ nước nào . 

13 .  Nhuận_bút là khoản tiền do bên sử_dụng tác_phẩm trả cho tác_giả hoặc chủ sở_hữu quyền tác_giả trong trường_hợp chủ sở_hữu quyền tác_giả không đồng_thời là tác_giả . 

14 .  Thù_lao là khoản tiền do bên sử_dụng tác_phẩm trả cho chủ sở_hữu quyền tác_giả ;  bên sử_dụng cuộc biểu_diễn trả cho người biểu_diễn hoặc chủ sở_hữu cuộc biểu_diễn . 

15 .  Quyền_lợi vật_chất là khoản tiền do bên sử_dụng bản ghi_âm , ghi_hình trả cho nhà sản_xuất_bản ghi_âm , ghi_hình , bên sử_dụng chương_trình phát_sóng trả cho tổ_chức phát_sóng . 

16 .  Quyền_lợi vật_chất khác là các lợi_ích mà tác_giả , chủ sở_hữu quyền tác_giả , chủ sở_hữu quyền liên_quan được hưởng ngoài tiền nhuận_bút , thù_lao , quyền_lợi vật_chất như việc nhận giải_thưởng , nhận sách biếu khi xuất_bản , nhận vé mời xem chương_trình biểu_diễn , trình_chiếu tác_phẩm điện_ảnh , trưng_bày , triển_lãm tác_phẩm . 

Điều 4 .  Chính_sách của Nhà_nước về quyền tác_giả , quyền liên_quan 

1 . Hỗ_trợ tài_chính để mua bản_quyền cho các cơ_quan , tổ_chức Nhà_nước có nhiệm_vụ phổ_biến tác_phẩm , cuộc biểu_diễn , bản ghi_âm , ghi_hình , chương_trình phát_sóng có giá_trị tư_tưởng , khoa_học , giáo_dục và nghệ_thuật phục_vụ lợi_ích công_cộng , góp_phần phát_triển kinh_tế-xã_hội . 

2 . Ưu_tiên đầu_tư cho đào_tạo , bồi_dưỡng công_chức , viên_chức làm công_tác quản_lý và thực_thi bảo_hộ quyền tác_giả , quyền liên_quan từ trung_ương đến địa_phương . 

3 . Ưu_tiên đầu_tư , ứng_dụng khoa_học và công_nghệ trong việc bảo_hộ quyền tác_giả , quyền liên_quan . 

4 . Đẩy_mạnh truyền_thông nâng cao nhận_thức , ý_thức chấp_hành pháp_luật về quyền tác_giả , quyền liên_quan .  Tăng_cường giáo_dục kiến_thức về quyền tác_giả , quyền liên_quan trong nhà_trường và các cơ_sở giáo_dục khác phù_hợp với từng cấp học , trình_độ đào_tạo . 

5 . Huy_động các nguồn_lực của xã_hội đầu_tư nâng cao năng_lực hệ_thống bảo_hộ quyền tác_giả , quyền liên_quan , đáp_ứng yêu_cầu phát_triển kinh_tế-xã_hội và hội_nhập quốc_tế . 

Điều 5 .  Trách_nhiệm và nội_dung quản_lý nhà_nước về quyền tác_giả , quyền liên_quan 

1 . Chính_phủ thống_nhất quản_lý nhà_nước về quyền tác_giả , quyền liên_quan . 

2 . Bộ Văn_hóa , Thể_thao và Du_lịch chịu trách_nhiệm trước Chính_phủ thực_hiện quản_lý nhà_nước về quyền tác_giả , quyền liên_quan , có nhiệm_vụ và quyền_hạn sau : 

a ) Xây_dựng , ban_hành , chỉ_đạo và tổ_chức thực_hiện pháp_luật , cơ_chế , chính_sách bảo_hộ quyền tác_giả , quyền liên_quan . 

b ) Thực_hiện các biện_pháp bảo_vệ quyền và lợi_ích hợp_pháp của Nhà_nước , tổ_chức , cá_nhân trong lĩnh_vực bảo_hộ quyền tác_giả , quyền liên_quan . 

c ) Quản_lý , khai_thác quyền tác_giả đối_với tác_phẩm , quyền liên_quan đối_với cuộc biểu_diễn , bản ghi_âm , ghi_hình , chương_trình phát_sóng thuộc về sở_hữu nhà_nước ;  nhận chuyển_giao quyền tác_giả của các tổ_chức , cá_nhân cho nhà_nước theo quy_định của pháp_luật . 

d ) Hướng_dẫn việc cung_cấp , hợp_tác , đặt_hàng , sử_dụng và đảm_bảo quyền tác_giả đối_với tác_phẩm , quyền liên_quan đối_với cuộc biểu_diễn , bản ghi_âm , ghi_hình , chương_trình phát_sóng . 

đ ) Tổ_chức việc đào_tạo , bồi_dưỡng cán_bộ về quyền tác_giả , quyền liên_quan . 

e ) Quản_lý hoạt_động của các tổ_chức đại_diện tập_thể quyền tác_giả , quyền liên_quan , tổ_chức tư_vấn , dịch_vụ quyền tác_giả , quyền liên_quan . 

g ) Cấp , cấp lại , đổi , hủy bỏ hiệu_lực Giấy chứng_nhận đăng_ký quyền tác_giả , Giấy chứng_nhận đăng_ký quyền liên_quan . 

h ) Lập và quản_lý Sổ đăng_ký quốc_gia về quyền tác_giả , quyền liên_quan . 

i ) Xuất_bản và phát_hành Công_báo về quyền tác_giả , quyền liên_quan . 

k ) Tổ_chức , chỉ_đạo hoạt_động giáo_dục , tuyên_truyền , phổ_biến kiến_thức , pháp_luật , cơ_chế , chính_sách và hoạt_động thông_tin , thống_kê về quyền tác_giả , quyền liên_quan . 

l ) Quản_lý hoạt_động giám_định về quyền tác_giả , quyền liên_quan . 

m ) Thanh_tra , kiểm_tra , xử_lý vi_phạm pháp_luật về quyền tác_giả , quyền liên_quan ;  giải_quyết khiếu_nại , tố_cáo về quyền tác_giả , quyền liên_quan . 

n ) Thực_hiện hợp_tác quốc_tế về quyền tác_giả , quyền liên_quan . 

3 . Các bộ , cơ_quan ngang bộ , cơ_quan thuộc Chính_phủ trong phạm_vi nhiệm_vụ , quyền_hạn của mình có trách_nhiệm phối_hợp với Bộ Văn_hóa Thể_thao và Du_lịch trong việc quản_lý nhà_nước về quyền tác_giả quyền liên_quan . 

4 . Ủy_ban nhân_dân tỉnh , thành_phố trực_thuộc trung_ương ( sau đây gọi tắt là Ủy_ban nhân_dân cấp tỉnh ) thực_hiện quản_lý nhà_nước về quyền tác_giả , quyền liên_quan tại địa_phương , có nhiệm_vụ và quyền_hạn sau : 

a ) Tổ_chức các hoạt_động bảo_hộ quyền tác_giả , quyền liên_quan tại địa_phương ;  thực_hiện các biện_pháp bảo_vệ quyền , lợi_ích hợp_pháp của nhà_nước , tổ_chức , cá_nhân về quyền tác_giả , quyền liên_quan . 

b ) Thanh_tra , kiểm_tra , xử_lý theo thẩm_quyền các khiếu_nại , tố_cáo , vi_phạm các quy_định pháp_luật về quyền tác_giả , quyền liên_quan tại địa_phương . 

c ) Thực_hiện các nhiệm_vụ khác theo quy_định của pháp_luật . 

Chương_II 

QUYỀN TÁC_GIẢ 

Điều 6 .  Tác_giả , đồng tác_giả 

1 . Tác_giả là người trực_tiếp sáng_tạo ra một phần hoặc toàn_bộ tác_phẩm văn_học , nghệ_thuật và khoa_học . 

2 . Đồng tác_giả là những tác_giả cùng trực_tiếp sáng_tạo ra một phần hoặc toàn_bộ tác_phẩm văn_học , nghệ_thuật và khoa_học . 

3 . Người hỗ_trợ , góp ý_kiến hoặc cung_cấp tư_liệu cho người khác sáng_tạo ra tác_phẩm không được công_nhận là tác_giả hoặc đồng tác_giả . 

Điều 7 .  Tác_phẩm thể_hiện dưới dạng ký_tự khác 

Tác_phẩm thể_hiện dưới dạng ký_tự khác quy_định tại điểm a khoản 1 Điều 14 của <L rel="Reference"> Luật_sở_hữu_trí_tuệ </L> là tác_phẩm thể_hiện bằng chữ_nổi cho người khiếm_thị , ký_hiệu tốc_ký và các ký_hiệu tương_tự thay cho chữ_viết mà các đối_tượng tiếp_cận có_thể sao_chép được bằng nhiều hình_thức khác nhau .
Điều 8 .  Quyền tác_giả đối_với bài giảng , bài phát_biểu và bài nói khác 

1 . Bài giảng , bài phát_biểu và bài nói khác quy_định tại điểm b khoản 1 Điều 14 của <L rel="Reference"> Luật_sở_hữu_trí_tuệ </L> là tác_phẩm thể_hiện_bằng ngôn_ngữ nói và phải được định_hình dưới một hình_thức vật_chất nhất_định .
2 . Trong trường_hợp tác_giả tự thực_hiện việc định_hình bài giảng , bài phát_biểu , bài nói khác dưới hình_thức bản ghi_âm , ghi_hình , thì tác_giả được hưởng quyền tác_giả đối_với bài giảng , bài phát_biểu , bài nói khác , đồng_thời là chủ sở_hữu quyền đối_với bản ghi_âm , ghi_hình theo quy_định tại khoản 2 Điều 44 của <L rel="Reference"> Luật_sở_hữu_trí_tuệ </L> .
Điều 9 .  Tác_phẩm báo_chí 

Tác_phẩm báo_chí quy_định tại điểm c khoản 1 Điều 14 của <L rel="Reference"> Luật_sở_hữu_trí_tuệ </L> là tác_phẩm có nội_dung độc_lập và cấu_tạo hoàn_chỉnh , bao_gồm các thể_loại : Phóng_sự , ghi nhanh , tường_thuật , phỏng_vấn , phản_ánh , điều_tra , bình_luận , xã_luận , chuyên_luận , ký báo_chí và các thể_loại báo_chí khác nhằm đăng , phát trên báo in , báo_nói , báo_hình , báo điện_tử hoặc các phương_tiện khác .
Điều 10 .  Tác_phẩm âm_nhạc 

Tác_phẩm âm_nhạc quy_định tại điểm d khoản 1 Điều 14 của <L rel="Reference"> Luật_sở_hữu_trí_tuệ </L> là tác_phẩm được thể_hiện dưới dạng nhạc nốt trong bản_nhạc hoặc các ký_tự âm_nhạc khác hoặc được định_hình trên bản ghi_âm , ghi_hình có hoặc không có lời , không phụ_thuộc vào việc trình_diễn hay không trình_diễn .
Điều 11 .  Quyền tác_giả đối_với tác_phẩm sân_khấu 

1 . Tác_phẩm sân_khấu quy_định tại điểm đ khoản 1 Điều 14 của <L rel="Reference"> Luật_sở_hữu_trí_tuệ </L> là tác_phẩm thuộc loại_hình nghệ_thuật biểu_diễn , bao_gồm : Chèo , tuồng , cải_lương , múa_rối , kịch_nói , kịch dân_ca , kịch hình_thể , nhạc_kịch , xiếc , tấu hài , tạp_kỹ và các loại_hình nghệ_thuật biểu_diễn khác .
2 . Tác_phẩm sân_khấu được sáng_tạo bởi các tác_giả quy_định tại khoản 1 Điều 21 của <L rel="Reference"> Luật_sở_hữu_trí_tuệ </L> .
3 . Tác_giả được hưởng các quyền nhân_thân quy_định tại Điều 19 và các quyền tài_sản quy_định tại Điều 20 của <L rel="Reference"> Luật_sở_hữu_trí_tuệ </L> .
4 . Tác_giả không đồng_thời là chủ sở_hữu quyền tác_giả được hưởng các quyền nhân_thân quy_định tại các khoản 1 , 2 và khoản 4 Điều 19 của <L rel="Reference"> Luật_sở_hữu_trí_tuệ </L> ; chủ sở_hữu quyền tác_giả được hưởng các quyền quy_định tại khoản 3 Điều 19 và Điều 20 của <L rel="Reference"> Luật_sở_hữu_trí_tuệ </L> .
5 . Tác_giả và tổ_chức , cá_nhân đầu_tư tài_chính và cơ_sở vật_chất-kỹ_thuật để sáng_tạo tác_phẩm có_thể thỏa_thuận về việc sửa_chữa tác_phẩm . 

Điều 12 .  Quyền tác_giả đối_với tác_phẩm điện_ảnh 

1 . Tác_phẩm điện_ảnh và tác_phẩm được tạo ra theo phương_pháp tương_tự quy_định tại điểm e khoản 1 Điều 14 của <L rel="Reference"> Luật_sở_hữu_trí_tuệ </L> là tác_phẩm được thể_hiện bằng hình_ảnh động kết_hợp hoặc không kết_hợp với âm_thanh và các phương_tiện khác theo nguyên_tắc của ngôn_ngữ điện_ảnh . Hình_ảnh tĩnh được lấy ra từ một tác_phẩm điện_ảnh là một phần của tác_phẩm điện_ảnh đó .
2 . Tác_phẩm điện_ảnh được sáng_tạo bởi các tác_giả quy_định tại khoản 1 Điều 21 của <L rel="Reference"> Luật_sở_hữu_trí_tuệ </L> .
3 . Tác_giả được hưởng các quyền nhân_thân quy_định tại Điều 19 của <L rel="Reference"> Luật_sở_hữu_trí_tuệ </L> và các quyền tài_sản quy_định tại Điều 20 của <L rel="Reference"> Luật_sở_hữu_trí_tuệ </L> .
Điều 13 .  Tác_phẩm tạo_hình , mỹ_thuật ứng_dụng 

1 . Tác_phẩm tạo_hình quy_định tại điểm g khoản 1 Điều 14 của <L rel="Reference"> Luật_sở_hữu_trí_tuệ </L> là tác_phẩm được thể_hiện bởi đường_nét , màu_sắc , hình_khối , bố_cục như : Hội_họa , đồ_họa , điêu_khắc , nghệ_thuật sắp_đặt và các hình_thức thể_hiện tương_tự , tồn_tại dưới dạng độc bản . Riêng đối_với loại_hình đồ_họa , có_thể được thể_hiện tới phiên_bản thứ 50 , được đánh_số thứ_tự có chữ_ký của tác_giả .
2 . Tác_phẩm mỹ_thuật ứng_dụng quy_định tại điểm g khoản 1 Điều 14 của <L rel="Reference"> Luật_sở_hữu_trí_tuệ </L> là tác_phẩm được thể_hiện bởi đường_nét , màu_sắc , hình_khối , bố_cục với tính_năng hữu_ích , có_thể gắn liền với một đồ_vật hữu_ích , được sản_xuất thủ_công hoặc công_nghiệp như : Thiết_kế đồ_họa ( hình_thức thể_hiện của biểu_trưng , hệ_thống nhận_diện và bao_bì sản_phẩm ) , thiết_kế thời_trang , tạo dáng sản_phẩm , thiết_kế nội_thất , trang_trí .
Điều 14 .  Tác_phẩm nhiếp_ảnh 

Tác_phẩm nhiếp_ảnh quy_định tại điểm h khoản 1 Điều 14 của <L rel="Reference"> Luật_sở_hữu_trí_tuệ </L> là tác_phẩm thể hiện_hình_ảnh thế_giới khách_quan trên vật_liệu bắt sáng hoặc trên phương_tiện mà hình_ảnh được tạo ra , hay có_thể được tạo ra bằng các phương_pháp hóa_học , điện_tử hoặc phương_pháp kỹ_thuật khác . Tác_phẩm nhiếp_ảnh có_thể có chú_thích hoặc không có chú_thích .
Điều 15 .  Quyền tác_giả đối_với tác_phẩm kiến_trúc 

1 . Tác_phẩm kiến_trúc quy_định tại điểm i khoản 1 Điều 14 của <L rel="Reference"> Luật_sở_hữu_trí_tuệ </L> là tác_phẩm thuộc loại_hình kiến_trúc , bao_gồm :
a ) Bản_vẽ thiết_kế kiến_trúc về công_trình hoặc tổ_hợp các công_trình , nội_thất , phong_cảnh . 

b ) Công_trình kiến_trúc . 

2 . Tác_giả được hưởng các quyền nhân_thân quy_định tại Điều 19 của <L rel="Reference"> Luật_sở_hữu_trí_tuệ </L> và các quyền tài_sản quy_định tại Điều 20 của <L rel="Reference"> Luật_sở_hữu_trí_tuệ </L> .
3 . Tác_giả không đồng_thời là chủ sở_hữu quyền tác_giả được hưởng các quyền nhân_thân quy_định tại các khoản 1 , 2 và khoản 4 Điều 19 của <L rel="Reference"> Luật_sở_hữu_trí_tuệ </L> ; chủ sở_hữu quyền tác_giả được hưởng các quyền quy_định tại khoản 3 Điều 19 và Điều 20 của <L rel="Reference"> Luật_sở_hữu_trí_tuệ </L> .
4 . Tác_giả và tổ_chức , cá_nhân đầu_tư tài_chính và cơ_sở vật_chất-kỹ_thuật để sáng_tạo tác_phẩm có_thể thỏa_thuận về việc sửa_chữa tác_phẩm . 

Điều 16 .  Bản_họa_đồ , sơ_đồ , bản_đồ , bản_vẽ 

Bản_họa_đồ , sơ_đồ , bản_đồ , bản_vẽ quy_định tại điểm k khoản 1 Điều 14 của <L rel="Reference"> Luật_sở_hữu_trí_tuệ </L> bao_gồm họa_đồ , sơ_đồ , bản_đồ , bản_vẽ liên_quan đến địa_hình , các loại công_trình khoa_học và kiến_trúc .
Điều 17 .  Quyền tác_giả đối_với chương_trình máy_tính 

1 . Tác_giả được hưởng các quyền nhân_thân quy_định tại Điều 19 của <L rel="Reference"> Luật_sở_hữu_trí_tuệ </L> và các quyền tài_sản quy_định tại Điều 20 của <L rel="Reference"> Luật_sở_hữu_trí_tuệ </L> .
2 . Tác_giả không đồng_thời là chủ sở_hữu quyền tác_giả được hưởng các quyền nhân_thân quy_định tại các khoản 1 , 2 và khoản 4 Điều 19 của <L rel="Reference"> Luật_sở_hữu_trí_tuệ </L> ; chủ sở_hữu quyền tác_giả được hưởng các quyền quy_định tại khoản 3 Điều 19 và Điều 20 của <L rel="Reference"> Luật_sở_hữu_trí_tuệ </L> .
3 . Tác_giả và tổ_chức , cá_nhân đầu_tư tài_chính và cơ_sở vật_chất-kỹ_thuật để sáng_tạo chương_trình máy_tính có_thể thỏa_thuận về việc sửa_chữa , nâng_cấp chương_trình máy_tính . 

4 . Tổ_chức , cá_nhân có quyền sử_dụng hợp_pháp bản_sao chương_trình máy_tính có_thể làm một bản_sao dự_phòng , để thay_thế khi bản_sao đó bị mất , bị hư_hỏng hoặc không_thể sử_dụng được . 

Điều 18 .  Tác_phẩm văn_học , nghệ_thuật dân_gian 

1 . Tác_phẩm văn_học , nghệ_thuật dân_gian quy_định tại điểm a khoản 1 Điều 23 của <L rel="Reference"> Luật_sở_hữu_trí_tuệ </L> là các loại_hình nghệ_thuật ngôn_từ .
2 . Tác_phẩm văn_học , nghệ_thuật dân_gian quy_định tại các điểm b và c khoản 1 Điều 23 của <L rel="Reference"> Luật_sở_hữu_trí_tuệ </L> là các loại_hình nghệ_thuật biểu_diễn như chèo , tuồng , cải_lương , múa_rối , điệu hát , làn_điệu âm_nhạc ; điệu múa , vở diễn , trò_chơi dân_gian , hội làng , các hình_thức nghi_lễ dân_gian .
3 . Tác_phẩm văn_học , nghệ_thuật dân_gian quy_định tại các điểm a , b và c khoản 1 Điều 23 của <L rel="Reference"> Luật_sở_hữu_trí_tuệ </L> được bảo_hộ không phụ_thuộc vào việc định_hình .
4 . Sử_dụng tác_phẩm văn_học , nghệ_thuật dân_gian quy_định tại khoản 2 Điều 23 của <L rel="Reference"> Luật_sở_hữu_trí_tuệ </L> là việc sưu_tầm , nghiên_cứu , biểu_diễn , giới_thiệu giá_trị đích_thực của tác_phẩm văn_học , nghệ_thuật dân_gian .
5 . Dẫn chiếu xuất_xứ loại_hình tác_phẩm văn_học , nghệ_thuật dân_gian quy_định tại khoản 2 Điều 23 của <L rel="Reference"> Luật_sở_hữu_trí_tuệ </L> là việc chỉ ra nguồn_gốc , địa_danh của cộng_đồng cư_dân nơi tác_phẩm văn_học , nghệ_thuật dân_gian được hình_thành .
Điều 19 .  Đối_tượng không thuộc phạm_vi bảo_hộ quyền tác_giả 

1 . Tin_tức_thời_sự thuần_túy đưa tin quy_định tại khoản 1 Điều 15 của <L rel="Reference"> Luật_sở_hữu_trí_tuệ </L> là các thông_tin báo_chí ngắn hàng ngày , chỉ mang tính_chất đưa tin không có tính sáng_tạo .
2 . Văn_bản hành_chính quy_định tại khoản 2 Điều 15 của <L rel="Reference"> Luật_sở_hữu_trí_tuệ </L> bao_gồm văn_bản của cơ_quan nhà_nước , tổ_chức chính_trị , tổ_chức chính_trị-xã_hội , tổ_chức chính_trị xã_hội-nghề_nghiệp , tổ_chức xã_hội , tổ_chức xã_hội-nghề_nghiệp và đơn_vị lực_lượng vũ_trang nhân_dân .
Điều 20 .  Quyền nhân_thân 

1 . Quyền đặt tên cho tác_phẩm quy_định tại khoản 1 Điều 19 của <L rel="Reference"> Luật_sở_hữu_trí_tuệ </L> . Quyền này không áp_dụng đối_với tác_phẩm dịch từ ngôn_ngữ này sang ngôn_ngữ khác .
2 . Quyền công_bố tác_phẩm hoặc cho phép người khác công_bố tác_phẩm quy_định tại khoản 3 Điều 19 của <L rel="Reference"> Luật_sở_hữu_trí_tuệ </L> là việc phát_hành tác_phẩm đến công_chúng với số_lượng bản_sao hợp_lý để đáp_ứng nhu_cầu của công_chúng tùy theo bản_chất của tác_phẩm , do tác_giả hoặc chủ sở_hữu quyền tác_giả thực_hiện hoặc do cá_nhân , tổ_chức khác thực_hiện với sự đồng_ý của tác_giả hoặc chủ sở_hữu quyền tác_giả . Công_bố tác_phẩm không bao_gồm việc trình_diễn một tác_phẩm sân_khấu , điện_ảnh , âm_nhạc ; đọc trước công_chúng một tác_phẩm văn_học ; phát_sóng tác_phẩm văn_học , nghệ_thuật ; trưng_bày tác_phẩm tạo_hình ; xây_dựng công_trình từ tác_phẩm kiến_trúc .
3 . Quyền bảo_vệ sự toàn_vẹn của tác_phẩm , không cho người khác sửa_chữa , cắt_xén tác_phẩm quy_định tại khoản 4 Điều 19 của <L rel="Reference"> Luật_sở_hữu_trí_tuệ </L> là việc không cho người khác sửa_chữa , cắt_xén tác_phẩm hoặc sửa_chữa , nâng_cấp chương_trình máy_tính trừ trường_hợp có thỏa_thuận của tác_giả .
Điều 21 .  Quyền tài_sản 

1 . Quyền biểu_diễn tác_phẩm trước công_chúng quy_định tại điểm b khoản 1 Điều 20 của <L rel="Reference"> Luật_sở_hữu_trí_tuệ </L> là quyền của chủ sở_hữu quyền tác_giả độc_quyền thực_hiện hoặc cho phép người khác thực_hiện biểu_diễn tác_phẩm một_cách trực_tiếp hoặc thông_qua các bản ghi_âm , ghi_hình hoặc bất_kỳ phương_tiện kỹ_thuật nào mà công_chúng có_thể tiếp_cận được . Biểu_diễn tác_phẩm trước công_chúng bao_gồm việc biểu_diễn tác_phẩm tại bất_cứ nơi nào mà công_chúng có_thể tiếp_cận được .
2 . Quyền sao_chép tác_phẩm quy_định tại điểm c khoản 1 Điều 20 của <L rel="Reference"> Luật_sở_hữu_trí_tuệ </L> là quyền của chủ sở_hữu quyền tác_giả độc_quyền thực_hiện hoặc cho phép người khác thực_hiện việc tạo ra bản_sao tác_phẩm bằng bất_kỳ phương_tiện hay hình_thức nào , bao_gồm cả việc tạo ra bản_sao dưới hình_thức điện_tử .
3 . Quyền phân_phối bản_gốc hoặc bản_sao tác_phẩm quy_định tại điểm d khoản 1 Điều 20 của <L rel="Reference"> Luật_sở_hữu_trí_tuệ </L> là quyền của chủ sở_hữu quyền tác_giả độc_quyền thực_hiện hoặc cho phép người khác thực_hiện bằng bất_kỳ hình_thức , phương_tiện kỹ_thuật nào mà công_chúng có_thể tiếp_cận được để bán , cho thuê hoặc các hình_thức chuyển_nhượng khác bản_gốc hoặc bản_sao tác_phẩm .
4 . Quyền truyền_đạt tác_phẩm đến công_chúng bằng phương_tiện hữu_tuyến , vô_tuyến , mạng thông_tin điện_tử hoặc bất_kỳ phương_tiện kỹ_thuật nào khác quy_định tại điểm đ khoản 1 Điều 20 của <L rel="Reference"> Luật_sở_hữu_trí_tuệ </L> là quyền của chủ sở_hữu quyền tác_giả độc_quyền thực_hiện hoặc cho phép người khác thực_hiện việc đưa tác_phẩm hoặc bản_sao tác_phẩm đến công_chúng mà công_chúng có_thể tiếp_cận được tại địa_điểm và thời_gian do chính họ lựa_chọn .
5 . Quyền cho thuê bản_gốc hoặc bản_sao tác_phẩm điện_ảnh , chương_trình máy_tính quy_định tại điểm e khoản 1 Điều 20 của <L rel="Reference"> Luật_sở_hữu_trí_tuệ </L> là quyền của chủ sở_hữu quyền tác_giả độc_quyền thực_hiện hoặc cho phép người khác thực_hiện việc cho thuê để khai_thác , sử_dụng có thời_hạn .
6 . Quyền cho thuê đối_với chương_trình máy_tính không áp_dụng trong trường_hợp bản_thân chương_trình đó không phải là đối_tượng chủ_yếu để cho thuê như chương_trình máy_tính gắn với việc vận_hành bình_thường các loại phương_tiện giao_thông hoặc các máy_móc , thiết_bị kỹ_thuật khác . 

Điều 22 .  Sao_chép tác_phẩm 

1 . Tự sao_chép một bản quy_định tại điểm a khoản 1 Điều 25 của <L rel="Reference"> Luật_sở_hữu_trí_tuệ </L> áp_dụng đối_với các trường_hợp nghiên_cứu khoa_học , giảng_dạy của cá_nhân không nhằm mục_đích thương_mại .
2 . Sao_chép tác_phẩm để lưu_trữ trong thư_viện với mục_đích nghiên_cứu quy_định tại điểm đ khoản 1 Điều 25 của <L rel="Reference"> Luật_sở_hữu_trí_tuệ </L> là việc sao_chép không quá một bản . Thư_viện không được sao_chép và phân_phối bản_sao tác_phẩm tới công_chúng , kể_cả bản_sao kỹ_thuật_số .
Điều 23 .  Trích_dẫn hợp_lý tác_phẩm 

1 . Phần trích_dẫn chỉ nhằm mục_đích giới_thiệu , bình_luận hoặc làm sáng_tỏ vấn_đề được đề_cập trong tác_phẩm của mình . 

2 . Phần trích_dẫn từ tác_phẩm được sử_dụng để trích_dẫn không gây phương_hại đến quyền tác_giả đối_với tác_phẩm được sử_dụng để trích_dẫn ;  phù_hợp với tính_chất , đặc_điểm của loại_hình tác_phẩm được sử_dụng để trích_dẫn . 

Điều 24 .  Thời_hạn bảo_hộ quyền tác_giả đối_với tác_phẩm di_cảo 

Thời_hạn bảo_hộ quyền nhân_thân quy_định tại khoản 3 Điều 19 và quyền tài_sản quy_định tại Điều 20 của <L rel="Reference"> Luật_sở_hữu_trí_tuệ </L> đối_với tác_phẩm di_cảo là năm mươi năm , kể từ khi tác_phẩm được công_bố lần đầu_tiên .
Điều 25 .  Chủ_sở_hữu quyền tác_giả 

1 . Tổ_chức , cá_nhân Việt_Nam . 

2 . Tổ_chức , cá_nhân nước_ngoài có tác_phẩm được sáng_tạo và thể_hiện dưới hình_thức vật_chất nhất_định tại Việt_Nam . 

3 . Tổ_chức , cá_nhân nước_ngoài có tác_phẩm được công_bố lần đầu_tiên tại Việt_Nam . 

4 . Tổ_chức , cá_nhân nước_ngoài có tác_phẩm được bảo_hộ tại Việt_Nam theo Điều_ước quốc_tế mà nước Cộng_hòa xã_hội chủ_nghĩa Việt_Nam là thành_viên . 

Điều 26 .  Chuyển_nhượng quyền đối_với tác_phẩm khuyết_danh 

1 . Tổ_chức , cá_nhân đang quản_lý tác_phẩm khuyết_danh được chuyển_nhượng quyền đối_với tác_phẩm khuyết_danh cho tổ_chức , cá_nhân khác và được hưởng thù_lao từ việc chuyển_nhượng quyền đó . 

2 . Tổ_chức , cá_nhân nhận chuyển_nhượng quyền theo quy_định tại khoản 1 Điều này được hưởng quyền của chủ sở_hữu đến khi danh_tính của tác_giả được xác_định . 

Điều 27 .  Sử_dụng tác_phẩm thuộc về Nhà_nước 

1 . Tổ_chức sử_dụng ngân_sách nhà_nước đặt_hàng , giao nhiệm_vụ hoặc giao_kết_hợp_đồng với tác_giả sáng_tạo tác_phẩm là đại_diện Nhà_nước-chủ sở_hữu quyền tác_giả đối_với tác_phẩm đó . 

2 . Tổ_chức , cá_nhân sử_dụng tác_phẩm thuộc sở_hữu nhà_nước quy_định tại khoản 1 Điều này phải được phép của chủ sở_hữu quyền tác_giả và tôn_trọng quyền nhân_thân theo quy_định tại các khoản 1 , 2 và 4 Điều 19 của <L rel="Reference"> Luật_sở_hữu_trí_tuệ </L> .
3 . Tổ_chức , cá_nhân sử_dụng tác_phẩm thuộc sở_hữu nhà_nước quy_định tại điểm b và điểm c khoản 1 Điều 42 của <L rel="Reference"> Luật_sở_hữu_trí_tuệ </L> phải tôn_trọng quyền nhân_thân theo quy_định tại các khoản 1 , 2 và 4 Điều 19 của <L rel="Reference"> Luật_sở_hữu_trí_tuệ </L> .
4 . Các cơ_quan nhà_nước , tổ_chức , cá_nhân khi phát_hiện các hành_vi xâm_phạm quyền tác_giả quy_định tại khoản 2 và khoản 3 Điều này có quyền yêu_cầu cơ_quan nhà_nước có thẩm_quyền xử_lý theo quy_định của pháp_luật . 

Điều 28 .  Sử_dụng tác_phẩm thuộc về công_chúng 

1 . Tổ_chức , cá_nhân sử_dụng tác_phẩm thuộc về công_chúng quy_định tại Điều 43 của <L rel="Reference"> Luật_sở_hữu_trí_tuệ </L> phải tôn_trọng quyền nhân_thân quy_định tại các khoản 1 , 2 và 4 Điều 19 của <L rel="Reference"> Luật_sở_hữu_trí_tuệ </L> .
2 . Các cơ_quan nhà_nước , tổ_chức , cá_nhân có quyền và nghĩa_vụ liên_quan khi phát_hiện các hành_vi xâm_phạm quyền nhân_thân theo quy_định tại các khoản 1 , 2 và 4 Điều 19 của <L rel="Reference"> Luật_sở_hữu_trí_tuệ </L> đối_với các tác_phẩm đã kết_thúc thời_hạn bảo_hộ thì có quyền yêu_cầu người có hành_vi xâm_phạm chấm_dứt hành_vi xâm_phạm , xin_lỗi , cải_chính công_khai ; có quyền khiếu_nại , tố_cáo , yêu_cầu cơ_quan nhà_nước có thẩm_quyền xử_lý theo quy_định của pháp_luật .
3 . Các tổ_chức chính_trị , tổ_chức chính_trị-xã_hội , tổ_chức chính_trị xã_hội-nghề_nghiệp , tổ_chức xã_hội , tổ_chức xã_hội-nghề_nghiệp , các tổ_chức đại_diện tập_thể quyền tác_giả , quyền liên_quan có quyền yêu_cầu cơ_quan nhà_nước có thẩm_quyền bảo_vệ các quyền nhân_thân đối_với những tác_phẩm của Hội_viên đã kết_thúc thời_hạn bảo_hộ . 

I 

QUYỀN LIÊN_QUAN 

Điều 29 .  Quyền của người biểu_diễn 

1 . Quyền sao_chép trực_tiếp cuộc biểu_diễn đã được định_hình trên bản ghi_âm , ghi_hình theo quy_định tại điểm b khoản 3 Điều 29 của <L rel="Reference"> Luật_sở_hữu_trí_tuệ </L> là quyền của chủ sở_hữu cuộc biểu_diễn độc_quyền thực_hiện hoặc cho phép người khác thực_hiện việc tạo ra các bản_sao khác từ bản ghi_âm , ghi_hình đó .
2 . Quyền sao_chép gián_tiếp cuộc biểu_diễn đã được định_hình trên bản ghi_âm , ghi_hình theo quy_định tại điểm b khoản 3 Điều 29 của <L rel="Reference"> Luật_sở_hữu_trí_tuệ </L> là quyền của chủ sở_hữu cuộc biểu_diễn độc_quyền thực_hiện hoặc cho phép người khác thực_hiện việc tạo ra các bản_sao khác không từ bản ghi_âm , ghi_hình đó như việc sao_chép từ chương_trình phát_sóng , mạng thông_tin điện_tử , viễn_thông và các hình_thức tương_tự khác .
3 . Quyền_truyền theo cách khác đến công_chúng cuộc biểu_diễn chưa được định_hình theo quy_định tại điểm c khoản 3 Điều 29 của <L rel="Reference"> Luật_sở_hữu_trí_tuệ </L> là quyền của chủ sở_hữu cuộc biểu_diễn độc_quyền thực_hiện hoặc cho phép người khác thực_hiện việc phổ_biến cuộc biểu_diễn chưa được định_hình đến công_chúng bằng bất_kỳ phương_tiện kỹ_thuật nào ngoài phát_sóng .
Điều 30 .  Trích_dẫn hợp_lý cuộc biểu_diễn , bản ghi_âm , ghi_hình , chương_trình phát_sóng 

1 . Trích_dẫn hợp_lý nhằm mục_đích cung_cấp thông_tin theo quy_định tại điểm c khoản 1 Điều 32 của <L rel="Reference"> Luật_sở_hữu_trí_tuệ </L> là việc sử_dụng các trích_đoạn nhằm mục_đích thuần_túy đưa tin .
2 . Việc trích_dẫn hợp_lý quy_định tại khoản 1 Điều này phải đáp_ứng đủ các điều_kiện sau : 

a ) Phần trích_dẫn chỉ nhằm mục_đích giới_thiệu , bình_luận hoặc làm sáng_tỏ vấn_đề trong việc cung_cấp thông_tin . 

b ) Phần trích_dẫn từ cuộc biểu_diễn , bản ghi_âm , ghi_hình , chương_trình phát_sóng không gây phương_hại đến quyền của người biểu_diễn , quyền của nhà sản_xuất_bản ghi_âm , ghi_hình , quyền của tổ_chức phát_sóng đối_với cuộc biểu_diễn , bản ghi_âm , ghi_hình , chương_trình phát_sóng được sử_dụng để trích_dẫn ;  phù_hợp với tính_chất , đặc_điểm của cuộc biểu_diễn , bản ghi_âm , ghi_hình , chương_trình phát_sóng được sử_dụng để trích_dẫn . 

Điều 31 .  Bản_sao tạm_thời 

Bản_sao tạm_thời quy_định tại điểm d khoản 1 Điều 32 của <L rel="Reference"> Luật_sở_hữu_trí_tuệ </L> là bản định_hình có thời_hạn , do tổ_chức phát_sóng thực_hiện bằng các phương_tiện thiết_bị của mình , nhằm phục_vụ cho buổi phát_sóng ngay sau đó của chính tổ_chức phát_sóng . Trong trường_hợp đặc_biệt thì bản_sao đó được lưu_trữ tại trung_tâm lưu_trữ chính_thức .
Điều 32 .  Sử_dụng bản ghi_âm , ghi_hình 

1 . Sử_dụng trực_tiếp bản ghi_âm , ghi_hình đã được công_bố nhằm mục_đích thương_mại để thực_hiện chương_trình phát_sóng có tài_trợ , quảng_cáo hoặc thu tiền dưới bất_kỳ hình_thức nào theo quy_định tại khoản 1 Điều 33 của <L rel="Reference"> Luật_sở_hữu_trí_tuệ </L> là việc tổ_chức phát_sóng dùng chính bản ghi_âm , ghi_hình đó để phát_sóng bằng phương_tiện vô_tuyến hoặc hữu_tuyến , bao_gồm cả việc truyền qua vệ_tinh , môi_trường kỹ_thuật_số .
2 . Sử_dụng gián_tiếp bản ghi_âm , ghi_hình đã được công_bố nhằm mục_đích thương_mại để thực_hiện chương_trình phát_sóng có tài_trợ , quảng_cáo hoặc thu tiền dưới bất_kỳ hình_thức nào theo quy_định tại khoản 1 Điều 33 của <L rel="Reference"> Luật_sở_hữu_trí_tuệ </L> là việc tiếp sóng , phát lại chương_trình đã phát_sóng ; chuyển chương_trình trong môi_trường kỹ_thuật_số lên sóng .
3 . Sử_dụng bản ghi_âm , ghi_hình đã được công_bố trong hoạt_động kinh_doanh , thương_mại theo quy_định tại khoản 2 Điều 33 của <L rel="Reference"> Luật_sở_hữu_trí_tuệ </L> là việc tổ_chức , cá_nhân sử_dụng trực_tiếp hoặc gián_tiếp bản ghi_âm , ghi_hình đã được công_bố để sử_dụng tại nhà_hàng , khách_sạn , cửa_hàng , siêu_thị ; cơ_sở kinh_doanh dịch_vụ karaoke , dịch_vụ bưu_chính , viễn_thông , môi_trường kỹ_thuật_số ; trong các hoạt_động du_lịch , hàng không , giao_thông công_cộng .
4 . Việc hưởng tiền thù_lao của người biểu_diễn trong trường_hợp bản ghi_âm , ghi_hình được sử_dụng theo quy_định tại Điều 33 của <L rel="Reference"> Luật_Sở_hữu_trí_tuệ </L> tùy thuộc vào thỏa_thuận của người biểu_diễn với nhà sản_xuất_bản ghi_âm , ghi_hình khi thực_hiện chương_trình ghi_âm , ghi_hình .
Điều 33 .  Sử_dụng chương_trình phát_sóng 

1 . Chủ_sở_hữu chương_trình phát_sóng theo quy_định tại khoản 3 Điều 44 của <L rel="Reference"> Luật_sở_hữu_trí_tuệ </L> là tổ_chức phát_sóng đầu_tư tài_chính và cơ_sở vật_chất-kỹ_thuật của mình để phát_sóng , trừ trường_hợp có thỏa_thuận khác .
2 . Khi sử_dụng các tác_phẩm , bản ghi_âm , ghi_hình để sản_xuất chương_trình phát_sóng , tổ_chức phát_sóng phải thực_hiện nghĩa_vụ với chủ sở_hữu quyền tác_giả , chủ sở_hữu quyền liên_quan theo quy_định pháp_luật . 

3 . Tổ_chức , cá_nhân sử_dụng chương_trình phát_sóng của tổ_chức phát_sóng khác theo quy_định tại điểm a và điểm b khoản 1 Điều 31 của <L rel="Reference"> Luật_sở_hữu_trí_tuệ </L> để tái_phát_sóng hoặc truyền trên mạng viễn_thông , thông_tin điện_tử hoặc bất_kỳ phương_tiện kỹ_thuật nào thực_hiện theo thỏa_thuận và các quy_định pháp_luật liên_quan . Việc sửa_đổi , cắt_xén , bổ_sung chương_trình phát_sóng của tổ_chức phát_sóng khác để tái_phát_sóng hoặc truyền trên mạng viễn_thông , thông_tin điện_tử hoặc bất_kỳ phương_tiện kỹ_thuật nào khác phải có sự thỏa_thuận với chủ sở_hữu chương_trình phát_sóng .
Chương_IV 

ĐĂNG_KÝ QUYỀN TÁC_GIẢ , QUYỀN LIÊN_QUAN 

Điều 34 .  Thủ_tục đăng_ký quyền tác_giả , quyền liên_quan 

1 . Tác_giả , chủ sở_hữu quyền tác_giả , chủ sở_hữu quyền liên_quan trực_tiếp hoặc ủy_quyền cho tổ_chức , cá_nhân khác nộp 01 bộ hồ_sơ đăng_ký quyền tác_giả , quyền liên_quan tại Bộ Văn_hóa , Thể_thao và Du_lịch ( Cục Bản_quyền tác_giả hoặc Văn_phòng đại_diện của Cục Bản_quyền tác_giả tại thành_phố Hồ_Chí_Minh , thành_phố Đà_Nẵng ) .  Hồ_sơ có_thể gửi qua đường bưu_điện . 

2 . Tổ_chức , cá_nhân nước_ngoài có tác_phẩm , chương_trình biểu_diễn , bản ghi_âm , ghi_hình , chương_trình phát_sóng được bảo_hộ quyền tác_giả , quyền liên_quan theo quy_định tại khoản 2 Điều 13 và Điều 17 của <L rel="Reference"> Luật_sở_hữu_trí_tuệ </L> trực_tiếp hoặc ủy_quyền cho tổ_chức tư_vấn , dịch_vụ quyền tác_giả , quyền liên_quan nộp 01 bộ hồ_sơ đăng_ký quyền tác_giả , quyền liên_quan tại Bộ Văn_hóa , Thể_thao và Du_lịch ( Cục Bản_quyền tác_giả hoặc Văn_phòng đại_diện của Cục Bản_quyền tác_giả tại thành_phố Hồ_Chí_Minh , thành_phố Đà_Nẵng ) .
Điều 35 .  Cấp , cấp lại , đổi , hủy bỏ hiệu_lực Giấy chứng_nhận đăng_ký quyền tác_giả , Giấy chứng_nhận đăng_ký quyền liên_quan 

1 . Bộ Văn_hóa , Thể_thao và Du_lịch ( Cục Bản_quyền tác_giả ) có thẩm_quyền cấp , cấp lại , đổi , hủy bỏ hiệu_lực Giấy chứng_nhận đăng_ký quyền tác_giả , Giấy chứng_nhận đăng_ký quyền liên_quan theo quy_định tại khoản 1 và 2 Điều 51 của <L rel="Reference"> Luật_sở_hữu_trí_tuệ </L> ,
2 . Giấy chứng_nhận đăng_ký quyền tác_giả , Giấy chứng_nhận đăng_ký quyền liên_quan được cấp theo quy_định tại Điều 49 và Điều 50 của <L rel="Reference"> Luật_sở_hữu_trí_tuệ </L> .
3 . Giấy chứng_nhận đăng_ký quyền tác_giả , Giấy chứng_nhận đăng_ký quyền liên_quan được cấp lại trong trường_hợp Giấy chứng_nhận đăng_ký quyền tác_giả , Giấy chứng_nhận đăng_ký quyền liên_quan bị mất hoặc rách_nát . 

4 . Giấy chứng_nhận đăng_ký quyền tác_giả , Giấy chứng_nhận đăng_ký quyền liên_quan được cấp đổi trong trường_hợp thay_đổi chủ sở_hữu quyền tác_giả , chủ sở_hữu quyền liên_quan hoặc thay_đổi thông_tin về tác_giả , chủ sở_hữu quyền tác_giả , chủ sở_hữu quyền liên_quan , tác_phẩm , cuộc biểu_diễn , bản ghi_âm , ghi_hình , chương_trình phát_sóng . 

5 . Giấy chứng_nhận đăng_ký quyền tác_giả , Giấy chứng_nhận đăng_ký quyền liên_quan bị hủy bỏ hiệu_lực trong các trường_hợp quy_định tại khoản 2 và khoản 3 Điều 55 của <L rel="Reference"> Luật_sở_hữu_trí_tuệ </L> .
6 . Bộ Văn_hóa , Thể_thao và Du_lịch quy_định các mẫu Tờ khai đăng_ký quyền tác_giả , Tờ khai đăng_ký quyền liên_quan , Giấy chứng_nhận đăng_ký quyền tác_giả , Giấy chứng_nhận đăng_ký quyền liên_quan theo quy_định tại điểm a khoản 2 Điều 50 và khoản 4 Điều 51 của <L rel="Reference"> Luật_sở_hữu_trí_tuệ </L> .
Điều 36 .  Hồ_sơ_cấp , cấp lại , đổi Giấy chứng_nhận đăng_ký quyền tác_giả , Giấy chứng_nhận đăng_ký quyền liên_quan 

1 . Hồ_sơ cấp Giấy chứng_nhận đăng_ký quyền tác_giả , Giấy chứng_nhận đăng_ký quyền liên_quan quy_định tại Điều 50 của <L rel="Reference"> Luật_sở_hữu_trí_tuệ </L> .
2 . Tác_giả , chủ sở_hữu quyền tác_giả , chủ sở_hữu quyền liên_quan có nhu_cầu cấp lại Giấy chứng_nhận đăng_ký quyền tác_giả , Giấy chứng_nhận đăng_ký quyền liên_quan nộp Tờ khai đăng_ký quyền tác_giả hoặc Tờ khai đăng_ký quyền liên_quan ( theo mẫu ) , 02 bản_sao tác_phẩm hoặc 02 bản_sao cuộc biểu_diễn , bản ghi_âm , ghi_hình , chương_trình phát_sóng . 

3 . Tác_giả , chủ sở_hữu quyền tác_giả , chủ sở_hữu quyền liên_quan có nhu_cầu cấp đổi Giấy chứng_nhận đăng_ký quyền tác_giả , Giấy chứng_nhận đăng_ký quyền liên_quan nộp Tờ khai đăng_ký quyền tác_giả hoặc Tờ khai đăng_ký quyền liên_quan ( theo mẫu ) ;  02 bản_sao tác_phẩm hoặc 02 bản_sao cuộc biểu_diễn , bản ghi_âm , ghi_hình , chương_trình phát_sóng ;  tài_liệu chứng_minh sự thay_đổi và nộp lại Giấy chứng_nhận đăng_ký quyền tác_giả hoặc Giấy chứng_nhận đăng_ký quyền liên_quan đã cấp . 

Điều 37 .  Thời_hạn cấp , cấp lại , đổi Giấy chứng_nhận đăng_ký quyền tác_giả , Giấy chứng_nhận đăng_ký quyền liên_quan 

1 . Thời_hạn cấp Giấy chứng_nhận đăng_ký quyền tác_giả , Giấy chứng_nhận đăng_ký quyền liên_quan quy_định tại Điều 52 của <L rel="Reference"> Luật_sở_hữu_trí_tuệ </L> .
2 . Trong thời_hạn bảy ngày làm_việc , kể từ ngày nhận hồ_sơ hợp_lệ , Bộ Văn_hóa , Thể_thao và Du_lịch ( Cục Bản_quyền tác_giả ) có trách_nhiệm cấp lại Giấy chứng_nhận đăng_ký quyền tác_giả , Giấy chứng_nhận đăng_ký quyền liên_quan . 

3 . Trong thời_hạn mười hai ngày làm_việc , kể từ ngày nhận hồ_sơ hợp_lệ Bộ Văn_hóa , Thể_thao và Du_lịch ( Cục Bản_quyền tác_giả ) có trách_nhiệm cấp đổi Giấy chứng_nhận đăng_ký quyền tác_giả , Giấy chứng_nhận đăng_ký quyền liên_quan . 

4 . Trường_hợp từ_chối cấp lại , đổi Giấy chứng_nhận đăng_ký quyền tác_giả , Giấy chứng_nhận đăng_ký quyền liên_quan , Bộ Văn_hóa , Thể_thao và Du_lịch ( Cục Bản_quyền tác_giả ) phải thông_báo bằng văn_bản cho người nộp đơn . 

Điều 38 .  Bản_sao tác_phẩm đăng_ký quyền tác_giả , bản_sao bản định_hình đối_tượng đăng_ký quyền liên_quan 

1 . Bộ Văn_hóa , Thể_thao và Du_lịch ( Cục Bản_quyền tác_giả ) có trách_nhiệm lưu_giữ 01 bản_sao tác_phẩm đăng_ký quyền tác_giả hoặc 01 bản_sao bản định_hình đối_tượng đăng_ký quyền liên_quan ; 01 bản_sao tác_phẩm đăng_ký quyền tác_giả hoặc 01 bản_sao bản định_hình đối_tượng đăng_ký quyền liên_quan được đóng_dấu ghi số Giấy chứng_nhận đăng_ký quyền tác_giả , Giấy chứng_nhận đăng_ký quyền liên_quan gửi trả lại cho tổ_chức , cá_nhân được cấp quy_định tại điểm b khoản 2 Điều 50 của <L rel="Reference"> Luật_sở_hữu_trí_tuệ </L> .
2 . Bản_sao tác_phẩm đăng_ký quyền tác_giả theo quy_định tại điểm b khoản 2 Điều 50 của <L rel="Reference"> Luật_sở_hữu_trí_tuệ </L> được thay_thế bằng ảnh chụp không_gian ba chiều đối_với những tác_phẩm có đặc_thù riêng như tranh , tượng , tượng_đài , phù_điêu , tranh hoành_tráng gắn với công_trình kiến_trúc ; tác_phẩm có kích_thước quá lớn , cồng_kềnh .
Điều 39 .  Hủy_bỏ hiệu_lực Giấy chứng_nhận đăng_ký quyền tác_giả , Giấy chứng_nhận đăng_ký quyền liên_quan 

1 . Bộ Văn_hóa , Thể_thao và Du_lịch ( Cục Bản_quyền tác_giả ) có thẩm_quyền_hủy bỏ hiệu_lực Giấy chứng_nhận đăng_ký quyền tác_giả , Giấy chứng_nhận đăng_ký quyền liên_quan trong các trường_hợp quy_định tại khoản 2 và khoản 3 Điều 55 của <L rel="Reference"> Luật_sở_hữu_trí_tuệ </L> .
2 . Trong thời_hạn mười lăm ngày làm_việc , kể từ khi nhận được một trong các giấy_tờ dưới đây , Bộ Văn_hóa , Thể_thao và Du_lịch ( Cục Bản_quyền tác_giả ) ra quyết_định hủy bỏ hiệu_lực Giấy chứng_nhận đăng_ký quyền tác_giả , Giấy chứng_nhận đăng_ký quyền liên_quan : 

a ) Bản_án , Quyết_định có hiệu_lực của Tòa_án hoặc Quyết_định của cơ_quan có thẩm_quyền xử_lý hành_vi xâm_phạm_quy_định tại Điều 200 của <L rel="Reference"> Luật_sở_hữu_trí_tuệ </L> về việc hủy bỏ hiệu_lực Giấy chứng_nhận đăng_ký quyền tác_giả , Giấy chứng_nhận đăng_ký quyền liên_quan .
b ) Văn_bản của tổ_chức , cá_nhân đã được cấp Giấy chứng_nhận đăng_ký quyền tác_giả , Giấy chứng_nhận đăng_ký quyền liên_quan gửi Bộ Văn_hóa , Thể_thao và Du_lịch ( Cục Bản_quyền tác_giả ) đề_nghị hủy bỏ hiệu_lực Giấy chứng_nhận đăng_ký quyền tác_giả , Giấy chứng_nhận đăng_ký quyền liên_quan đã được cấp . 

Điều 40 .  Phí đăng_ký quyền tác_giả , quyền liên_quan 

Tổ_chức , cá_nhân có nghĩa_vụ nộp phí khi tiến_hành thủ_tục đăng_ký quyền tác_giả , quyền liên_quan theo quy_định của pháp_luật . 

Điều 41 .  Hiệu_lực Giấy chứng_nhận đăng_ký quyền tác_giả , Giấy chứng_nhận đăng_ký quyền liên_quan 

Các loại Giấy chứng_nhận đăng_ký quyền tác_giả , Giấy chứng_nhận đăng_ký quyền liên_quan do Hãng Bảo_hộ quyền tác_giả Việt_Nam , Cơ_quan Bảo_hộ quyền tác_giả Việt_Nam , Cục Bản_quyền tác_giả Văn_học-Nghệ_thuật , Cục Bản_quyền tác_giả cấp vẫn tiếp_tục được duy_trì hiệu_lực . 

Chương_V 

TỔ_CHỨC ĐẠI_DIỆN TẬP_THỂ , TỔ_CHỨC TƯ_VẤN , DỊCH_VỤ QUYỀN TÁC_GIẢ , QUYỀN LIÊN_QUAN 

Điều 42 .  Tổ_chức đại_diện tập_thể quyền tác_giả , quyền liên_quan 

Tổ_chức đại_diện tập_thể quyền tác_giả , quyền liên_quan theo quy_định tại khoản 1 Điều 56 của <L rel="Reference"> Luật_sở_hữu_trí_tuệ </L> thực_hiện đúng phạm_vi , chức_năng hoạt_động và hợp_đồng ủy_quyền giữa chủ sở_hữu quyền tác_giả , chủ sở_hữu quyền liên_quan và tổ_chức đại_diện tập_thể quyền tác_giả , quyền liên_quan về việc quản_lý một quyền hoặc một nhóm quyền cụ_thể .
Điều 43 .  Biểu mức tiền nhuận_bút , thù_lao , quyền_lợi vật_chất 

1 . Tổ_chức đại_diện tập_thể quyền tác_giả , quyền liên_quan xây_dựng Biểu mức tiền nhuận_bút , thù_lao , quyền_lợi vật_chất quy_định tại khoản 3 Điều 20 , khoản 4 Điều 29 của <L rel="Reference"> Luật_sở_hữu_trí_tuệ </L> và quyền_lợi vật_chất quy_định tại khoản 2 Điều 30 , khoản 2 Điều 31 của <L rel="Reference"> Luật_sở_hữu_trí_tuệ </L> .
2 . Tổ_chức , cá_nhân khai_thác , sử_dụng tác_phẩm , bản ghi_âm , ghi_hình , chương_trình phát_sóng theo quy_định tại khoản 1 Điều 26 , khoản 1 và khoản 2 Điều 33 của <L rel="Reference"> Luật_sở_hữu_trí_tuệ </L> có nghĩa_vụ liên_lạc trực_tiếp với chủ sở_hữu quyền tác_giả , chủ sở_hữu quyền liên_quan hoặc tổ_chức đại_diện tập_thể quyền tác_giả , quyền liên_quan về việc khai_thác , sử_dụng . Trường_hợp không liên_lạc trực_tiếp được với chủ sở_hữu quyền tác_giả , chủ sở_hữu quyền liên_quan thì tổ_chức , cá_nhân khai_thác , sử_dụng tác_phẩm , bản ghi_âm ghi_hình , chương_trình phát_sóng phải thông_báo trên phương_tiện thông_tin đại_chúng .
3 . Tổ_chức , cá_nhân khai_thác , sử_dụng tác_phẩm , cuộc biểu_diễn , bản ghi_âm , ghi_hình , chương_trình phát_sóng và tổ_chức đại_diện tập_thể quyền tác_giả , quyền liên_quan có trách_nhiệm thỏa_thuận về mức tiền nhuận_bút , thù_lao , quyền_lợi vật_chất và phương_thức thanh_toán . 

4 . Nhuận_bút , thù_lao , quyền_lợi vật_chất được xác_định theo các nguyên_tắc sau : 

a ) Việc trả tiền nhuận_bút , thù_lao , quyền_lợi vật_chất phải bảo_đảm lợi_ích của người sáng_tạo , tổ_chức , cá_nhân khai_thác , sử_dụng và công_chúng hưởng_thụ , phù_hợp với điều_kiện kinh_tế-xã_hội của đất_nước . 

b ) Mức tiền nhuận_bút , thù_lao , quyền_lợi vật_chất được xác_định căn_cứ vào thể_loại , hình_thức , chất_lượng , số_lượng hoặc tần_suất khai_thác , sử_dụng . 

c ) Các đồng chủ sở_hữu quyền tác_giả , đồng chủ sở_hữu quyền liên_quan thỏa_thuận về tỷ_lệ phân_chia tiền nhuận_bút , thù_lao theo mức_độ sáng_tạo , phù_hợp với hình_thức khai_thác , sử_dụng . 

d ) Mức tiền nhuận_bút , thù_lao , quyền_lợi vật_chất được xác_định trong hợp_đồng_bằng văn_bản theo quy_định pháp_luật . 

Điều 44 .  Thu , phân_chia tiền nhuận_bút , thù_lao , quyền_lợi vật_chất 

1 . Việc thu , phân_chia tiền nhuận_bút , thù_lao , quyền_lợi vật_chất thực_hiện theo quy_định tại Điều_lệ hoạt_động của tổ_chức đại_diện tập_thể quyền tác_giả , quyền liên_quan và văn_bản ủy_quyền của chủ sở_hữu quyền tác_giả , chủ sở_hữu quyền liên_quan có thỏa_thuận về mức hoặc tỷ_lệ phần_trăm , phương_thức và thời_gian phân_chia tiền nhuận_bút , thù_lao , quyền_lợi vật_chất . 

2 . Việc thu , phân_chia tiền nhuận_bút , thù_lao , quyền_lợi vật_chất của các tổ_chức đại_diện tập_thể quyền tác_giả , quyền liên_quan thực_hiện theo nguyên_tắc công_khai , minh_bạch đối_với tác_phẩm , cuộc biểu_diễn , bản ghi_âm , ghi_hình , chương_trình phát_sóng được khai_thác , sử_dụng theo quy_định của pháp_luật . 

3 . Trong trường_hợp_tác_phẩm , bản ghi_âm , ghi_hình , chương_trình phát_sóng có liên_quan đến quyền và lợi_ích của nhiều tổ_chức đại_diện tập_thể được ủy_quyền đại_diện cho một quyền , nhóm quyền cụ_thể , các tổ_chức có_thể thỏa_thuận để một tổ_chức thay_mặt đàm_phán cấp phép sử_dụng , thu và phân_chia tiền theo Điều_lệ và văn_bản ủy_quyền . 

4 . Việc thu , phân_chia tiền nhuận_bút , thù_lao , quyền_lợi vật_chất từ các tổ_chức tương_ứng của nước_ngoài hoặc tổ_chức quốc_tế thực_hiện theo quy_định về quản_lý ngoại_hối . 

Điều 45 .  Khai_thác , sử_dụng bản ghi_âm , ghi_hình 

1 . Tổ_chức , cá_nhân sử_dụng trực_tiếp hoặc gián_tiếp bản ghi_âm , ghi_hình theo quy_định tại khoản 1 và khoản 2 Điều 33 của <L rel="Reference"> Luật_sở_hữu_trí_tuệ </L> phải trả tiền nhuận_bút , thù_lao , quyền_lợi vật_chất cho chủ sở_hữu quyền tác_giả , chủ sở_hữu quyền liên_quan .
2 . Các tổ_chức đại_diện tập_thể quyền tác_giả , quyền liên_quan có_thể thỏa_thuận , thống_nhất , ủy quyền đàm_phán , thu tiền nhuận_bút , thù_lao , quyền_lợi vật_chất theo quy_định của pháp_luật .  Tỷ_lệ phân_chia tiền nhuận_bút , thù_lao , quyền_lợi vật_chất thu được do các tổ_chức này tự thỏa_thuận . 

3 . Tổ_chức đại_diện tập_thể quyền tác_giả , quyền liên_quan ủy_quyền có trách_nhiệm xây_dựng danh_mục hội_viên , tác_phẩm , bản ghi_âm , ghi_hình , chương_trình phát_sóng của hội_viên và chịu trách_nhiệm khi ký hợp_đồng ủy_quyền cho tổ_chức đại_diện tập_thể quyền tác_giả , quyền liên_quan nhận ủy_quyền đại_diện đàm_phán thỏa_thuận , thu tiền nhuận_bút , thù_lao , quyền_lợi vật_chất . 

4 . Tổ_chức đại_diện tập_thể quyền tác_giả , quyền liên_quan nhận ủy_quyền chỉ có trách_nhiệm đàm_phán thỏa_thuận thu tiền nhuận_bút , thù_lao , quyền_lợi vật_chất theo danh_mục hội_viên , tác_phẩm , cuộc biểu_diễn , bản ghi_âm , ghi_hình , chương_trình phát_sóng được quy_định tại hợp_đồng ủy_quyền . 

Điều 46 .  Thông_tin quản_lý quyền tác_giả , quyền liên_quan 

1 . Tên tác_giả , chủ sở_hữu quyền tác_giả , chủ sở_hữu quyền liên_quan . 

2 . Đối_với cá_nhân : Ngày , tháng , năm_sinh ;  năm chết ( nếu có ) . 

Đối_với tổ_chức : Ngày , tháng , năm thành_lập ;  năm giải_thể ( nếu có ) . 

3 . Tên tác_phẩm , tên đối_tượng quyền liên_quan ( cuộc biểu_diễn ;  bản ghi_âm , ghi_hình ;  chương_trình phát_sóng ) . 

4 . Nội_dung tác_phẩm ;  nội_dung cuộc biểu_diễn ;  nội_dung bản ghi_âm , ghi_hình ;  nội_dung chương_trình phát_sóng . 

5 . Phạm_vi ủy_quyền ;  hiệu_lực hợp_đồng ủy_quyền . 

6 . Hoạt_động cấp phép , thu và phân_chia tiền nhuận_bút , thù_lao , quyền_lợi vật_chất . 

7 . Hoạt_động của các tổ_chức đại_diện tập_thể quyền tác_giả , quyền liên_quan . 

8 . Các thông_tin liên_quan khác . 

Điều 47 .  Thực_hiện chế_độ báo_cáo 

1 . Tổ_chức đại_diện tập_thể quyền tác_giả , quyền liên_quan thực_hiện chế_độ báo_cáo với Bộ Văn_hóa , Thể_thao và Du_lịch , Bộ Nội_vụ , Bộ Tài_chính và cơ_quan chủ_quản về việc sửa_đổi , bổ_sung Điều_lệ , quy_chế hoạt_động ;  cơ_chế quản_lý_tài_chính ;  thay_đổi nhân_sự lãnh_đạo ;  tham_gia các tổ_chức quốc_tế ;  các hoạt_động đối_ngoại khác ;  biểu giá , phương_thức thanh_toán nhuận_bút , thù_lao , quyền_lợi vật_chất ;  chương_trình kế_hoạch dài_hạn và hàng năm ;  tình_hình hoạt_động , ký hợp_đồng ủy_quyền , hợp_đồng cấp phép sử_dụng ;  hoạt_động thu , mức thu , phương_thức phân_phối , cách_thức thực_hiện việc phân_chia tiền nhuận_bút , thù_lao , quyền_lợi vật_chất ;  các hoạt_động liên_quan khác . 

Trường_hợp sửa_đổi , bổ_sung Điều_lệ phải báo_cáo cấp có thẩm_quyền phê_duyệt trước khi thực_hiện . 

2 . Tổ_chức đại_diện tập_thể quyền tác_giả , quyền liên_quan xây_dựng trang thông_tin điện_tử , kết_nối với cơ_quan quản_lý nhà_nước về quyền tác_giả , quyền liên_quan và các tổ_chức đại_diện tập_thể quyền tác_giả , quyền liên_quan . 

3 . Tổ_chức đại_diện tập_thể quyền tác_giả , quyền liên_quan có hệ_thống cơ_sở dữ_liệu quyền tác_giả , quyền liên_quan của tổ_chức mình , kết_nối với hệ_thống cơ_sở dữ_liệu quốc_gia về quyền tác_giả , quyền liên_quan . 

Điều 48 .  Tổ_chức tư_vấn , dịch_vụ quyền tác_giả , quyền liên_quan 

1 . Doanh_nghiệp được thành_lập và hoạt_động theo pháp_luật về doanh_nghiệp . 

2 . Hợp_tác_xã và liên_hiệp hợp_tác_xã được thành_lập và hoạt_động theo pháp_luật về hợp_tác_xã . 

3 . Đơn_vị sự_nghiệp . 

4 . Các tổ_chức hành_nghề luật_sư được thành_lập và hoạt_động theo pháp_luật về luật_sư , trừ chi_nhánh của tổ_chức hành_nghề luật_sư nước_ngoài , công_ty luật trách_nhiệm hữu_hạn một trăm phần_trăm vốn nước_ngoài , công_ty luật trách_nhiệm hữu_hạn dưới hình_thức liên_doanh giữa tổ_chức hành_nghề luật_sư Việt_Nam và tổ_chức hành_nghề luật_sư nước_ngoài . 

I 

ĐIỀU_KHOẢN THI_HÀNH 

Điều 49 .  Bảo_vệ quyền tác_giả , quyền liên_quan 

1 . Chủ_sở_hữu quyền tác_giả , chủ sở_hữu quyền liên_quan trực_tiếp hoặc có_thể ủy_quyền cho tổ_chức đại_diện tập_thể quyền tác_giả , quyền liên_quan hoặc tổ_chức , cá_nhân khác để thực_hiện và bảo_vệ quyền tác_giả , quyền liên_quan của mình .  Bên được ủy_quyền có trách_nhiệm thông_tin công_khai để các tổ_chức , cá_nhân khai_thác , sử_dụng tác_phẩm , cuộc biểu_diễn , bản ghi_âm , ghi_hình , chương_trình phát_sóng liên_hệ thỏa_thuận về việc khai_thác , sử_dụng . 

2 . Tổ_chức , cá_nhân khai_thác , sử_dụng tác_phẩm , cuộc biểu_diễn , bản ghi_âm , ghi_hình , chương_trình phát_sóng có nghĩa_vụ liên_hệ với chủ sở_hữu quyền tác_giả , chủ sở_hữu quyền liên_quan hoặc bên được ủy_quyền để thỏa_thuận về việc khai_thác , sử_dụng theo quy_định của pháp_luật về quyền tác_giả , quyền liên_quan . 

3 . Tranh_chấp về quyền tác_giả , quyền liên_quan được giải_quyết theo quy_định của pháp_luật về tố_tụng_dân_sự hoặc trọng_tài . 

Điều 50 .  Hiệu_lực thi_hành 

1 . Nghị_định này có hiệu_lực thi_hành kể từ ngày 10 tháng 4 năm 2018 . 

2 . Các văn_bản sau đây hết hiệu_lực thi_hành kể từ ngày Nghị_định này có hiệu_lực thi_hành : 

a ) <NĐ rel="Drop"> Nghị_định số 100/2006/NĐ-CP ngày 21 tháng 9 năm 2006 </NĐ> của Chính_phủ quy_định chi_tiết và hướng_dẫn thi_hành một_số điều của <BL rel="Others"> Bộ_luật dân_sự </BL> , <L rel="Others"> Luật_sở_hữu_trí_tuệ </L> về quyền tác_giả , quyền liên_quan ;
b ) <NĐ rel="Drop"> Nghị_định số 85/2011/NĐ-CP ngày 20 tháng 9 năm 2011 </NĐ> sửa_đổi , bổ_sung một_số điều <NĐ rel="Others"> Nghị_định số 100/2006/NĐ-CP </NĐ> quy_định chi_tiết và hướng_dẫn thi_hành một_số điều của <BL rel="Others"> Bộ_luật dân_sự </BL> , <L rel="Others"> Luật_sở_hữu_trí_tuệ </L> về quyền tác_giả , quyền liên_quan .
Điều 51 .  Trách_nhiệm thi_hành 

1 . Bộ_trưởng Bộ Văn_hóa , Thể_thao và Du_lịch có trách_nhiệm hướng_dẫn thi_hành và tổ_chức thực_hiện Nghị_định này . 

2 . Các Bộ_trưởng , Thủ_trưởng cơ_quan ngang bộ , Thủ_trưởng cơ_quan thuộc Chính_phủ , Chủ_tịch Ủy_ban nhân_dân cấp tỉnh , cơ_quan , tổ_chức , cá_nhân có quyền và nghĩa_vụ liên_quan chịu trách_nhiệm thi_hành Nghị_định này ./. 

Nơi nhận : 

- Ban_Bí_thư Trung_ương Đảng ; 

- Thủ_tướng , các Phó_Thủ_tướng Chính_phủ ; 

- Các bộ , cơ_quan ngang bộ , cơ_quan thuộc Chính_phủ ; 

- HĐND , UBND các tỉnh , thành_phố trực_thuộc trung_ương ; 

- Văn_phòng Trung_ương và các Ban của Đảng ; 

- Văn_phòng Tổng_Bí_thư ; 

- Văn_phòng Chủ_tịch nước ; 

- Hội_đồng dân_tộc và các Ủy_ban của Quốc_hội ; 

- Văn_phòng Quốc_hội ; 

- Tòa_án nhân_dân tối_cao ; 

- Viện kiểm_sát nhân_dân tối_cao ; 

- Ủy_ban Giám_sát tài_chính Quốc_gia ; 

- Kiểm_toán nhà_nước ; 

- Ngân_hàng Chính_sách xã_hội ; 

- Ngân_hàng Phát_triển Việt_Nam ; 

- Ủy_ban trung_ương Mặt_trận Tổ_quốc Việt_Nam ; 

- Cơ_quan trung_ương của các đoàn_thể ; 

- VPCP : BTCN , các PCN , Trợ_lý ttg , TGĐ Cổng TTĐT , các Vụ , Cục , đơn_vị trực_thuộc , Công_báo ; 

- Lưu : VT , KGVX ( 2b ) .  KN 

TM .  CHÍNH_PHỦ 

THỦ_TƯỚNG 

Nguyễn_Xuân_Phúc 