Nghị định Quy định về  cơ chế, chính sách ưu đãi đối với khu công nghệ cao Đà Nẵng

Căn_cứ <L rel="Pursuant"> Luật tổ_chức Chính_phủ ngày 19 tháng 6 năm 2015 </L> ;
Căn_cứ <L rel="Pursuant"> Luật tổ_chức chính_quyền địa_phương ngày 19 tháng 6 năm 2015 </L> ;
Căn_cứ <L rel="Pursuant"> Luật ngân_sách nhà_nước ngày 25 tháng 6 năm 2015 </L> ;
Căn_cứ <L rel="Pursuant"> Luật công_nghệ_cao ngày 13 tháng 11 năm 2008 </L> ;
Căn_cứ <L rel="Pursuant"> Luật_khoa_học và công_nghệ ngày 18 tháng 6 năm 2013 </L> ;
Căn_cứ <L rel="Pursuant"> Luật đất_đai ngày 29 tháng 11 năm 2013 </L> ;
Căn_cứ <L rel="Pursuant"> Luật đầu_tư công ngày 18 tháng 6 năm 2014 </L> ;
Căn_cứ <L rel="Pursuant"> Luật đầu_tư ngày 26 tháng 11 năm 2014 </L> ;
Căn_cứ <L rel="Pursuant"> Luật thuế xuất_nhập_khẩu ngày 06 tháng 4 năm 2016 </L> ;
Căn_cứ <L rel="Pursuant"> Luật nhà ở ngày 25 tháng 11 năm 2014 </L> ;
Căn_cứ <L rel="Pursuant"> Luật thuế sử_dụng đất phi nông_nghiệp ngày 25 tháng 11 năm 2014 </L> ;
Căn_cứ <L rel="Pursuant"> Luật thuế_thu_nhập doanh_nghiệp ngày 03 tháng 6 năm 2008 </L> ; <L rel="Pursuant"> Luật sửa_đổi , bổ_sung một_số điều của <L rel="Others"> Luật thuế_thu_nhập doanh_nghiệp </L> ngày 19 tháng 6 năm 2013 </L> ;
Căn_cứ <L rel="Pursuant"> Luật sửa_đổi , bổ_sung một_số điều của các <L rel="Others"> Luật về thuế </L> ngày 26 tháng 11 năm 2014 </L> ;
Điều 1 .  Phạm_vi điều_chỉnh 

Nghị_định này quy_định một_số cơ_chế , chính_sách ưu_đãi đối_với Khu công_nghệ_cao Đà_Nẵng ( Khu công_nghệ_cao ) . 

Nhà_đầu_tư được áp_dụng các cơ_chế , chính_sách ưu_đãi theo Nghị_định này hoặc theo các quy_định khác phù_hợp với pháp_luật Việt_Nam . 

Điều 2 .  Đối_tượng áp_dụng 

1 . Tổ_chức , cá_nhân Việt_Nam , người Việt_Nam ở nước_ngoài , tổ_chức , cá_nhân nước_ngoài hoạt_động tại Khu công_nghệ_cao . 

2 . Ban Quản_lý Khu công_nghệ_cao Đà_Nẵng ( Ban Quản_lý ) . 

3 . Các cơ_quan quản_lý nhà_nước và cơ_quan chuyên_môn có liên_quan . 

Điều 3 .  Nguồn vốn huy_động để đầu_tư phát_triển Khu công_nghệ_cao 

1 . Ngân_sách trung_ương ưu_tiên bố_trí đủ số vốn bổ_sung có mục_tiêu ( phần vốn ngân_sách trung_ương cam_kết hỗ_trợ trong từng giai_đoạn ) cho ngân_sách thành_phố để thực_hiện các dự_án , công_trình trong Khu công_nghệ_cao và các chương_trình quốc_gia phát_triển Khu công_nghệ_cao . 

2 . Hằng năm , trong trường_hợp vượt thu ngân_sách trung_ương , Chính_phủ báo_cáo Ủy_ban thường_vụ Quốc_hội ưu_tiên hỗ_trợ vốn cho Khu công_nghệ_cao nhằm sớm đưa Khu công_nghệ_cao hoàn_thành đầu_tư hạ_tầng , cơ_sở vật_chất kỹ_thuật vào năm 2020 . 

3 . Chính_phủ ưu_tiên huy_động vốn hỗ_trợ phát_triển chính_thức ( ODA ) cho thành_phố Đà_Nẵng để đầu_tư xây_dựng kết_cấu_hạ_tầng kỹ_thuật , hạ_tầng xã_hội và các dự_án xây_dựng công_trình tiện_ích công_cộng cần_thiết , trung_tâm đào_tạo , trung_tâm nghiên_cứu ứng_dụng và phát_triển công_nghệ , trung_tâm ươm_tạo doanh_nghiệp công_nghệ_cao .  Việc bố_trí vốn đối_ứng trong nước cho các dự_án , công_trình này do ngân_sách thành_phố bảo_đảm . 

4 . Hằng năm , Ủy_ban nhân_dân thành_phố Đà_Nẵng tập_trung bố_trí đủ nguồn vốn đầu_tư từ ngân_sách địa_phương để hoàn_thành các dự_án , công_trình trong Khu công_nghệ_cao theo kế_hoạch được phê_duyệt ;  Ban Quản_lý được huy_động vốn trong nước theo quy_định của pháp_luật để đầu_tư xây_dựng , phát_triển Khu công_nghệ_cao . 

Điều 4 .  Dự_án , công_trình trong Khu công_nghệ_cao được áp_dụng huy_động vốn đầu_tư 

1 . Đầu_tư xây_dựng kết_cấu_hạ_tầng kỹ_thuật trong Khu công_nghệ_cao bao_gồm các hạng_mục : San nền , hệ_thống kênh dẫn , hệ_thống thoát nước , hệ_thống thoát nước_thải , hệ_thống xử_lý chất_thải , hệ_thống hào và tuynel kỹ_thuật , giao_thông , hệ_thống cấp_nước , hệ_thống công_nghệ thông_tin , hệ_thống cấp điện nguồn , hệ_thống điện chiếu sáng , vỉa_hè , hàng_rào , cổng_chào , cây_xanh , cảnh_quan công_cộng . 

2 . Chi_trả tiền bồi_thường , giải_phóng mặt_bằng , tái_định_cư các dự_án và các công_trình trong Khu công_nghệ_cao theo phương_án được cấp có thẩm_quyền phê_duyệt . 

3 . Đầu_tư xây_dựng công_trình trong Khu công_nghệ_cao : 

a ) Khu_nghiên_cứu-phát_triển , đào_tạo và ươm_tạo doanh_nghiệp : Trung_tâm Đào_tạo , Trung_tâm Ươm_tạo doanh_nghiệp công_nghệ_cao , Trung_tâm Nghiên_cứu ứng_dụng và phát_triển công_nghệ trực thuộc Ban Quản_lý ; 

b ) Khu quản_lý-hành_chính ; 

c ) Khu công_trình hạ_tầng kỹ_thuật đầu_mối . 

Điều 5 .  Ưu_đãi về tiền thuê đất , tiền thuế sử_dụng đất phi nông_nghiệp 

1 . Miễn toàn_bộ tiền thuê đất cho cả thời_hạn dự_án đầu_tư thuê trong các trường_hợp sau : 

a ) Đất xây_dựng công_trình giao_thông và hạ_tầng kỹ_thuật , đất cây_xanh , đất có_mặt_nước , công_viên sử_dụng công_cộng theo quy_hoạch chung và quy_hoạch phân khu được phê_duyệt ; 

b ) Đất xây_dựng công_trình sự_nghiệp của các tổ_chức sự_nghiệp công_lập ; 

c ) Đất xây_dựng cơ_sở đào_tạo nhân_lực công_nghệ_cao theo quy_định của pháp_luật về công_nghệ_cao ; 

d ) Đất thực_hiện dự_án nhà ở cho chuyên_gia , người lao_động thuê khi làm_việc tại Khu công_nghệ_cao theo quy_hoạch được cơ_quan nhà_nước có thẩm_quyền phê_duyệt ; 

đ ) Dự_án thuộc Danh_mục lĩnh_vực đặc_biệt ưu_đãi đầu_tư ( trừ dự_án đầu_tư xây_dựng , kinh_doanh kết_cấu_hạ_tầng Khu công_nghệ_cao ) . 

2 . Mức ưu_đãi miễn , giảm tiền thuê đất đối_với dự_án không thuộc trường_hợp quy_định tại khoản 1 Điều này cụ_thể như sau : 

a ) Miễn tiền thuê đất trong thời_gian xây_dựng cơ_bản nhưng tối_đa không quá 03 năm kể từ ngày có quyết_định cho thuê đất ( không bao_gồm các trường_hợp đầu_tư xây_dựng cải_tạo và mở_rộng cơ_sở sản_xuất , kinh_doanh ) ; 

b ) Miễn tiền thuê đất sau thời_gian miễn tiền thuê đất của thời_gian xây_dựng cơ_bản 15 năm đối_với dự_án đầu_tư không thuộc Danh_mục lĩnh_vực ưu_đãi đầu_tư ;  dự_án đầu_tư xây_dựng , kinh_doanh kết_cấu_hạ_tầng Khu công_nghệ_cao ; 

c ) Miễn tiền thuê đất sau thời_gian miễn tiền thuê đất của thời_gian xây_dựng cơ_bản 19 năm đối_với dự_án thuộc Danh_mục lĩnh_vực ưu_đãi đầu_tư ; 

d ) Miễn tiền thuê đất trong thời_gian buộc phải ngừng sản_xuất , kinh_doanh do bị thiên_tai , hỏa_hoạn hoặc tai_nạn bất_khả_kháng . 

3 . Danh_mục lĩnh_vực ưu_đãi đầu_tư , danh_mục lĩnh_vực đặc_biệt ưu_đãi đầu_tư thực_hiện theo quy_định của pháp_luật về đầu_tư . 

4 . Trường_hợp người sử_dụng đất thuê đất trong Khu công_nghệ_cao để thực_hiện các dự_án xã_hội_hóa thuộc lĩnh_vực giáo_dục , dạy nghề , y_tế , văn_hóa , thể_thao , môi_trường thì áp_dụng mức ưu_đãi miễn , giảm tiền thuê đất theo quy_định của Chính_phủ về chính_sách khuyến_khích xã_hội_hóa đối_với các hoạt_động trong lĩnh_vực giáo_dục , dạy nghề , y_tế , văn_hóa , thể_thao , môi_trường . 

5 . Người sử_dụng đất được miễn tiền thuế sử_dụng đất phi nông_nghiệp trong toàn_bộ thời_gian sử_dụng đất . 

Điều 6 .  Hoàn_trả tiền bồi_thường , giải_phóng mặt_bằng 

1 . Người sử_dụng đất không phải thực_hiện hoàn_trả tiền bồi_thường , giải_phóng mặt_bằng trong các trường_hợp sau : 

a ) Được giao đất không thu tiền sử_dụng đất , thuê đất miễn toàn_bộ tiền thuê đất trong cả thời_gian thuê và đã được Ban Quản_lý bàn_giao đất trước ngày 01 tháng 7 năm 2014 ; 

b ) Sử_dụng đất và đất có_mặt_nước để xây_dựng công_trình giao_thông , hạ_tầng kỹ_thuật , khu cây_xanh , công_viên sử_dụng công_cộng theo quy_hoạch chung xây_dựng và quy_hoạch phân khu chức_năng ( bao_gồm cả trường_hợp đã sử_dụng đất trước ngày Nghị_định này có hiệu_lực thi_hành ) ; 

c ) Ban Quản_lý và các đơn_vị trực thuộc Ban Quản_lý sử_dụng đất để xây_dựng trụ_sở cơ_quan , công_trình sự_nghiệp , công_trình phục_vụ quản_lý và khai_thác hạ_tầng ( bao_gồm cả trường_hợp đã sử_dụng đất trước ngày Nghị_định này có hiệu_lực thi_hành ) ; 

đ ) Thuê đất theo hình_thức trả tiền thuê đất hàng năm và thuộc diện được miễn , giảm tiền thuê đất nhưng có nguyện_vọng không hưởng ưu_đãi về miễn , giảm tiền thuê đất ; 

đ ) Đối_với các dự_án quy_mô vốn từ 3.000 tỷ đồng trở lên , người sử_dụng đất không phải thực_hiện hoàn_trả tiền bồi_thường , giải_phóng mặt_bằng . 

2 . Các trường_hợp sử_dụng đất không quy_định tại khoản 1 Điều này phải thực_hiện hoàn_trả tiền bồi_thường , giải_phóng mặt_bằng theo quy_định . 

Điều 7 .  Ưu_đãi về thuế_thu_nhập doanh_nghiệp 

1 . Ưu_đãi về thuế_suất 

a ) Thuế_suất 10 % trong thời_hạn 15 năm áp_dụng đối_với thu , nhập của doanh_nghiệp thực_hiện dự_án đầu_tư mới trong Khu công_nghệ_cao . 

b ) Đối_với các dự_án đầu_tư mới vào Khu công_nghệ_cao có quy_mô vốn từ 3.000 tỷ đồng trở lên được áp_dụng thuế_suất ưu_đãi 10 % trong thời_hạn 30 năm . 

c ) Thu_nhập của doanh_nghiệp từ thực_hiện dự_án nhà ở xã_hội để bán , cho thuê , cho thuê_mua đối_với người lao_động làm_việc tại các doanh_nghiệp trong Khu công_nghệ_cao được áp_dụng thuế_suất ưu_đãi 10 % như đối_tượng người lao_động đang làm_việc trong và ngoài khu công_nghiệp theo khoản 5 Điều 49 <L rel="Reference"> Luật nhà ở </L> .
2 . Ưu_đãi về miễn , giảm thuế 

a ) Miễn thuế 4 năm , giảm 50 % số thuế phải nộp trong 9 năm tiếp_theo đối_với thu_nhập của doanh_nghiệp thực_hiện dự_án đầu_tư mới trong Khu công_nghệ_cao . 

b ) Các trường_hợp miễn , giảm thuế khác được thực_hiện theo các quy_định tại <L rel="Reference"> Luật thuế_thu_nhập doanh_nghiệp </L> và các văn_bản có liên_quan .
Điều 8 .  Ưu_đãi về thuế_nhập_khẩu 

1 . Miễn thuế đối_với hàng_hóa_nhập_khẩu để tạo tài_sản cố_định của dự_án trong Khu công_nghệ_cao , bao_gồm : 

a ) Máy_móc , thiết_bị ;  linh_kiện , chi_tiết , bộ_phận rời , phụ_tùng để lắp_ráp đồng_bộ hoặc sử_dụng đồng_bộ với máy_móc , thiết_bị ;  nguyên_liệu , vật_tư dùng để chế_tạo máy_móc , thiết_bị hoặc để chế_tạo linh_kiện , chi_tiết , bộ_phận rời , phụ_tùng của máy_móc , thiết_bị ; 

b ) Phương_tiện vận_tải chuyên_dùng trong dây_chuyền công_nghệ sử_dụng trực_tiếp cho hoạt_động_sản_xuất của dự_án ; 

c ) Vật_tư xây_dựng trong nước chưa sản_xuất được . 

Việc miễn thuế_nhập_khẩu đối_với hàng_hóa_nhập_khẩu quy_định tại khoản này được áp_dụng cho cả dự_án đầu_tư mới và dự_án đầu_tư mở_rộng . 

2 . Miễn thuế_nhập_khẩu trong thời_hạn 05 năm kể từ khi bắt_đầu sản_xuất đối_với nguyên_liệu , vật_tư , linh_kiện trong nước chưa sản_xuất được nhập_khẩu để sản_xuất của các dự_án đầu_tư vào Khu công_nghệ_cao . 

3 . Miễn thuế_nhập_khẩu đối_với máy_móc , thiết_bị , phụ_tùng , vật_tư chuyên_dùng trong nước chưa sản_xuất được , tài_liệu , sách_báo khoa_học chuyên_dùng sử_dụng trực_tiếp cho nghiên_cứu khoa_học , phát_triển công_nghệ , phát_triển hoạt_động ươm tạo công_nghệ , ươm tạo doanh_nghiệp khoa_học và công_nghệ , đổi_mới công_nghệ trong Khu công_nghệ_cao . 

Điều 9 .  Ưu_đãi về tín_dụng đầu_tư 

Các doanh_nghiệp , tổ_chức kinh_tế , đơn_vị sự_nghiệp có thu đầu_tư thuộc Danh_mục các dự_án vay vốn tín_dụng đầu_tư thực_hiện theo quy_định của pháp_luật hiện_hành . 

Điều 10 .  Tiền_sử_dụng hạ_tầng 

1 . Tiền_sử_dụng hạ_tầng là khoản thu nhằm bù_đắp chi_phí đầu_tư xây_dựng , duy_tu , bảo_dưỡng , duy_trì điều_kiện phục_vụ hoặc tái_tạo các công_trình hạ_tầng kỹ_thuật-xã_hội . 

2 . Nhà_đầu_tư có dự_án đầu_tư_sản_xuất , kinh_doanh trong Khu công_nghệ_cao có sử_dụng các công_trình hạ_tầng kỹ_thuật và hạ_tầng xã_hội trong khu phải trả tiền sử_dụng hạ_tầng . 

3 . Đối_với các công_trình do doanh_nghiệp đầu_tư kinh_doanh kết_cấu_hạ_tầng kỹ_thuật-xã_hội thuộc Khu công_nghệ_cao đầu_tư xây_dựng : 

a ) Doanh_nghiệp đầu_tư kinh_doanh kết_cấu_hạ_tầng kỹ_thuật-xã_hội thuộc Khu công_nghệ_cao được tổ_chức quản_lý , khai_thác và thu tiền sử_dụng hạ_tầng của các nhà đầu_tư trong Khu công_nghệ_cao ;  có trách_nhiệm duy_tu , bảo_dưỡng , duy_trì điều_kiện phục_vụ của các công_trình hạ_tầng này theo quy_định của pháp_luật ; 

b ) Mức thu tiền sử_dụng hạ_tầng kỹ_thuật-xã_hội do doanh_nghiệp đầu_tư kinh_doanh kết_cấu_hạ_tầng kỹ_thuật-xã_hội thuộc Khu công_nghệ_cao đầu_tư xây_dựng quyết_định và được tính bằng tỷ_lệ phần_trăm trên một trong các chỉ_tiêu sau : Tổng_doanh_thu xuất_khẩu ;  tổng doanh_thu hoạt_động_sản_xuất , dịch_vụ ;  tổng_số tiền thuê lại đất đã có cơ_sở hạ_tầng . 

4 . Đối_với các công_trình không do doanh_nghiệp đầu_tư kinh_doanh kết_cấu_hạ_tầng kỹ_thuật-xã_hội thuộc Khu công_nghệ_cao đầu_tư xây_dựng : 

a ) Ban Quản_lý có trách_nhiệm tổ_chức quản_lý , khai_thác , duy_tu , bảo_dưỡng và thu tiền sử_dụng hạ_tầng của các nhà đầu_tư trong khu để đầu_tư cho việc duy_tu , bảo_dưỡng , duy_trì điều_kiện phục_vụ của các công_trình hạ_tầng này và thực_hiện quản_lý theo quy_định của pháp_luật ; 

b ) Mức thu tiền sử_dụng hạ_tầng kỹ_thuật-xã_hội chung trong Khu công_nghệ_cao không do doanh_nghiệp đầu_tư kinh_doanh kết_cấu_hạ_tầng kỹ_thuật-xã_hội đầu_tư xây_dựng do Ủy_ban nhân_dân thành_phố Đà_Nẵng quy_định theo quy_định của Luật giá và pháp_luật khác có liên_quan , Ủy_ban nhân_dân thành_phố Đà_Nẵng quyết_định hình_thức định_giá bảo_đảm phù_hợp với tình_hình kinh_tế xã_hội địa_phương và chủ_trương chính_sách của Nhà_nước . 

5 . Doanh_nghiệp đầu_tư kinh_doanh kết_cấu_hạ_tầng kỹ_thuật-xã_hội và Ban Quản_lý được quản_lý , sử_dụng toàn_bộ số tiền thu được để bù_đắp chi_phí và thực_hiện nghĩa_vụ thuế theo quy_định của pháp_luật .  Khi thu tiền sử_dụng hạ_tầng kỹ_thuật-xã_hội , doanh_nghiệp đầu_tư kinh_doanh kết_cấu_hạ_tầng kỹ_thuật-xã_hội và Ban Quản_lý phải lập và giao hóa_đơn cho người nộp ;  thực_hiện hạch_toán riêng và quản_lý , sử_dụng toàn_bộ số tiền thu được theo quy_định của pháp_luật .  Hóa_đơn thu tiền sử_dụng hạ_tầng do doanh_nghiệp đầu_tư kinh_doanh kết_cấu_hạ_tầng kỹ_thuật-xã_hội và Ban Quản_lý cấp cho người nộp là chứng_từ hợp_lệ , được hạch_toán vào chi_phí sản_xuất kinh_doanh và được khấu_trừ thuế giá_trị gia_tăng khi xác_định nghĩa_vụ thuế theo quy_định của pháp_luật . 

Điều 11 .  Xuất_nhập_cảnh 

Nhà_đầu_tư , chuyên_gia và người lao_động là người Việt_Nam định_cư ở nước_ngoài , người nước_ngoài làm_việc trực_tiếp tại Khu công_nghệ_cao và thành_viên gia_đình ( bao_gồm bố , mẹ , vợ hoặc chồng , con_đẻ , con_nuôi dưới 18 tuổi ) được xem_xét cấp thị_thực có giá_trị xuất_cảnh , nhập_cảnh nhiều lần với thời_hạn phù_hợp với mục_đích nhập_cảnh theo quy_định của pháp_luật . 

Điều 12 .  Hiệu_lực và trách_nhiệm thi_hành 

1 . Nghị_định này có hiệu_lực thi_hành từ ngày 20 tháng 02 năm 2018 . 

2 . Các Bộ_trưởng , Thủ_trưởng cơ_quan ngang bộ , Thủ_trưởng cơ_quan thuộc Chính_phủ , Chủ_tịch Ủy_ban nhân_dân thành_phố Đà_Nẵng , Trưởng ban Ban Quản_lý Khu công_nghệ_cao Đà_Nẵng và Thủ_trưởng các cơ_quan có liên_quan chịu trách_nhiệm thi_hành Nghị_định này ./. 