Nghị định Sửa đổi Điều 12 Nghị định số 21/2016/NĐ-CP ngày 31/03/2016 của Chính phủ quy định việc thực hiện chức năng thanh tra chuyên ngành về đóng bảo hiểm xã hội, bảo hiểm y tê của cơ quan bảo hiểm xã hội

Căn_cứ <L rel="Pursuant"> Luật tổ_chức Chính_phủ ngày 19 tháng 6 năm 2015 </L> ;
Căn_cứ <L rel="Pursuant"> Luật thanh_tra ngày 15 tháng 11 năm 2010 </L> ;
Căn_cứ <L rel="Pursuant"> Luật bảo_hiểm_xã_hội ngày 20 tháng 11 năm 2014 </L> ;
Căn_cứ <L rel="Pursuant"> Luật bảo_hiểm_y_tế ngày 14 tháng 11 năm 2008 </L> , <L rel="Pursuant"> Luật sửa_đổi , bổ_sung một_số điều của <L rel="Others"> Luật bảo_hiểm_y_tế </L> ngày 13 tháng 6 năm 2014 </L> ;
Căn_cứ <L rel="Pursuant"> Luật việc_làm ngày 16 tháng 11 năm 2013 </L> ;
Điều 1 . Sửa_đổi Điều 12 <NĐ rel="Amended"> Nghị_định số 21/2016/NĐ-CP ngày 31 tháng 3 năm 2016 </NĐ> của Chính_phủ quy_định việc thực_hiện chức_năng thanh_tra chuyên_ngành về đóng bảo_hiểm_xã_hội , bảo_hiểm_thất_nghiệp , bảo_hiểm_y_tế của cơ_quan bảo_hiểm_xã_hội
Sửa_đổi Điều 12 như sau : 

“ Điều 12 .  Bảo_đảm kinh_phí hoạt_động của cơ_quan bảo_hiểm_xã_hội trong việc thực_hiện chức_năng thanh_tra chuyên_ngành về đóng bảo_hiểm_xã_hội , bảo_hiểm_thất_nghiệp , bảo_hiểm_y_tế 

Kinh_phí hoạt_động của cơ_quan bảo_hiểm_xã_hội trong việc thực_hiện chức_năng thanh_tra chuyên_ngành về đóng bảo_hiểm_xã_hội , bảo_hiểm_thất_nghiệp , bảo_hiểm_y_tế được bố_trí trong dự_toán chi_phí quản_lý bảo_hiểm_xã_hội , bảo_hiểm_thất_nghiệp , bảo_hiểm_y_tế theo quy_định của pháp_luật về quản_lý_tài_chính đối_với Bảo_hiểm_xã_hội Việt_Nam .  ” . 

Điều 2 .  Điều_khoản thi_hành 

Nghị_định này có hiệu_lực thi_hành từ ngày 15 tháng 02 năm 2018 . 

Điều 3 .  Trách_nhiệm tổ_chức thực_hiện 

Các Bộ_trưởng , Thủ_trưởng cơ_quan ngang bộ , Thủ_trưởng cơ_quan thuộc Chính_phủ , Chủ_tịch Ủy_ban nhân_dân tỉnh , thành_phố trực_thuộc trung_ương , tổ_chức và các cá_nhân có liên_quan chịu trách_nhiệm thi_hành Nghị_định này ./. 