Nghị định Quy định mức lương tối thiểu vùng đối với người lao động làm việc theo hợp đồng lao động

Căn_cứ <L rel="Pursuant"> Luật tổ_chức Chính_phủ ngày 19 tháng 6 năm 2015 </L> ;
Căn_cứ <BL rel="Pursuant"> Bộ_luật lao_động ngày 18 tháng 6 năm 2012 </BL> ;
Căn_cứ <L rel="Pursuant"> Luật doanh_nghiệp ngày 26 tháng 11 năm 2014 </L> ;
Điều 1 .  Phạm_vi điều_chỉnh 

Nghị_định này quy_định mức lương tối_thiểu vùng áp_dụng đối_với người lao_động làm_việc theo hợp_đồng lao_động theo quy_định của <BL rel="Reference"> Bộ_luật lao_động </BL> .
Điều 2 .  Đối_tượng áp_dụng 

1 . Người lao_động làm_việc theo chế_độ hợp_đồng lao_động theo quy_định của <BL rel="Reference"> Bộ_luật lao_động </BL> .
2 . Doanh_nghiệp thành_lập , tổ_chức quản_lý và hoạt_động theo <L rel="Reference"> Luật doanh_nghiệp </L> .
3 . Hợp_tác_xã , liên_hiệp hợp_tác_xã , tổ_hợp_tác , trang_trại , hộ gia_đình , cá_nhân và các tổ_chức khác của Việt_Nam có thuê_mướn lao_động theo hợp_đồng lao_động . 

4 . Cơ_quan , tổ_chức nước_ngoài , tổ_chức quốc_tế và cá_nhân người nước_ngoài tại Việt_Nam có thuê_mướn lao_động theo hợp_đồng lao_động ( trừ trường_hợp điều_ước quốc_tế mà Cộng_hòa xã_hội chủ_nghĩa Việt_Nam là thành_viên có quy_định khác với quy_định của Nghị_định này ) . 

Các doanh_nghiệp , hợp_tác_xã , liên_hiệp hợp_tác_xã , tổ_hợp_tác , trang_trại , hộ gia_đình , cơ_quan , tổ_chức và cá_nhân quy_định tại các khoản 2 , 3 và khoản 4 Điều này sau đây gọi chung là doanh_nghiệp . 

Điều 3 .  Mức lương tối_thiểu vùng 

1 . Quy_định mức lương tối_thiểu vùng áp_dụng đối_với người lao_động làm_việc ở doanh_nghiệp như sau : 

a ) Mức 3.750.000 đồng/tháng , áp_dụng đối_với doanh_nghiệp hoạt_động trên địa_bàn thuộc vùng I . 

b ) Mức 3.320.000 đồng/tháng , áp_dụng đối_với doanh_nghiệp hoạt_động trên địa_bàn thuộc vùng II . 

c ) Mức 2.900.000 đồng/tháng , áp_dụng đối_với doanh_nghiệp hoạt_động trên địa_bàn thuộc vùng III . 

d ) Mức 2.580.000 đồng/tháng , áp_dụng đối_với doanh_nghiệp hoạt_động trên địa_bàn thuộc vùng IV . 

2 . Địa_bàn thuộc vùng I , vùng II , vùng III và vùng IV được quy_định tại Phụ_lục ban_hành kèm theo Nghị_định này . 

Điều 4 .  Nguyên_tắc áp_dụng mức lương tối_thiểu vùng theo địa_bàn 

1 . Doanh_nghiệp hoạt_động trên địa_bàn nào thì áp_dụng mức lương tối_thiểu vùng quy_định đối_với địa_bàn đó .  Trường_hợp_doanh_nghiệp có đơn_vị , chi_nhánh hoạt_động trên các địa_bàn có mức lương tối_thiểu vùng khác nhau thì đơn_vị , chi_nhánh hoạt_động ở địa_bàn nào , áp_dụng mức lương tối_thiểu vùng quy_định đối_với địa_bàn đó . 

2 . Doanh_nghiệp hoạt_động trong khu công_nghiệp , khu chế_xuất , khu kinh_tế và khu công_nghệ_cao nằm trên các địa_bàn có mức lương tối_thiểu vùng khác nhau thì áp_dụng theo địa_bàn có mức lương tối_thiểu vùng_cao nhất . 

3 . Doanh_nghiệp hoạt_động trên địa_bàn có sự thay_đổi tên hoặc chia tách thì tạm_thời áp_dụng mức lương tối_thiểu vùng quy_định đối_với địa_bàn trước khi thay_đổi tên hoặc chia tách cho đến khi Chính_phủ có quy_định mới . 

4 . Doanh_nghiệp hoạt_động trên địa_bàn được thành_lập mới từ một địa_bàn hoặc nhiều địa_bàn có mức lương tối_thiểu vùng khác nhau thì áp_dụng mức lương tối_thiểu vùng theo địa_bàn có mức lương tối_thiểu vùng_cao nhất .  Trường_hợp_doanh_nghiệp hoạt_động trên địa_bàn là thành_phố trực_thuộc tỉnh được thành_lập mới từ một địa_bàn hoặc nhiều địa_bàn thuộc vùng IV thì áp_dụng mức lương tối_thiểu vùng quy_định đối_với địa_bàn thành_phố trực_thuộc tỉnh còn lại tại Mục 3 , Phụ_lục ban_hành kèm theo Nghị_định này . 

Điều 5 .  Áp_dụng mức lương tối_thiểu vùng 

1 . Mức lương tối_thiểu vùng quy_định tại Điều 3 Nghị_định này là mức thấp nhất làm cơ_sở để doanh_nghiệp và người lao_động thỏa_thuận và trả lương , trong đó mức lương trả cho người lao_động làm_việc trong điều_kiện lao_động bình_thường , bảo_đảm đủ thời_giờ làm_việc bình_thường trong tháng và hoàn_thành định_mức lao_động hoặc công_việc đã thỏa_thuận phải bảo_đảm : 

a ) Không thấp hơn mức lương tối_thiểu vùng đối_với người lao_động làm công_việc giản_đơn_nhất ; 

b ) Cao hơn ít_nhất 7 % so với mức lương tối_thiểu vùng đối_với người lao_động làm công_việc đòi_hỏi người lao_động đã qua học nghề , đào_tạo nghề theo quy_định tại khoản 2 Điều này . 

2 . Người lao_động đã qua học nghề , đào_tạo nghề bao_gồm : 

a ) Người đã được cấp chứng_chỉ nghề , bằng nghề , bằng trung_học chuyên_nghiệp , bằng trung_học nghề , bằng cao_đẳng , chứng_chỉ đại_học đại_cương , bằng đại_học , bằng cử_nhân , bằng cao_học hoặc bằng thạc_sĩ , bằng tiến_sĩ theo quy_định tại <NĐ rel="Reference"> Nghị_định số 90/CP ngày 24 tháng 11 năm 1993 </NĐ> của Chính_phủ quy_định cơ_cấu khung của hệ_thống giáo_dục quốc dân , hệ_thống văn_bằng , chứng_chỉ về giáo_dục và đào_tạo ;
b ) Người đã được cấp bằng tốt_nghiệp trung_học chuyên_nghiệp , bằng tốt_nghiệp đào_tạo nghề , bằng tốt_nghiệp cao_đẳng , bằng tốt_nghiệp đại_học , bằng thạc_sĩ , bằng tiến_sĩ ; văn_bằng , chứng_chỉ giáo_dục nghề_nghiệp ; văn_bằng giáo_dục đại_học và văn_bằng , chứng_chỉ giáo_dục thường_xuyên theo quy_định tại <L rel="Reference"> Luật giáo_dục năm 1998 </L> và <L rel="Reference"> Luật giáo_dục năm 2005 </L> ;
c ) Người đã được cấp chứng_chỉ theo chương_trình dạy nghề thường_xuyên , chứng_chỉ sơ_cấp nghề , bằng tốt_nghiệp trung_cấp nghề , bằng tốt_nghiệp cao_đẳng nghề hoặc đã hoàn_thành chương_trình học nghề theo hợp_đồng_học nghề quy_định tại <L rel="Reference"> Luật dạy nghề </L> ;
d ) Người đã được cấp chứng_chỉ kỹ_năng nghề quốc_gia theo quy_định của <L rel="Reference"> Luật việc_làm </L> ;
đ ) Người đã được cấp văn_bằng , chứng_chỉ giáo_dục nghề_nghiệp đào_tạo trình_độ sơ_cấp , trung_cấp , cao_đẳng ; đào_tạo thường_xuyên và các chương_trình đào_tạo nghề_nghiệp khác theo quy_định tại <L rel="Reference"> Luật giáo_dục nghề_nghiệp </L> ;
e ) Người đã được cấp bằng tốt_nghiệp trình_độ đào_tạo của giáo_dục đại_học theo quy_định tại <L rel="Reference"> Luật giáo_dục đại_học </L> ;
g ) Người đã được cấp văn_bằng , chứng_chỉ của cơ_sở đào_tạo nước_ngoài ; 

h ) Người đã được doanh_nghiệp đào_tạo nghề hoặc tự học nghề và được doanh_nghiệp kiểm_tra , bố_trí làm công_việc đòi_hỏi phải qua đào_tạo nghề . 

3 . Căn_cứ vào mức lương tối_thiểu vùng quy_định tại Điều 3 Nghị_định này và các nội_dung thỏa_thuận trong hợp_đồng lao_động với người lao_động , thỏa_ước lao_động tập_thể hoặc quy_chế của doanh_nghiệp , doanh_nghiệp phối_hợp với Ban_Chấp_hành công_đoàn cơ_sở và người lao_động để thỏa_thuận , xác_định_mức điều_chỉnh các mức lương trong thang lương , bảng lương , mức lương ghi trong hợp_đồng lao_động và mức lương trả cho người lao_động cho phù_hợp , bảo_đảm các quy_định của pháp_luật lao_động và tương_quan hợp_lý tiền_lương giữa lao_động chưa qua đào_tạo với lao_động đã qua đào_tạo và lao_động có trình_độ chuyên_môn , kỹ_thuật cao , giữa lao_động mới tuyển_dụng với lao_động có thâm_niên làm_việc tại doanh_nghiệp . 

4 . Khi thực_hiện mức lương tối_thiểu vùng quy_định tại Nghị_định này , doanh_nghiệp không được xóa_bỏ hoặc cắt_giảm các chế_độ tiền_lương khi người lao_động làm thêm giờ , làm_việc vào ban_đêm , làm_việc trong điều_kiện lao_động nặng_nhọc , độc_hại , chế_độ bồi_dưỡng bằng hiện_vật đối_với các chức_danh nghề nặng_nhọc , độc_hại và các chế_độ khác theo quy_định của pháp_luật lao_động .  Các khoản phụ_cấp , bổ_sung khác , trợ_cấp , tiền thưởng do doanh_nghiệp quy_định thì thực_hiện theo thỏa_thuận trong hợp_đồng lao_động , thỏa_ước lao_động tập_thể hoặc trong quy_chế của doanh_nghiệp . 

Điều 6 .  Hiệu_lực thi_hành 

1 . Nghị_định này có hiệu_lực thi_hành từ ngày 01 tháng 01 năm 2017 . <NĐ rel="Drop"> Nghị_định số 122/2015/NĐ-CP ngày 14 tháng 11 năm 2015 </NĐ> của Chính_phủ quy_định mức lương tối_thiểu vùng đối_với người lao_động làm_việc ở doanh_nghiệp , hợp_tác_xã , tổ_hợp_tác , trang_trại , hộ gia_đình , cá_nhân và các cơ_quan , tổ_chức có thuê_mướn lao_động hết hiệu_lực kể từ ngày Nghị_định này có hiệu_lực thi_hành .
2 . Bộ Lao_động-Thương_binh và Xã_hội chủ_trì , phối_hợp với Tổng_Liên_đoàn Lao_động Việt_Nam , Phòng Thương_mại và Công_nghiệp Việt_Nam , Liên_minh Hợp_tác_xã Việt_Nam , Hiệp_hội doanh_nghiệp nhỏ và vừa Việt_Nam , các bộ , cơ_quan liên_quan và Ủy_ban nhân_dân tỉnh , thành_phố trực_thuộc trung_ương tuyên_truyền , phổ_biến đến người lao_động , người sử_dụng lao_động và kiểm_tra , giám_sát việc thực_hiện mức lương tối_thiểu vùng theo quy_định tại Nghị_định này ;  trình Chính_phủ xem_xét , điều_chỉnh mức lương tối_thiểu vùng theo quy_định . 

3 . Các Bộ_trưởng , Thủ_trưởng cơ_quan ngang bộ , Thủ_trưởng cơ_quan thuộc Chính_phủ , Chủ_tịch Ủy_ban nhân_dân tỉnh , thành_phố trực_thuộc trung_ương và các cơ_quan , doanh_nghiệp chịu trách_nhiệm thi_hành Nghị_định này ./. 