Nghị định Ban hành Hợp đồng mẫu của Hợp đồng Chia sản phẩm dầu khí

Căn_cứ <L rel="Pursuant"> Luật Tổ_chức Chính_phủ ngày 25 tháng 12 năm 2001 </L> ;
Căn_cứ <L rel="Pursuant"> Luật_Dầu_khí năm 1993 </L> ; <L rel="Pursuant"> Luật sửa_đổi , bổ_sung một_số điều của <L rel="Others"> Luật_Dầu_khí </L> năm 2000 </L> và <L rel="Pursuant"> Luật sửa_đổi bổ_sung một_số điều của <L rel="Others"> Luật_Dầu_khí </L> năm 2008 </L> ;
Điều 1 .  Ban_hành kèm theo Nghị_định này Hợp_đồng mẫu của Hợp_đồng Chia sản_phẩm dầu_khí . 

Điều 2 .  Hợp_đồng Chia sản_phẩm dầu_khí phải tuân_thủ Hợp_đồng mẫu ban_hành kèm theo Nghị_định này . 

Tập_đoàn Dầu_khí Việt_Nam và Nhà_thầu chỉ đàm_phán các nội_dung được trích yếu “ phụ_thuộc vào kết_quả đấu_thầu hoặc đàm_phán ” tương_tự như quy_định tại Điều 20.7 của Hợp_đồng mẫu .  Trong trường_hợp được Thủ_tướng Chính_phủ chấp_thuận , các bên ký_kết_hợp_đồng có_thể thỏa_thuận không áp_dụng Hợp_đồng mẫu . 

Điều 3 . Nghị_định này không áp_dụng đối_với các hợp_đồng dầu_khí đã ký_kết trước ngày hiệu_lực của Nghị_định này . Đối_với các lô dầu_khí đã được Thủ_tướng Chính_phủ phê_duyệt điều_kiện kinh_tế , kỹ_thuật , thương_mại cơ_bản trước ngày Nghị_định này có hiệu_lực thì việc đàm_phán , ký_kết tiếp_tục thực_hiện theo Hợp_đồng mẫu của Hợp_đồng Chia sản_phẩm dầu_khí ban_hành kèm theo <NĐ rel="Reference"> Nghị_định số 139/2005/NĐ-CP ngày 11 tháng 11 năm 2005 </NĐ> của Chính_phủ .
Điều 4 . Nghị_định này có hiệu_lực thi_hành kể từ ngày 08 tháng 6 năm 2013 và thay_thế <NĐ rel="Replace"> Nghị_định số 139/2005/NĐ-CP ngày 11 tháng 11 năm 2005 </NĐ> của Chính_phủ về ban_hành Hợp_đồng mẫu của Hợp_đồng Chia sản_phẩm dầu_khí .
Điều 5 .  Các Bộ_trưởng , Thủ_trưởng cơ_quan ngang Bộ , Thủ_trưởng cơ_quan thuộc Chính_phủ , Chủ_tịch Ủy_ban nhân_dân tỉnh , thành_phố trực_thuộc Trung_ương và các tổ_chức , cá_nhân có liên_quan chịu trách_nhiệm thi_hành Nghị_định này ./. 