Thông tư Hướng dẫn công tác thi đua, khen thưởng ngành Ngân hàng

Căn_cứ <L rel="Pursuant"> Luật thi_đua , khen_thưởng ngày 26 tháng 11 năm 2003 </L> ; <L rel="Pursuant"> Luật sửa_đổi , bổ_sung một_số điều của <L rel="Others"> Luật thi_đua , khen_thưởng </L> ngày 14 tháng 6 năm 2005 </L> ; <L rel="Others"> Luật sửa_đổi , bổ_sung một_số điều của <L rel="Others"> Luật thi_đua , khen_thưởng </L> ngày 16 tháng 11 năm 2013 </L> ;
Căn_cứ <NĐ rel="Pursuant"> Nghị_định số 91/2017/NĐ-CP ngày 31 tháng 7 năm 2017 </NĐ> của Chính_phủ quy_định chi_tiết thi_hành một_số điều của <L rel="Others"> Luật thi_đua , khen_thưởng </L> ;
Căn_cứ <NĐ rel="Pursuant"> Nghị_định số 16/2017/NĐ-CP ngày 17 tháng 02 năm 2017 </NĐ> của Chính_phủ quy_định chức_năng , nhiệm_vụ , quyền_hạn và cơ_cấu tổ_chức của Ngân_hàng Nhà_nước Việt_Nam ;
Điều 1 .  Phạm_vi điều_chỉnh 

Thông_tư này hướng_dẫn thực_hiện công_tác thi_đua , khen_thưởng trong ngành Ngân_hàng gồm các nội_dung sau : đối_tượng thi_đua , khen_thưởng ;  tổ_chức các phong_trào thi_đua ;  danh_hiệu , tiêu_chuẩn danh_hiệu thi_đua ;  hình_thức , tiêu_chuẩn khen_thưởng ;  thẩm_quyền quyết_định khen_thưởng , thủ_tục đề_nghị khen_thưởng ;  trao_tặng các danh_hiệu thi_đua và hình_thức khen_thưởng ;  quỹ thi_đua , khen_thưởng ;  quản_lý Nhà_nước về công_tác thi_đua , khen_thưởng ;  hội_đồng thi_đua khen_thưởng và hội_đồng sáng_kiến các cấp ;  quyền và nghĩa_vụ của cá_nhân , tập_thể được khen_thưởng . 

Điều 2 .  Đối_tượng áp_dụng 

Cá_nhân , tập_thể thuộc Ngân_hàng Nhà_nước Việt_Nam ( sau đây gọi là Ngân_hàng Nhà_nước ) ;  các tổ_chức tín_dụng ;  Chi_nhánh ngân_hàng nước_ngoài ;  Bảo_hiểm_tiền gửi Việt_Nam ;  Cơ_quan thường_trực các Hiệp_hội và doanh_nghiệp do Ngân_hàng Nhà_nước quản_lý ;  các cá_nhân , tập_thể khác có đóng_góp trực_tiếp , thiết_thực cho hoạt_động của ngành Ngân_hàng . 

Điều 3 .  Tập_thể trong ngành Ngân_hàng 

1 . Đối_với Ngân_hàng Nhà_nước 

a ) Tập_thể lớn là : đơn_vị thuộc Ngân_hàng Nhà_nước , cơ_quan thường_trực của các tổ_chức đảng , đoàn_thể tại trụ_sở chính Ngân_hàng Nhà_nước ; 

b ) Tập_thể cơ_sở là : Vụ , Cục , Văn_phòng thuộc Cơ_quan Thanh_tra , giám_sát ngân_hàng ;  Chi_cục thuộc Cục ; 

c ) Tập_thể nhỏ là : phòng ( ban ) và tương_đương thuộc tập_thể quy_định tại Điểm a và b Khoản này . 

2 . Đối_với các tổ_chức tín_dụng , Chi_nhánh ngân_hàng nước_ngoài và Bảo_hiểm_tiền gửi Việt_Nam 

a ) Tập_thể lớn là : Ngân_hàng thương_mại , Ngân_hàng Chính_sách xã_hội , Ngân_hàng hợp_tác_xã Việt_Nam , Bảo_hiểm_tiền gửi Việt_Nam , Chi_nhánh ngân_hàng nước_ngoài , công_ty tài_chính , công_ty cho thuê tài_chính , các tổ_chức tài_chính vi_mô ( trừ công_ty_con của tổ_chức tín_dụng ) ; 

b ) Tập_thể cơ_sở là : phòng ( ban ) , trung_tâm tại trụ_sở chính , chi_nhánh , công_ty_con và đơn_vị tương_đương thuộc các tập_thể quy_định tại Điểm a Khoản này ( trừ các tổ_chức tài_chính vi_mô ) ; 

c ) Tập_thể nhỏ là : phòng ( ban ) , phòng giao_dịch và đơn_vị tương_đương thuộc các tập_thể quy_định tại Điểm b Khoản này . 

3 . Đối_với khối đào_tạo 

a ) Tập_thể lớn là : Học_viện Ngân_hàng , Trường Đại_học Ngân_hàng thành_phố Hồ_Chí_Minh ; 

b ) Tập_thể cơ_sở là : phòng , khoa , bộ_môn , trung_tâm và cơ_sở đào_tạo , đơn_vị thuộc các tập_thể quy_định tại Điểm a Khoản này ; 

c ) Tập_thể nhỏ là : phòng ( ban ) , khoa , bộ_môn và đơn_vị tương_đương thuộc các tập_thể quy_định tại Điểm b Khoản này . 

4 . Đối_với các doanh_nghiệp do Ngân_hàng Nhà_nước quản_lý 

a ) Tập_thể lớn là : Nhà_máy_in tiền Quốc_gia , Công_ty cổ_phần Thanh_toán quốc_gia Việt_Nam , Công_ty Quản_lý_tài_sản của các tổ_chức tín_dụng Việt_Nam và các doanh_nghiệp khác do Ngân_hàng Nhà_nước quản_lý ; 

b ) Tập_thể cơ_sở là : phòng ( ban ) , xưởng và đơn_vị tương_đương thuộc các tập_thể quy_định tại Điểm a Khoản này ; 

c ) Tập_thể nhỏ là : tổ và đơn_vị tương_đương thuộc các tập_thể quy_định tại Điểm b Khoản này . 

5 . Đối_với Cơ_quan thường_trực các Hiệp_hội do Ngân_hàng Nhà_nước quản_lý 

a ) Tập_thể lớn là : cơ_quan thường_trực của Hiệp_hội Ngân_hàng , Hiệp_hội Quỹ tín_dụng nhân_dân , Hiệp_hội công_ty cho thuê tài_chính và các hiệp_hội khác do Ngân_hàng Nhà_nước quản_lý ; 

b ) Tập_thể nhỏ là : phòng ( ban ) và đơn_vị tương_đương thuộc các tập_thể quy_định tại Điểm a Khoản này . 

Điều 4 .  Sáng_kiến trong ngành Ngân_hàng 

1 . Sáng_kiến trong ngành Ngân_hàng ( sau đây gọi là sáng_kiến ) là các giải_pháp mới được tạo ra hoặc cải_tiến các giải_pháp trước đó được áp_dụng trong quá_trình triển_khai thực_hiện nhiệm_vụ , mang lại lợi_ích thiết_thực ( hiệu_quả kinh_tế hoặc lợi_ích xã_hội ) , nâng cao năng_suất , chất_lượng , hiệu_quả công_tác , bao_gồm : 

a ) Giải_pháp quản_lý là cách_thức tổ_chức , điều_hành công_việc của chủ_thể quản_lý lên đối_tượng quản_lý nhằm đạt mục_đích nhất_định trong công_việc ; 

b ) Giải_pháp kỹ_thuật là cách_thức , phương_tiện kỹ_thuật nhằm giải_quyết một nhiệm_vụ xác_định ; 

c ) Giải_pháp tác_nghiệp là việc tham_mưu , đề_xuất các phương_pháp thực_hiện nhiệm_vụ giúp chủ_thể quản_lý_giải_quyết công_việc đạt hiệu_quả ; 

d ) Giải_pháp ứng_dụng tiến_bộ , khoa_học , kỹ_thuật , công_nghệ mới là phương_pháp , cách_thức , biện_pháp áp_dụng một giải_pháp kỹ_thuật đã biết vào thực_tiễn hoạt_động ngân_hàng . 

2 . Phạm_vi ảnh_hưởng của sáng_kiến 

a ) Sáng_kiến đạt hiệu_quả cao và có phạm_vi ảnh_hưởng trong toàn_quốc ( sau đây gọi là sáng_kiến cấp toàn_quốc ) là các giải_pháp mới được tạo ra hoặc cải_tiến các giải_pháp trước đó , được áp_dụng trong ngành Ngân_hàng mang lại lợi_ích thiết_thực trong toàn_quốc ; 

b ) Sáng_kiến đạt hiệu_quả và có phạm_vi ảnh_hưởng trong ngành Ngân_hàng ( sau đây gọi là sáng_kiến cấp Ngành ) là các giải_pháp mới được tạo ra hoặc cải_tiến các giải_pháp trước đó , được áp_dụng và mang lại lợi_ích thiết_thực đối_với ngành Ngân_hàng ; 

c ) Sáng_kiến đạt hiệu_quả và có phạm_vi ảnh_hưởng cấp cơ_sở ( sau đây gọi là sáng_kiến cấp cơ_sở ) là các giải_pháp mới được tạo ra hoặc cải_tiến các giải_pháp trước đó , được áp_dụng và mang lại lợi_ích thiết_thực đối_với hoạt_động của đơn_vị . 

Điều 5 .  Nguyên_tắc khen_thưởng 

1 . Trong một năm , Thống_đốc Ngân_hàng Nhà_nước ( sau đây gọi là Thống_đốc ) chỉ tặng Bằng khen hoặc đề_nghị khen_thưởng cấp Nhà_nước một lần cho một tập_thể , cá_nhân trừ khen_thưởng đột_xuất , chuyên_đề . 

2 . Chưa khen_thưởng hoặc đề_nghị cấp trên khen_thưởng tập_thể , cá_nhân đang trong thời_gian cơ_quan có thẩm_quyền xem_xét thi_hành kỷ_luật hoặc đang điều_tra , thanh_tra , kiểm_tra khi có dấu_hiệu vi_phạm hoặc có đơn thư khiếu_nại , tố_cáo đang được xác_minh làm rõ . 

3 . Chỉ xét khen_thưởng hoặc trình cấp có thẩm_quyền khen_thưởng đối_với tổ_chức tín_dụng , chi_nhánh tổ_chức tín_dụng , Chi_nhánh ngân_hàng nước_ngoài và cá_nhân là Người quản_lý , Người điều_hành tổ_chức tín_dụng , Tổng_giám_đốc ( Giám_đốc ) Chi_nhánh ngân_hàng nước_ngoài có tỷ_lệ nợ xấu dưới mức tối_đa theo quyết_định của Thống_đốc . 

4 . Các tập_thể , cá_nhân thuộc ngành Ngân_hàng đề_nghị khen_thưởng “ Bằng khen của Thủ_tướng Chính_phủ ” có liên_quan đến tiêu_chuẩn Bằng khen cấp Bộ , ngành , tỉnh , đoàn_thể Trung_ương thì tiêu_chí xét là “ Bằng khen của Thống_đốc ” ( về thành_tích toàn_diện ) hoặc khen_thưởng của các Bộ , ngành về hoạt_động chuyên_môn hằng năm cho các tập_thể , cá_nhân thuộc Cơ_quan Thanh_tra , giám_sát ngân_hàng , Học_Viện Ngân_hàng , Trường Đại_học Ngân_hàng thành_phố Hồ_Chí_Minh và các tổ_chức đảng , đoàn_thể . 

5 . Thời_gian trình khen_thưởng lần tiếp_theo được tính theo thời_gian lập được thành_tích ghi trong quyết_định khen_thưởng lần trước .  Đối_với quyết_định khen_thưởng không ghi thời_gian lập được thành_tích thì thời_gian trình khen_thưởng lần sau được tính theo thời_gian ban_hành quyết_định khen_thưởng lần trước . 

Điều 6 .  Hình_thức tổ_chức phong_trào thi_đua 

1 . Thi_đua thường_xuyên là hình_thức thi_đua căn_cứ vào chức_năng , nhiệm_vụ được giao của tập_thể , cá_nhân để tổ_chức phát_động , nhằm thực_hiện tốt công_việc hằng ngày , hằng tháng , hằng quý , hằng năm của cơ_quan , tổ_chức , đơn_vị .  Đối_tượng thi_đua thường_xuyên là các cá_nhân trong một tập_thể , các tập_thể trong cùng một cơ_quan , tổ_chức , đơn_vị hoặc giữa các cơ_quan , tổ_chức , đơn_vị có chức_năng , nhiệm_vụ , tính_chất công_việc tương_đồng nhau . 

Việc tổ_chức phong_trào thi_đua thường_xuyên phải xác_định rõ mục_đích , yêu_cầu , mục_tiêu , các chỉ_tiêu cụ_thể và được triển_khai thực_hiện_tại cơ_quan , tổ_chức , đơn_vị hoặc theo Khối , Cụm thi_đua để phát_động phong_trào thi_đua , ký_kết giao_ước thi_đua .  Kết_thúc năm công_tác , Thủ_trưởng cơ_quan , tổ_chức , đơn_vị , Trưởng các Khối , Cụm thi_đua tiến_hành tổng_kết và bình_xét các danh_hiệu thi_đua . 

2 . Thi_đua theo chuyên_đề ( hoặc theo đợt ) là hình_thức thi_đua nhằm thực_hiện tốt nhiệm_vụ trọng_tâm hoặc một lĩnh_vực cần tập_trung được xác_định trong khoảng thời_gian nhất_định hoặc tổ_chức thi_đua để phấn_đấu hoàn_thành nhiệm_vụ trọng_tâm , đột_xuất , cấp_bách của cơ_quan , tổ_chức , đơn_vị .  Các đơn_vị chỉ phát_động thi_đua theo chuyên_đề ( hoặc theo đợt ) khi đã xác_định rõ thời_gian , mục_đích , yêu_cầu , chỉ_tiêu , nội_dung và giải_pháp thực_hiện . 

Thi_đua theo chuyên_đề tổ_chức trong phạm_vi ngành Ngân_hàng , khi tiến_hành sơ_kết , tổng_kết phong_trào thi_đua từ 03 năm trở lên , đơn_vị lựa_chọn tập_thể , cá_nhân có thành_tích tiêu_biểu xuất_sắc khen_thưởng hoặc đề_nghị khen_thưởng cao nhất là “ Bằng khen của Thủ_tướng Chính_phủ ” ;  từ 05 năm trở lên , đề_nghị khen_thưởng cao nhất là “ Huân_chương Lao_động hạng Ba ” . 

Điều 7 .  Đăng_ký danh_hiệu thi_đua , ký giao_ước thi_đua 

1 . Hằng năm , các tập_thể lớn quy_định tại Điều 3 Thông_tư này ( sau đây gọi là các đơn_vị ) có trách_nhiệm tổ_chức cho từng tập_thể , cá_nhân thuộc đơn_vị đăng_ký thi_đua và tổng_hợp đăng_ký thi_đua theo mẫu_số 01 kèm theo Thông_tư này gửi về Ngân_hàng Nhà_nước ( qua Vụ Thi_đua-Khen_thưởng ) chậm nhất ngày 28 tháng 02 hằng năm .  Đối_với các tổ_chức tài_chính vi_mô gửi bản đăng_ký danh_hiệu thi_đua về Ngân_hàng Nhà_nước chi_nhánh tỉnh , thành_phố trên địa_bàn quản_lý . 

2 . Hằng năm , Trưởng các Khối , Cụm thi_đua tổ_chức ký giao_ước thi_đua giữa các đơn_vị thuộc Khối , Cụm thi_đua và gửi bản ký giao_ước thi_đua về Ngân_hàng Nhà_nước ( Vụ Thi_đua-Khen_thưởng ) chậm nhất ngày 28 tháng 02 .  Các chỉ_tiêu , nội_dung và biện_pháp tổ_chức thi_đua phải thông_qua Khối , Cụm thi_đua để thống_nhất thực_hiện .  Khối , Cụm thi_đua do cấp có thẩm_quyền quy_định . 

Điều 8 .  Trách_nhiệm tổ_chức phong_trào thi_đua 

1 . Thống_đốc phát_động , tổ_chức , chỉ_đạo phong_trào thi_đua trong ngành Ngân_hàng .  Vụ Thi_đua-Khen_thưởng có trách_nhiệm tham_mưu cho Thống_đốc trong việc phát_động , tổ_chức , chỉ_đạo và kiểm_tra việc thực_hiện các phong_trào thi_đua do Thống_đốc phát_động . 

2 . Thủ_trưởng các đơn_vị ( Thủ_trưởng các đơn_vị thuộc Ngân_hàng Nhà_nước ;  Người đại_diện theo pháp_luật của tổ_chức tín_dụng , Bảo_hiểm_tiền gửi Việt_Nam , doanh_nghiệp do Ngân_hàng Nhà_nước quản_lý ;  Tổng_giám_đốc ( Giám_đốc ) Chi_nhánh ngân_hàng nước_ngoài ;  Tổng_thư_ký các Hiệp_hội do Ngân_hàng Nhà_nước quản_lý ) có trách_nhiệm phát_động thi_đua , tổ_chức các phong_trào thi_đua và sơ_kết , tổng_kết phong_trào thi_đua thuộc đơn_vị . 

3 . Trưởng Khối , Cụm thi_đua có trách_nhiệm tổ_chức phát_động thi_đua , giám_sát việc triển_khai thực_hiện phong_trào thi_đua giữa các đơn_vị thuộc Khối , Cụm thi_đua và tổ_chức sơ_kết , tổng_kết phong_trào thi_đua . 

4 . Cấp_ủy đảng và đoàn_thể các cấp trong ngành Ngân_hàng phối_hợp chặt_chẽ với Thủ_trưởng đơn_vị chỉ_đạo tổ_chức , triển_khai các phong_trào thi_đua . 

5 . Các cơ_quan thông_tin , báo_chí trong ngành Ngân_hàng tuyên_truyền về công_tác thi_đua , khen_thưởng ;  phản_ánh đúng kết_quả của phong_trào thi_đua và công_tác khen_thưởng ;  phát_hiện cá_nhân , tập_thể có thành_tích xuất_sắc trong phong_trào thi_đua để nêu gương hoặc giới_thiệu với Hội_đồng thi_đua , khen_thưởng các cấp xem_xét khen_thưởng ;  đấu_tranh phê_phán các hành_vi vi_phạm pháp_luật về thi_đua , khen_thưởng trong ngành Ngân_hàng . 

Mục 2 

DANH_HIỆU THI_ĐUA VÀ TIÊU_CHUẨN DANH_HIỆU THI_ĐUA 

Điều 9 .  Các danh_hiệu thi_đua 

1 . Đối_với cá_nhân gồm : “ Lao_động tiên_tiến ” , “ Chiến_sĩ thi_đua cơ_sở ” , “ Chiến_sĩ thi_đua ngành Ngân_hàng ” , “ Chiến_sĩ thi_đua toàn_quốc ” . 

2 . Đối_với tập_thể gồm : “ Tập_thể lao_động tiên_tiến ” , “ Tập_thể lao_động xuất_sắc ” , “ Cờ thi_đua của Ngân_hàng Nhà_nước ” , “ Cờ thi_đua của Chính_phủ ” . 

Điều 10 .  Tiêu_chuẩn danh_hiệu “ Lao_động tiên_tiến ” 

1 . Danh_hiệu “ Lao_động tiên_tiến ” được xét tặng hằng năm cho cá_nhân đạt các tiêu_chuẩn sau : 

a ) Hoàn_thành tốt nhiệm_vụ được giao , đạt năng_suất và chất_lượng cao ; 

b ) Chấp_hành tốt chủ_trương , chính_sách của Đảng , pháp_luật của Nhà_nước , quy_định , quy_chế của ngành Ngân_hàng , của đơn_vị và của địa_phương ;  có tinh_thần tự_lực , tự_cường , đoàn_kết , tương_trợ , tích_cực tham_gia phong_trào thi_đua ; 

c ) Tích_cực học_tập chính_trị , văn_hóa , chuyên_môn , nghiệp_vụ ; 

d ) Có đạo_đức và lối sống lành_mạnh . 

2 . Thời_gian nghỉ thai_sản theo quy_định được tính để bình_xét danh_hiệu “ Lao_động tiên_tiến ” . 

3 . Cá_nhân có hành_động dũng_cảm cứu người , cứu tài_sản , dẫn đến bị thương_tích cần điều_trị , điều_dưỡng thì thời_gian điều_trị , điều_dưỡng được tính để xét tặng danh_hiệu “ Lao_động tiên_tiến ” . 

4 . Đối_với cá_nhân chuyển công_tác , đơn_vị mới có trách_nhiệm xem_xét , bình_bầu danh_hiệu “ Lao_động tiên_tiến ” .  Trường_hợp có thời_gian công_tác ở đơn_vị cũ từ 6 tháng trở lên phải có ý_kiến nhận_xét của đơn_vị cũ .  Trường_hợp cá_nhân được điều_động , biệt_phái đến cơ_quan , tổ_chức , đơn_vị khác trong một thời_gian nhất_định thì việc xem_xét , bình_bầu danh_hiệu “ Lao_động tiên_tiến ” do cơ_quan , tổ_chức , đơn_vị điều_động , biệt_phái xem_xét quyết_định ( có ý_kiến của cơ_quan , tổ_chức , đơn_vị tiếp_nhận cá_nhân được điều_động , biệt_phái ) . 

5 . Cá_nhân được cử tham_gia đào_tạo , bồi_dưỡng ngắn_hạn trong nước hoặc nước_ngoài dưới 01 năm , chấp_hành tốt các quy_định của cơ_sở đào_tạo , bồi_dưỡng thì thời_gian học_tập được tính vào thời_gian công_tác tại đơn_vị để bình_xét danh_hiệu “ Lao_động tiên_tiến ” .  Trường_hợp cá_nhân được cử tham_gia đào_tạo , bồi_dưỡng trong nước hoặc nước_ngoài từ 01 năm trở lên , chấp_hành tốt quy_định của cơ_sở đào_tạo , bồi_dưỡng , có kết_quả học_tập từ_loại khá trở lên thì được xét tặng danh_hiệu “ Lao_động tiên_tiến ” . 

6 . Không xét tặng danh_hiệu “ Lao_động tiên_tiến ” đối_với một trong các trường_hợp : mới tuyển_dụng dưới 10 tháng , bị kỷ_luật từ hình_thức khiển_trách trở lên . 

Điều 11 .  Tiêu_chuẩn danh_hiệu “ Tập_thể lao_động tiên_tiến ” 

1 . Hoàn_thành tốt nhiệm_vụ và kế_hoạch được giao . 

2 . Có phong_trào thi_đua thường_xuyên , thiết_thực , có hiệu_quả . 

3 . Có trên 50 % cá_nhân trong tập_thể đạt danh_hiệu “ Lao_động tiên_tiến ” và không có cá_nhân bị kỷ_luật từ hình_thức cảnh_cáo trở lên đối_với cán_bộ , công_chức , viên_chức , không có cá_nhân bị kỷ_luật hình_thức kéo_dài thời_hạn nâng lương không quá 6 tháng , cách_chức , sa_thải đối_với cá_nhân không phải là cán_bộ , công_chức , viên_chức . 

4 . Nội_bộ đoàn_kết , chấp_hành tốt chủ_trương , chính_sách của Đảng , pháp_luật của Nhà_nước . 

Điều 12 .  Tiêu_chuẩn danh_hiệu “ Chiến_sĩ thi_đua cơ_sở ” 

1 . Danh_hiệu “ Chiến_sĩ thi_đua cơ_sở ” được xét tặng hằng năm cho cá_nhân đạt các tiêu_chuẩn sau : 

a ) Đạt danh_hiệu “ Lao_động tiên_tiến ” ; 

b ) Hoàn_thành xuất_sắc nhiệm_vụ được đơn_vị công_nhận ; 

c ) Có sáng_kiến để tăng năng_suất lao_động , tăng hiệu_quả công_tác được đơn_vị công_nhận hoặc có đề_tài nghiên_cứu khoa_học đã được nghiệm_thu được áp_dụng tại cơ_quan , đơn_vị . 

2 . Tỷ_lệ cá_nhân được công_nhận danh_hiệu “ Chiến_sĩ thi_đua cơ_sở ” không quá 15 % tổng_số cá_nhân đạt danh_hiệu “ Lao_động tiên_tiến ” của đơn_vị . 

Điều 13 .  Tiêu_chuẩn danh_hiệu “ Chiến_sĩ thi_đua ngành Ngân_hàng ” và “ Chiến_sĩ thi_đua toàn_quốc ” 

1 . Danh_hiệu “ Chiến_sĩ thi_đua ngành Ngân_hàng ” được xét tặng cho cá_nhân vào năm đạt danh_hiệu “ Chiến_sĩ thi_đua cơ_sở ” lần thứ ba và đạt các tiêu_chuẩn sau : 

a ) Có thành_tích tiêu_biểu xuất_sắc trong số những cá_nhân có 3 lần liên_tục đạt danh_hiệu “ Chiến_sĩ thi_đua cơ_sở ” .  Cá_nhân có thành_tích “ tiêu_biểu xuất_sắc ” là cá_nhân đã được tặng “ Bằng khen của Thống_đốc ” hoặc được Thủ_tướng Chính_phủ , Chủ_tịch nước khen_thưởng trong thời_gian xét “ Chiến_sĩ thi_đua ngành Ngân_hàng ” ; 

b ) Có sáng_kiến hoặc đề_tài nghiên_cứu khoa_học cấp Ngành . 

2 . Danh_hiệu “ Chiến_sĩ thi_đua toàn_quốc ” : thực_hiện theo quy_định tại Khoản 1 , Điều 9 <NĐ rel="Reference"> Nghị_định số 91/2017/NĐ-CP </NĐ> .
Điều 14 .  Tiêu_chuẩn danh_hiệu “ Tập_thể lao_động xuất_sắc ” 

1 . Danh_hiệu “ Tập_thể lao_động xuất_sắc ” được xét tặng hằng năm cho tập_thể tiêu_biểu , lựa_chọn trong số các tập_thể đạt danh_hiệu “ Tập_thể lao_động tiên_tiến ” đạt các tiêu_chuẩn sau : 

a ) Sáng_tạo , vượt khó hoàn_thành xuất_sắc nhiệm_vụ , thực_hiện tốt các nghĩa_vụ đối_với Nhà_nước ; 

b ) Có phong_trào thi_đua thường_xuyên , thiết_thực , hiệu_quả ; 

c ) Có 100 % cá_nhân trong tập_thể hoàn_thành nhiệm_vụ được giao , trong đó có ít_nhất 70 % cá_nhân đạt danh_hiệu “ Lao_động tiên_tiến ” ; 

d ) Có cá_nhân đạt danh_hiệu “ Chiến_sĩ thi_đua cơ_sở ” và không có cá_nhân bị kỷ_luật từ hình_thức cảnh_cáo trở lên đối_với cán_bộ , công_chức , viên_chức , không có cá_nhân bị kỷ_luật hình_thức kéo_dài thời_hạn nâng lương không quá 6 tháng , cách_chức , sa_thải đối_với cá_nhân không phải là cán_bộ , công_chức , viên_chức ; 

đ ) Nội_bộ đoàn_kết , gương_mẫu , chấp_hành chủ_trương , chính_sách của Đảng , pháp_luật của Nhà_nước . 

2 . Tập_thể hoàn_thành xuất_sắc nhiệm_vụ quy_định tại Điểm a Khoản 1 Điều này được xác_định như sau : 

a ) Tập_thể thuộc Ngân_hàng Nhà_nước : Hoàn_thành xuất_sắc kế_hoạch công_tác trong năm và nhiệm_vụ khác được cấp trên giao ;  thực_hiện tốt chức_năng , nhiệm_vụ được giao ;  có nhiều đề_xuất góp_ý vào việc xây_dựng quy_chế , chính_sách của Ngân_hàng Nhà_nước ;  chấp_hành tốt chế_độ báo_cáo , thống_kê ;  giải_quyết kịp_thời , dứt_điểm các đơn thư khiếu_nại , tố_cáo thuộc thẩm_quyền xử_lý ;  tổ_chức Đảng , đoàn_thể được công_nhận trong_sạch vững_mạnh ; 

b ) Tập_thể thuộc các tổ_chức tín_dụng , Chi_nhánh ngân_hàng nước_ngoài và Bảo_hiểm_tiền gửi Việt_Nam : Hoàn_thành xuất_sắc chỉ_tiêu , kế_hoạch hoạt_động của năm ;  thực_hiện tốt công_tác kiểm_tra , kiểm_soát nội_bộ ;  chấp_hành tốt chính_sách , pháp_luật của Nhà_nước và quy_chế , quy_định của Ngân_hàng Nhà_nước ;  xử_lý , giải_quyết kịp_thời các đơn thư , khiếu_nại , tố_cáo thuộc thẩm_quyền ;  tổ_chức Đảng , đoàn_thể được công_nhận trong_sạch vững_mạnh ; 

c ) Tập_thể thuộc Khối đào_tạo : Hoàn_thành xuất_sắc toàn_diện chỉ_tiêu , kế_hoạch được giao ;  đảm_bảo chất_lượng giảng , dạy ;  tổ_chức thực_hiện tốt và duy_trì có nề_nếp công_tác nghiên_cứu khoa_học ;  chấp_hành tốt các quy_định về chế_độ thông_tin báo_cáo ;  tổ_chức quản_lý tốt sinh_viên ;  có biện_pháp ngăn_chặn kịp_thời các tệ_nạn xã_hội xâm_nhập vào trường_học , giữ_gìn môi_trường sư_phạm trong nhà_trường ;  xử_lý , giải_quyết kịp_thời các đơn thư khiếu_nại tố_cáo thuộc thẩm_quyền ;  tổ_chức Đảng , đoàn_thể được công_nhận trong_sạch vững_mạnh ; 

d ) Tập_thể thuộc các doanh_nghiệp do Ngân_hàng Nhà_nước quản_lý : Hoàn_thành xuất_sắc toàn_diện chỉ_tiêu , kế_hoạch được giao ;  thực_hiện nghiêm_túc chế_độ thông_tin báo_cáo theo quy_định ;  thực_hiện tốt công_tác kiểm_tra , kiểm_soát nội_bộ ;  xử_lý , giải_quyết kịp_thời các đơn thư khiếu_nại tố_cáo thuộc thẩm_quyền ;  tổ_chức Đảng , đoàn_thể được công_nhận trong_sạch vững_mạnh ; 

đ ) Cơ_quan thường_trực các Hiệp_hội do Ngân_hàng Nhà_nước quản_lý : tuyên_truyền có hiệu_quả chính_sách của Đảng , pháp_luật của Nhà_nước và của Ngân_hàng Nhà_nước ;  có nhiều đề_xuất xây_dựng quy_chế , chính_sách trong hoạt_động ngân_hàng ;  xử_lý , giải_quyết kịp_thời các đơn thư khiếu_nại tố_cáo thuộc thẩm_quyền ;  tổ_chức Đảng , đoàn_thể được công_nhận trong_sạch vững_mạnh . 

Điều 15 .  Tiêu_chuẩn danh_hiệu “ Cờ thi_đua của Ngân_hàng Nhà_nước ” và “ Cờ thi_đua của Chính_phủ ” 

1 . Danh_hiệu “ Cờ thi_đua của Ngân_hàng Nhà_nước ” được xét tặng hằng năm cho tập_thể đạt các tiêu_chuẩn sau : 

a ) Là tập_thể tiêu_biểu xuất_sắc trong phong_trào thi_đua của ngành Ngân_hàng trong từng lĩnh_vực , khu_vực , vùng miền hay từng hệ_thống ;  hoàn_thành tốt các chỉ_tiêu nhiệm_vụ được giao trong năm ;  được bình_chọn , suy_tôn là đơn_vị dẫn_đầu các Khối , Cụm thi_đua trong ngành Ngân_hàng ;  đạt danh_hiệu “ Tập_thể lao_động xuất_sắc ” do cấp có thẩm_quyền công_nhận ; 

b ) Có_nhân_tố mới , mô_hình mới để các tập_thể khác trong cùng Khối , Cụm hay toàn hệ_thống học_tập ; 

c ) Chấp_hành tốt chủ_trương , chính_sách của Đảng , pháp_luật của Nhà_nước , quy_định của Ngân_hàng Nhà_nước , của đơn_vị và địa_phương ;  nội_bộ đoàn_kết , tích_cực thực_hành tiết_kiệm , chống tham_nhũng , lãng_phí và các tệ_nạn xã_hội khác . 

2 . Danh_hiệu “ Cờ thi_đua của Chính_phủ ” được xét tặng hằng năm cho : 

a ) Các tập_thể tiêu_biểu xuất_sắc dẫn_đầu trong số tập_thể đạt tiêu_chuẩn “ Cờ thi_đua của Ngân_hàng Nhà_nước ” được bình_chọn qua các phong_trào thi_đua hằng năm .  Số_lượng tập_thể đề_nghị xét “ Cờ thi_đua của Chính_phủ ” không quá 20 % tổng_số tập_thể đạt tiêu_chuẩn tặng “ Cờ thi_đua của Ngân_hàng Nhà_nước ” ; 

b ) Các tập_thể tiêu_biểu nhất trong phong_trào thi_đua theo chuyên_đề do Chủ_tịch nước , Thủ_tướng Chính_phủ phát_động được đánh_giá , bình_xét , suy_tôn khi sơ_kết , tổng_kết từ 05 năm trở lên . 

Điều 16 .  Các loại_hình khen_thưởng 

1 . Khen_thưởng theo công_trạng và thành_tích đạt được là hình_thức khen_thưởng cho tập_thể , cá_nhân có thành_tích xuất_sắc hoặc hoàn_thành xuất_sắc nhiệm_vụ được giao , góp_phần vào sự_nghiệp xây_dựng và bảo_vệ Tổ_quốc . 

2 . Khen_thưởng theo chuyên_đề ( hoặc theo đợt ) là khen_thưởng cho tập_thể , cá_nhân đạt được thành_tích xuất_sắc sau khi kết_thúc đợt thi_đua do Chủ_tịch nước , Thủ_tướng Chính_phủ , Thống_đốc , Thủ_trưởng các cơ_quan , đơn_vị thuộc ngành Ngân_hàng phát_động . 

3 . Khen_thưởng đột_xuất là khen_thưởng cho tập_thể , cá_nhân lập được thành_tích đột_xuất trong lao_động , sản_xuất , phục_vụ chiến_đấu ;  dũng_cảm cứu người , tài_sản của nhân_dân hoặc của Nhà_nước ( thành_tích đột_xuất là thành_tích lập được trong hoàn_cảnh không được dự_báo trước , diễn ra ngoài chương_trình kế_hoạch , nhiệm_vụ mà tập_thể , cá_nhân phải đảm_nhiệm ) . 

4 . Khen_thưởng quá_trình cống_hiến là khen_thưởng cho cá_nhân có quá_trình tham_gia hoạt_động trong các giai_đoạn cách_mạng , giữ các chức_vụ lãnh_đạo , quản_lý trong các cơ_quan nhà_nước , các đơn_vị sự_nghiệp , tổ_chức chính_trị , tổ_chức chính_trị xã_hội , có công_lao , thành_tích xuất_sắc đóng_góp vào sự_nghiệp cách_mạng của Đảng và của dân_tộc . 

5 . Khen_thưởng đối_ngoại là khen_thưởng cho tập_thể , cá_nhân người nước_ngoài có thành_tích đóng_góp vào công_cuộc xây_dựng và bảo_vệ Tổ_quốc Việt_Nam trên lĩnh_vực kinh_tế . 

Điều 17 .  Huân_chương , Huy_chương , “ Bằng khen của Thủ_tướng Chính_phủ ” , Danh_hiệu vinh_dự Nhà_nước , “ Giải_thưởng Hồ_Chí_Minh_” , “ Giải_thưởng Nhà_nước ” 

1 . Tiêu_chuẩn xét Huân_chương , Huy_chương , “ Bằng khen của Thủ_tướng Chính_phủ ” , Danh_hiệu vinh_dự Nhà_nước , “ Giải_thưởng Hồ_Chí_Minh_” , “ Giải_thưởng Nhà_nước ” thực_hiện theo quy_định của <L rel="Reference"> Luật thi_đua , khen_thưởng năm 2003 </L> ( đã được sửa_đổi , bổ_sung ) và <NĐ rel="Reference"> Nghị_định số 91/2017/NĐ-CP </NĐ> của Chính_phủ .
2 . Tiêu_chuẩn “ Tập_thể hoàn_thành xuất_sắc nhiệm_vụ ” để xét khen_thưởng “ Bằng khen của Thống_đốc ” , “ Bằng khen của Thủ_tướng Chính_phủ ” và Huân_chương các loại , các hạng là tập_thể được cấp có thẩm_quyền công_nhận danh_hiệu “ Tập_thể lao_động xuất_sắc ” . 

Điều 18 .  “ Bằng khen của Thống_đốc ” 

1 . “ Bằng khen của Thống_đốc ” để tặng cho cá_nhân gương_mẫu chấp_hành tốt chủ_trương của Đảng , chính_sách , pháp_luật của Nhà_nước và của ngành Ngân_hàng , đạt một trong các tiêu_chuẩn sau : 

a ) Có 02 năm trở lên liên_tục hoàn_thành xuất_sắc nhiệm_vụ trong thời_gian đó có 02 sáng_kiến cấp cơ_sở được công_nhận và áp_dụng hiệu_quả trong phạm_vi đơn_vị ; 

b ) Lập được nhiều thành_tích có phạm_vi ảnh_hưởng trong từng lĩnh_vực hoạt_động của ngành Ngân_hàng ; 

c ) Lập được thành_tích xuất_sắc đột_xuất . 

2 . “ Bằng khen của Thống_đốc ” để tặng cho tập_thể gương_mẫu chấp_hành tốt chủ_trương của Đảng , chính_sách , pháp_luật của Nhà_nước và của ngành Ngân_hàng , đạt một trong các tiêu_chuẩn sau : 

a ) Có 02 năm trở lên liên_tục hoàn_thành xuất_sắc nhiệm_vụ được bình_xét trong phong_trào thi_đua do Thống_đốc phát_động hằng năm ;  nội_bộ đoàn_kết , thực_hiện tốt quy_chế dân_chủ ở cơ_sở , tổ_chức tốt các phong_trào thi_đua ;  chăm_lo đời_sống vật_chất , tinh_thần trong tập_thể ;  thực_hành tiết_kiệm ;  thực_hiện đầy_đủ các chế_độ , chính_sách đối_với mọi thành_viên trong tập_thể ; 

b ) Lập nhiều thành_tích xuất_sắc có phạm_vi ảnh_hưởng trong từng lĩnh_vực hoạt_động của ngành Ngân_hàng ; 

c ) Lập thành_tích xuất_sắc đột_xuất . 

3 . “ Bằng khen của Thống_đốc ” để tặng cho các tập_thể , cá_nhân ngoài ngành Ngân_hàng có nhiều thành_tích đóng_góp trực_tiếp , thiết_thực cho hoạt_động của ngành Ngân_hàng . 

Điều 19 .  Giấy_khen 

Thủ_trưởng các đơn_vị được tặng giấy khen cho tập_thể , cá_nhân theo quy_định tại Điều 74 , Điều 75 <L rel="Reference"> Luật thi_đua , khen_thưởng năm 2003 </L> ( đã được sửa_đổi , bổ_sung ) .
Điều 20 .  Khen_thưởng quá_trình cống_hiến 

Hình_thức khen_thưởng quá_trình cống_hiến để tặng hoặc truy_tặng cho cá_nhân theo quy_định tại Điều 41 , Điều 42 <NĐ rel="Reference"> Nghị_định số 91/2017/NĐ-CP </NĐ> .
Điều 21 .  Kỷ_niệm chương 

1 . Kỷ_niệm chương “ Vì sự_nghiệp Ngân_hàng Việt_Nam_” ( sau đây gọi là Kỷ_niệm chương ) là hình_thức khen_thưởng của Thống_đốc để ghi_nhận sự cống_hiến của cá_nhân trong và ngoài ngành Ngân_hàng có nhiều đóng_góp vào quá_trình phát_triển của ngành Ngân_hàng . 

2 . Kỷ_niệm chương chỉ xét tặng một lần cho cá_nhân vào dịp kỷ_niệm ngày thành_lập ngành Ngân_hàng Việt_Nam hằng năm ( ngày 06 tháng 05 ) . 

Điều 22 .  Tiêu_chuẩn xét tặng Kỷ_niệm chương 

1 . Đối_với cán_bộ trong ngành Ngân_hàng 

a ) Kỷ_niệm chương để tặng cho cá_nhân hoàn_thành tốt nhiệm_vụ , có thời_gian tham_gia_công_tác trong ngành Ngân_hàng đủ 20 năm đối_với nam và đủ 15 năm đối_với nữ ; 

b ) Cán_bộ đương_nhiên được tặng hoặc truy_tặng Kỷ_niệm chương gồm : cán_bộ ngân_hàng được công_nhận là liệt sỹ ;  cán_bộ tham_gia Ban trù_bị thành_lập Ngân_hàng Quốc_gia Việt_Nam ;  cán_bộ ngân_hàng tham_gia chiến_trường B từ năm 1968 về trước ;  cán_bộ ngân_hàng được Nhà_nước tặng_thưởng các danh_hiệu : “ Huân_chương Sao vàng ” , “ Huân_chương Hồ_Chí_Minh_” , Huân_chương Độc_lập các hạng , “ Anh_hùng Lao_động ” và các đồng_chí là Lãnh_đạo Ngân_hàng Nhà_nước ; 

c ) Cán_bộ ưu_tiên xét tặng Kỷ_niệm chương gồm : cán_bộ công_tác trong ngành Ngân_hàng từ ngày 06/5/1951 đến ngày 07/5/1954 và có thời_gian công_tác liên_tục đủ 10 năm ;  cán_bộ ngân_hàng tham_gia chiến_trường B , C , K thời_kỳ kháng_chiến chống Mỹ trước 30/4/1975 thì thời_gian công_tác được nhân hệ_số 2 ( một năm bằng 2 năm ) khi xét tặng ;  cán_bộ trước đây công_tác trong ngành Ngân_hàng được cử đi bộ_đội , thanh_niên xung_phong , đi học hoặc điều_động sang ngành khác sau đó tiếp_tục về lại ngành Ngân_hàng công_tác thì thời_gian đó vẫn được tính là thời_gian công_tác liên_tục trong ngành Ngân_hàng khi xét tặng ;  cán_bộ nghỉ hưu trong năm xét khen_thưởng mà có thời_gian tham_gia_công_tác trong ngành Ngân_hàng đủ 19 năm 06 tháng đối_với nam và 14 năm 06 tháng đối_với nữ_tính đến thời_điểm nghỉ hưu . 

2 . Đối_với cá_nhân ngoài ngành Ngân_hàng 

Cá_nhân ngoài ngành Ngân_hàng được xem_xét tặng Kỷ_niệm chương đạt được một trong các tiêu_chuẩn sau : 

a ) Có công_lao trong việc lãnh_đạo , chỉ_đạo góp_phần vào sự_nghiệp xây_dựng và phát_triển ngành Ngân_hàng Việt_Nam ; 

b ) Có sáng_kiến hoặc công_trình nghiên_cứu khoa_học có giá_trị thiết_thực cho hoạt_động ngành Ngân_hàng Việt_Nam ; 

c ) Có công_lao trong việc xây_dựng và củng_cố quan_hệ hợp_tác giữa các nước , các tổ_chức quốc_tế với ngành Ngân_hàng Việt_Nam ; 

d ) Có những đóng_góp trực_tiếp , thiết_thực về vật_chất cho sự phát_triển của ngành Ngân_hàng Việt_Nam . 

3 . Cá_nhân là người nước_ngoài có thời_gian công_tác trong ngành Ngân_hàng Việt_Nam đủ 15 năm trở lên , hoàn_thành tốt nhiệm_vụ được giao . 

4 . Không xét tặng Kỷ_niệm chương đối_với các trường_hợp sau : 

a ) Cá_nhân bị kỷ_luật buộc thôi_việc ; 

b ) Cá_nhân đang bị cơ_quan pháp_luật truy_cứu trách_nhiệm hình_sự hoặc có liên_quan đến các vụ án hình_sự mà chưa có kết_luận của cơ_quan pháp_luật có thẩm_quyền ; 

c ) Cá_nhân đã và đang chấp_hành_hình_phạt tù ( được hưởng án_treo hoặc không được hưởng án_treo ) , cải_tạo không giam_giữ . 

Điều 23 .  Thẩm_quyền quyết_định tặng danh_hiệu thi_đua , hình_thức khen_thưởng 

1 . Thống_đốc quyết_định tặng : 

a ) Danh_hiệu “ Lao_động tiến tiến ” và “ Chiến_sĩ thi_đua cơ_sở ” cho các đồng_chí trong Ban_Lãnh_đạo Ngân_hàng Nhà_nước ; 

b ) Danh_hiệu “ Chiến_sĩ thi_đua ngành Ngân_hàng ” ; 

c ) Danh_hiệu “ Cờ thi_đua của Ngân_hàng Nhà_nước ” ; 

d ) Bằng khen cho tập_thể , cá_nhân ; 

đ ) Danh_hiệu “ Tập_thể lao_động xuất_sắc ” ; 

e ) Kỷ_niệm chương cho cá_nhân . 

2 . Giám_đốc Ngân_hàng Nhà_nước chi_nhánh tỉnh , thành_phố , Thủ_trưởng các đơn_vị sự_nghiệp thuộc Ngân_hàng Nhà_nước , quyết_định tặng danh_hiệu “ Tập_thể lao_động tiên_tiến ” cho tập_thể ;  “ Lao_động tiên_tiến ” , “ Chiến_sĩ thi_đua cơ_sở ” cho cá_nhân thuộc đơn_vị quản_lý và giấy khen . 

3 . Chánh Thanh_tra , giám_sát ngân_hàng quyết_định tặng danh_hiệu “ Tập_thể lao_động tiên_tiến ” cho tập_thể ;  danh_hiệu “ Chiến_sĩ thi_đua cơ_sở ” cho cá_nhân thuộc đơn_vị quản_lý và giấy khen .  Chánh Thanh_tra , giám_sát ngân_hàng ủy_quyền cho thủ_trưởng các Vụ , Cục , đơn_vị tương_đương thuộc Cơ_quan Thanh_tra , giám_sát ngân_hàng quyết_định tặng danh_hiệu “ Lao_động tiên_tiến ” cho cá_nhân thuộc đơn_vị . 

4 . Thủ_trưởng các đơn_vị quy_định tại Điểm a các khoản 2 , 3 , 4 , 5 Điều 3 Thông_tư này quyết_định tặng danh_hiệu “ Tập_thể lao_động tiên_tiến ” cho tập_thể ;  “ Lao_động tiên_tiến ” , “ Chiến_sĩ thi_đua cơ_sở ” cho cá_nhân thuộc đơn_vị quản_lý và giấy khen . 

5 . Thống_đốc ủy_quyền cho Thủ_trưởng 

a ) Ngân_hàng Nhà_nước chi_nhánh tỉnh , thành_phố ;  Cơ_quan Thanh_tra , giám_sát ngân_hàng quyết_định tặng danh_hiệu “ Tập_thể lao_động xuất_sắc ” cho các tập_thể nhỏ thuộc đơn_vị quản_lý ; 

b ) Cục Quản_trị ;  Cục Phát_hành và kho_quỹ ;  Cục công_nghệ thông_tin quyết_định tặng danh_hiệu “ Tập_thể lao_động xuất_sắc ” cho các tập_thể nhỏ thuộc Chi_cục ; 

c ) Ngân_hàng thương_mại , Ngân_hàng Chính_sách xã_hội , Ngân_hàng hợp_tác_xã Việt_Nam , Bảo_hiểm_tiền gửi Việt_Nam quyết_định tặng danh_hiệu “ Tập_thể lao_động xuất_sắc ” cho đơn_vị ; 

d ) Các đơn_vị tại Điểm a các khoản 2 , 3 , 4 , 5 Điều 3 Thông_tư này quyết_định tặng danh_hiệu “ Tập_thể lao_động xuất_sắc ” cho các tập_thể thuộc đơn_vị quản_lý ; 

đ ) Ngân_hàng Nhà_nước chi_nhánh tỉnh , thành_phố nơi có tổ_chức tài_chính vi_mô đặt trụ_sở chính quyết_định tặng danh_hiệu “ Tập_thể lao_động xuất_sắc ” cho các tổ_chức tài_chính vi_mô trên địa_bàn quản_lý ; 

e ) Các Vụ , Cục , đơn_vị , cơ_quan thường_trực của các tổ_chức Đảng , đoàn_thể tại trụ_sở chính Ngân_hàng Nhà_nước quyết_định tặng danh_hiệu “ Tập_thể lao_động tiên_tiến ” cho tập_thể ;  “ Lao_động tiên_tiến ” , “ Chiến_sĩ thi_đua cơ_sở ” cho cá_nhân thuộc đơn_vị quản_lý . 

Điều 24 .  Thẩm_quyền công_nhận sáng_kiến 

1 . Đối_với sáng_kiến cấp Ngành và toàn_quốc : Hội_đồng sáng_kiến ngành Ngân_hàng xem_xét đánh_giá hiệu_quả áp_dụng , phạm_vi ảnh_hưởng của sáng_kiến .  Căn_cứ kết_quả xét_duyệt của Hội_đồng , Thống_đốc ủy_quyền cho Vụ_trưởng Vụ Thi_đua-Khen_thưởng quyết_định công_nhận sáng_kiến cấp Ngành và cấp toàn_quốc . 

2 . Đối_với sáng_kiến cấp cơ_sở : Hội_đồng sáng_kiến cấp cơ_sở xem_xét đánh_giá hiệu_quả áp_dụng , phạm_vi ảnh_hưởng của sáng_kiến .  Căn_cứ kết_quả xét_duyệt của Hội_đồng , Thủ_trưởng đơn_vị quyết_định công_nhận sáng_kiến cấp cơ_sở . 

Điều 25 .  Lễ trao_tặng 

1 . Nghi_thức trao_tặng Huân_chương , Huy_chương , Danh_hiệu vinh_dự Nhà_nước , “ Giải_thưởng Hồ_Chí_Minh_” , “ Giải_thưởng Nhà_nước ” , “ Cờ thi_đua của Chính_phủ ” , “ Chiến_sĩ thi_đua toàn_quốc ” và “ Bằng khen của Thủ_tướng Chính_phủ ” thực_hiện theo quy_định tại <NĐ rel="Reference"> Nghị_định 145/2013/NĐ-CP ngày 29 tháng 10 năm 2013 </NĐ> của Chính_phủ quy_định về tổ_chức ngày kỷ_niệm ; nghi_thức trao_tặng , đón_nhận hình_thức khen_thưởng , danh_hiệu thi_đua ; nghi_lễ đối_ngoại và đón , tiếp khách nước_ngoài .
2 . Đối_với Huân_chương , Huy_chương , danh_hiệu vinh_dự Nhà_nước , “ Giải_thưởng Hồ_Chí_Minh_” , “ Giải_thưởng nhà_nước ” , “ Chiến_sĩ thi_đua toàn_quốc ” : khi nhận được thông_báo của Vụ Thi_đua-Khen_thưởng , Thủ_trưởng đơn_vị lập kế_hoạch tổ_chức đón_nhận , trình Thống_đốc ( qua Vụ Thi_đua-Khen_thưởng ) .  Sau khi có ý_kiến chỉ_đạo của Thống_đốc , Vụ Thi_đua-Khen_thưởng có trách_nhiệm phối_hợp với đơn_vị để tổ_chức công_bố và trao_tặng . 

3 . Đối_với “ Cờ thi_đua của Chính_phủ ” và “ Bằng khen của Thủ_tướng Chính_phủ ” : sau khi nhận được thông_báo của Vụ Thi_đua-Khen_thưởng , Thủ_trưởng các đơn_vị chủ_động lập kế_hoạch , tổ_chức trao_tặng cho tập_thể , cá_nhân thuộc đơn_vị được khen_thưởng .  Trước khi tổ_chức , đơn_vị thông_báo cho Vụ Thi_đua-Khen_thưởng biết để theo_dõi . 

4 . Việc tổ_chức công_bố và trao_tặng các hình_thức khen_thưởng cấp Nhà_nước cho cá_nhân , tập_thể tại trụ_sở chính Ngân_hàng Nhà_nước , Vụ Thi_đua-Khen_thưởng tham_mưu trình Thống_đốc quyết_định . 

5 . Đối_với các danh_hiệu thi_đua , hình_thức khen_thưởng thuộc thẩm_quyền của Thống_đốc , Thống_đốc ủy_quyền cho Thủ_trưởng các đơn_vị tổ_chức công_bố , trao_tặng cho tập_thể , cá_nhân được khen_thưởng . 

Việc công_bố và trao_tặng “ Bằng khen của Thống_đốc ” và Kỷ_niệm chương cho các tập_thể , cá_nhân ngoài ngành Ngân_hàng , Thủ_trưởng các đơn_vị phối_hợp với Vụ Thi_đua-Khen_thưởng trình Thống_đốc quyết_định . 

6 . Việc công_bố và trao_tặng các danh_hiệu thi_đua , hình_thức khen_thưởng là dịp để tôn_vinh gương người tốt , việc tốt và những điển_hình tiên_tiến , nên việc tổ_chức phải đảm_bảo trang_trọng , hiệu_quả , tiết_kiệm , không phô_trương hình_thức , lãng_phí .  Khi tổ_chức cần kết_hợp cùng các nội_dung khác của đơn_vị để tiết_kiệm thời_gian và chi_phí . 

TRÌNH_TỰ THỰC_HIỆN , HỒ_SƠ ĐỀ_NGHỊ KHEN_THƯỞNG 

Điều 26 .  Quy_trình và tuyến trình khen_thưởng 

1 . Thủ_trưởng các đơn_vị trong ngành Ngân_hàng có trách_nhiệm khen_thưởng hoặc trình cấp trên khen_thưởng đối_với cán_bộ , công_chức , viên_chức và người lao_động thuộc phạm_vi quản_lý của mình .  Cấp nào chủ_trì phát_động thi_đua thì cấp đó xem_xét khen_thưởng hoặc đề_nghị cấp trên khen_thưởng cho tập_thể , cá_nhân lập được thành_tích xuất_sắc . 

2 . Các đơn_vị trong Ngành gửi hồ_sơ đề_nghị khen_thưởng bằng văn_bản giấy hoặc văn_bản điện_tử về Ngân_hàng Nhà_nước .  Sau khi tiếp_nhận hồ_sơ đề_nghị khen_thưởng , Vụ Thi_đua-Khen_thưởng có trách_nhiệm kiểm_tra tính pháp_lý của hồ_sơ , thẩm_định thành_tích và trình cấp có thẩm_quyền trong thời_hạn 20 ngày làm_việc ( 30 ngày làm_việc đối_với trường_hợp phải lấy thông_tin xét khen_thưởng ) .  Hồ_sơ chưa đúng quy_định , thông_báo hoặc trả lại bằng văn_bản giấy hoặc văn_bản điện_tử cho đơn_vị trình trong vòng 05 ngày làm_việc kể từ ngày nhận hồ_sơ ;  đơn_vị trình có trách_nhiệm hoàn_thiện hồ_sơ và gửi lại Vụ Thi_đua-Khen_thưởng trong vòng 05 ngày làm_việc kể từ ngày nhận lại hồ_sơ .  Đối_với khen_thưởng theo công_trạng và thành_tích đạt được , báo_cáo thành_tích đề_nghị khen_thưởng cấp Nhà_nước nếu quá thời_hạn quy_định thì phải bổ_sung thành_tích của tập_thể , cá_nhân đề_nghị khen_thưởng . 

3 . Đối_với danh_hiệu “ Anh_hùng Lao_động ” : Thủ_trưởng đơn_vị trình Thống_đốc ( qua Vụ Thi_đua-Khen_thưởng ) để xin chấp_thuận về chủ_trương phong_tặng danh_hiệu “ Anh_hùng Lao_động ” .  Vụ Thi_đua-Khen_thưởng trình Phó_Chủ_tịch thứ nhất Hội_đồng Thi_đua-Khen_thưởng Ngành cho ý_kiến , sau đó trình Thống_đốc xin chấp_thuận về chủ_trương cho phép xây_dựng tập_thể hoặc cá_nhân “ Anh_hùng Lao_động ” .  Căn_cứ ý_kiến của Thống_đốc , Vụ Thi_đua-Khen_thưởng có văn_bản thông_báo cho đơn_vị biết .  Sau khi nhận được hồ_sơ đề_nghị phong_tặng danh_hiệu “ Anh_hùng Lao_động ” , Vụ Thi_đua-Khen_thưởng kiểm_tra hồ_sơ , thẩm_định thành_tích , tổng_hợp , trình Hội_đồng Thi_đua-Khen_thưởng Ngành họp xét ;  căn_cứ kết_quả xét_duyệt của Hội_đồng , Vụ Thi_đua-Khen_thưởng trình Ban cán_sự Đảng Ngân_hàng Nhà_nước xét trước khi trình Thống_đốc đề_nghị cấp có thẩm_quyền xem_xét . 

4 . Đối_với danh_hiệu “ Chiến_sĩ thi_đua ngành Ngân_hàng ” và “ Chiến_sĩ thi_đua toàn_quốc ” : sau khi nhận được hồ_sơ của đơn_vị , Vụ Thi_đua-Khen_thưởng kiểm_tra tính pháp_lý của hồ_sơ , thẩm_định thành_tích , tổng_hợp , trình Hội_đồng sáng_kiến ngành Ngân_hàng và Hội_đồng Thi_đua-Khen_thưởng Ngành xét .  Căn_cứ kết_quả xét_duyệt của các Hội_đồng , Vụ Thi_đua-Khen_thưởng trình Phó_Chủ_tịch thứ nhất Hội_đồng Thi_đua-Khen_thưởng Ngành cho ý_kiến trước khi trình Thống_đốc quyết_định .  Riêng đối_với “ Chiến_sĩ thi_đua toàn_quốc ” trình Ban cán_sự Đảng Ngân_hàng Nhà_nước xét trước khi trình Thống_đốc đề_nghị cấp có thẩm_quyền xem_xét . 

5 . Đối_với danh_hiệu “ Cờ thi_đua của Ngân_hàng Nhà_nước ” và “ Cờ thi_đua của Chính_phủ ” : sau khi nhận được hồ_sơ của đơn_vị hoặc Cụm , Khối thi_đua , Vụ Thi_đua-Khen_thưởng kiểm_tra tính pháp_lý của hồ_sơ , thẩm_định thành_tích và tổng_hợp trình Hội_đồng Thi_đua-Khen_thưởng Ngành xét .  Căn_cứ kết_quả xét_duyệt của Hội_đồng , Vụ Thi_đua-Khen_thưởng trình Phó_Chủ_tịch thứ nhất Hội_đồng Thi_đua-Khen_thưởng Ngành cho ý_kiến trước khi trình Thống_đốc quyết_định hoặc đề_nghị cấp có thẩm_quyền xem_xét . 

6 . Đối_với Huân_chương , Huy_chương các loại và các hạng : sau khi nhận được hồ_sơ của đơn_vị , Vụ Thi_đua-Khen_thưởng kiểm_tra tính pháp_lý của hồ_sơ , thẩm_định thành_tích , tổng_hợp , trình Hội_đồng sáng_kiến ngành Ngân_hàng và Hội_đồng Thi_đua-Khen_thưởng Ngành họp xét ;  căn_cứ kết_quả xét_duyệt của các Hội_đồng , Vụ Thi_đua-Khen_thưởng trình Ban cán_sự Đảng Ngân_hàng Nhà_nước xét trước khi trình Thống_đốc đề_nghị cấp có thẩm_quyền xem_xét . 

7 . Đối_với “ Bằng khen của Thủ_tướng Chính_phủ ” : sau khi nhận được hồ_sơ của đơn_vị , Vụ Thi_đua-Khen_thưởng kiểm_tra tính pháp_lý của hồ_sơ , thẩm_định thành_tích , tổng_hợp trình Hội_đồng Thi_đua-Khen_thưởng Ngành xét ( trừ khen_thưởng đột_xuất ) .  Căn_cứ kết_quả xét_duyệt của Hội_đồng , Vụ Thi_đua-Khen_thưởng trình Phó_Chủ_tịch thứ nhất Hội_đồng Thi_đua-Khen_thưởng Ngành cho ý_kiến trước khi trình Thống_đốc quyết_định . 

8 . Đối_với danh_hiệu “ Tập_thể lao_động xuất_sắc ” và “ Bằng khen của Thống_đốc ” : sau khi nhận được hồ_sơ của đơn_vị , Vụ Thi_đua-Khen_thưởng kiểm_tra tính pháp_lý của hồ_sơ , thẩm_định thành_tích , tổng_hợp trình Phó_Chủ_tịch thứ nhất Hội_đồng Thi_đua-Khen_thưởng Ngành cho ý_kiến trước khi trình Thống_đốc quyết_định . 

9 . Đối_với việc khen_thưởng cho cá_nhân , tập_thể ngoài ngành Ngân_hàng : Thủ_trưởng đơn_vị có quan_hệ công_việc trực_tiếp , lập tờ_trình kèm báo_cáo thành_tích của cá_nhân , tập_thể được đề_nghị khen_thưởng gửi Vụ Thi_đua-Khen_thưởng .  Sau khi nhận được hồ_sơ của đơn_vị , Vụ Thi_đua-Khen_thưởng kiểm_tra tính pháp_lý của hồ_sơ , thẩm_định thành_tích , tổng_hợp trình Phó_Chủ_tịch thứ nhất Hội_đồng Thi_đua-Khen_thưởng Ngành cho ý_kiến trước khi trình Thống_đốc quyết_định . 

10 . Đối_với danh_hiệu “ Nhà_giáo Nhân_dân ” , “ Nhà_giáo ưu_tú ” , “ Giải_thưởng Hồ_Chí_Minh_” , “ Giải_thưởng Nhà_nước ” : thực_hiện theo quy_định của <L rel="Reference"> Luật Thi_đua , Khen_thưởng năm 2003 </L> , <L rel="Reference"> Luật sửa_đổi , bổ_sung năm 2013 </L> , <NĐ rel="Reference"> Nghị_định số 91/2017/NĐ-CP </NĐ> và các quy_định khác của Nhà_nước .
11 .  Đối_với các danh_hiệu thi_đua , hình_thức khen_thưởng quy_định tại các Khoản 3 , 4 , 5 , 6 , 7 , 8 , 9 , 10 Điều này , trường_hợp cần_thiết Vụ Thi_đua-Khen_thưởng lấy ý_kiến các đơn_vị liên_quan trước khi tổng_hợp trình khen_thưởng .  Riêng đối_với các danh_hiệu “ Anh_hùng Lao_động ” , “ Chiến_sĩ thi_đua toàn_quốc ” và các hình_thức khen_thưởng quy_định tại Khoản 6 , 10 Điều này , lấy ý_kiến nhân_dân đối_với tập_thể , cá_nhân được đề_nghị khen_thưởng trên cổng thông_tin điện_tử của Ngân_hàng Nhà_nước trước khi trình khen_thưởng . 

12 .  Hằng năm , Vụ Thi_đua-Khen_thưởng phối_hợp với Văn_phòng Ngân_hàng Nhà_nước lập hồ_sơ và đề_xuất các danh_hiệu thi_đua , hình_thức khen_thưởng đối_với các đồng_chí Lãnh_đạo Ngân_hàng Nhà_nước trình Hội_đồng Thi_đua-Khen_thưởng Ngành xét khen_thưởng . 

13 .  Đối_với khen_thưởng quá_trình cống_hiến 

a ) Trường_hợp cán_bộ đã nghỉ hưu hoặc đã mất : 

i ) Đối_với cán_bộ là Lãnh_đạo Ngân_hàng Nhà_nước đã nghỉ hưu hoặc đã mất , Vụ Tổ_chức cán_bộ có trách_nhiệm lập hồ_sơ đề_nghị khen_thưởng ; 

ii ) Đối_với các trường_hợp khác , Thủ_trưởng đơn_vị nơi quản_lý cán_bộ trước khi nghỉ hưu hoặc đã mất có trách_nhiệm làm thủ_tục đề_nghị khen_thưởng .  Trường_hợp đơn_vị công_tác cuối_cùng của cán_bộ thuộc diện được khen_thưởng đã giải_thể , chia tách , sáp_nhập , hợp_nhất thì Thủ_trưởng đơn_vị tiếp_nhận nhiệm_vụ của đơn_vị đó có trách_nhiệm lập hồ_sơ đề_nghị khen_thưởng ; 

iii ) Vụ Thi_đua-Khen_thưởng có trách_nhiệm thẩm_định , tổng_hợp và lấy ý_kiến xác_nhận của Vụ Tổ_chức cán_bộ ( trừ các trường_hợp Vụ Tổ_chức cán_bộ đề_nghị khen_thưởng ) , trình Hội_đồng Thi_đua-Khen_thưởng Ngành xét ;  căn_cứ kết_quả xét của Hội_đồng Thi_đua-Khen_thưởng Ngành , Vụ Thi_đua-Khen_thưởng trình xin ý_kiến Ban cán_sự Đảng trước khi trình Thống_đốc quyết_định ; 

b ) Đối_với cán_bộ chuẩn_bị nghỉ hưu : 

i ) Trường_hợp cán_bộ là Lãnh_đạo Ngân_hàng Nhà_nước chuẩn_bị nghỉ hưu , Văn_phòng Ngân_hàng Nhà_nước có trách_nhiệm làm thủ_tục đề_nghị khen_thưởng theo quy_định ; 

ii ) Đối_với các trường_hợp khác , trước thời_điểm cán_bộ nghỉ hưu 06 tháng , Thủ_trưởng đơn_vị lập hồ_sơ đề_nghị khen_thưởng cho các cán_bộ đủ tiêu_chuẩn thuộc đơn_vị .  Vụ Thi_đua-Khen_thưởng tổng_hợp và lấy ý_kiến xác_nhận của Vụ Tổ_chức cán_bộ ( trừ các trường_hợp Vụ Tổ_chức cán_bộ đề_nghị ) , trình Hội_đồng Thi_đua-Khen_thưởng Ngành xét , sau đó trình Ban cán_sự Đảng cho ý_kiến trước khi trình Thống_đốc quyết_định ; 

c ) Vụ Tổ_chức cán_bộ có trách_nhiệm : xác_nhận bằng văn_bản về thời_gian giữ chức_vụ và các hình_thức kỷ_luật , lý_do , thời_gian bị kỷ_luật ( nếu có ) và chức_vụ tương_đương của người được đề_nghị khen_thưởng ;  phối_hợp với các đơn_vị có liên_quan giải_quyết khiếu_nại ( nếu có ) về khen_thưởng cán_bộ có quá_trình cống_hiến lâu_dài trong ngành Ngân_hàng . 

14 .  Đối_với Kỷ_niệm chương 

a ) Đối_với cán_bộ đã và đang làm_việc trong ngành Ngân_hàng : Thủ_trưởng các đơn_vị nơi quản_lý cán_bộ ( kể_cả cán_bộ đã nghỉ hưu , đã mất hoặc chuyển công_tác ) lập tờ_trình kèm hồ_sơ các trường_hợp đủ tiêu_chuẩn , đúng đối_tượng theo quy_định gửi Vụ Thi_đua-Khen_thưởng thẩm_định và trình Phó_Chủ_tịch thứ nhất Hội_đồng Thi_đua-Khen_thưởng Ngành cho ý_kiến trước khi trình Thống_đốc quyết_định ; 

b ) Đối_với cán_bộ ngoài ngành Ngân_hàng : các đồng_chí lãnh_đạo Đảng , Nhà_nước , Quốc_hội , Chính_phủ do Văn_phòng Ngân_hàng Nhà_nước đề_nghị .  Cá_nhân thuộc các Bộ , ban , ngành , đoàn_thể Trung_ương ;  người nước_ngoài đã , đang công_tác tại Việt_Nam , người Việt_Nam công_tác ở nước_ngoài do Thủ_trưởng các Vụ , Cục , đơn_vị thuộc Ngân_hàng Nhà_nước có quan_hệ công_tác trực_tiếp đề_nghị .  Các đồng_chí lãnh_đạo tỉnh ủy , thành_ủy , Hội_đồng nhân_dân , Ủy_ban nhân_dân cấp tỉnh , thành_phố trực_thuộc Trung_ương và cá_nhân khác công_tác tại địa_phương có nhiều cống_hiến cho ngành Ngân_hàng do Giám_đốc Ngân_hàng Nhà_nước chi_nhánh tỉnh , thành_phố đề_nghị .  Trường_hợp đặc_biệt do Thống_đốc quyết_định khen_thưởng .  Vụ Thi_đua-Khen_thưởng thẩm_định và trình Phó_Chủ_tịch thứ nhất Hội_đồng Thi_đua-Khen_thưởng Ngành cho ý_kiến trước khi trình Thống_đốc quyết_định . 

15 .  Ngân_hàng Nhà_nước Chi_nhánh tỉnh , thành_phố xét khen_thưởng hoặc đề_nghị Thống_đốc khen_thưởng chuyên_đề , đột_xuất và Kỷ_niệm chương cho các tập_thể , cá_nhân thuộc Quỹ tín_dụng nhân_dân trên địa_bàn quản_lý . 

Điều 27 .  Nguyên_tắc lập hồ_sơ 

1 . Báo_cáo thành_tích , báo_cáo tóm_tắt thành_tích của tập_thể , cá_nhân đề_nghị khen_thưởng phải đóng_dấu giáp_lai của đơn_vị đề_nghị khen_thưởng ( nếu có ) . 

2 . Đối_với những đơn_vị có nghĩa_vụ nộp ngân_sách nhà_nước và thực_hiện chính_sách bảo_hiểm đối_với người lao_động , khi trình khen_thưởng cho tập_thể hoặc cá_nhân là thủ_trưởng đơn_vị và giám_đốc chi_nhánh các tổ_chức tín_dụng thì hồ_sơ đề_nghị khen_thưởng phải có văn_bản xác_nhận của cơ_quan có thẩm_quyền .  Riêng đối_với danh_hiệu thi_đua và hình_thức khen_thưởng thuộc thẩm_quyền của Thống_đốc thì thủ_trưởng đơn_vị chịu trách_nhiệm xác_nhận các nội_dung trên trong báo_cáo thành_tích ( văn_bản xác_nhận thuế và bảo_hiểm của cơ_quan có thẩm_quyền lưu tại đơn_vị ) . 

3 . Đối_với các tổ_chức tín_dụng và doanh_nghiệp do Ngân_hàng Nhà_nước quản_lý ( pháp_nhân ) , khi trình khen_thưởng phải có kết_luận của cơ_quan kiểm_toán trong khoảng thời_gian đề_nghị khen_thưởng ( đối_với khen_thưởng thuộc thẩm_quyền Thống_đốc , các kết_luận kiểm_toán theo thời_gian tương_ứng với thời_gian xét các danh_hiệu thi_đua , hình_thức khen_thưởng ;  đối_với khen_thưởng cấp Nhà_nước , các kết_luận kiểm_toán trong thời_gian từ 05 năm liền kề trước thời_điểm đề_nghị khen_thưởng ) . 

Điều 28 .  Hồ_sơ đề_nghị các danh_hiệu thi_đua 

1 . Các danh_hiệu thi_đua , hình_thức khen_thưởng thuộc thẩm_quyền quyết_định của Thủ_trưởng các đơn_vị hoặc được Thống_đốc ủy_quyền , giao Thủ_trưởng các đơn_vị căn_cứ <L rel="Reference"> Luật thi_đua , khen_thưởng năm 2003 </L> ( đã được sửa_đổi , bổ_sung ) , <NĐ rel="Reference"> Nghị_định số 91/2017/NĐ-CP </NĐ> và Thông_tư này để thực_hiện trong đơn_vị .
2 . Hồ_sơ đề_nghị xét tặng danh_hiệu “ chiến_sĩ thi_đua cơ_sở ” gồm : 

a ) Văn_bản đề_nghị công_nhận danh_hiệu “ Chiến_sỹ thi_đua cơ_sở ” ; 

b ) Báo_cáo thành_tích của cá_nhân ; 

c ) Đề_nghị công_nhận sáng_kiến ( mẫu 09 kèm theo Thông_tư này ) hoặc quyết_định công_nhận đề_tài nghiên_cứu khoa_học ; 

d ) Biên_bản họp kèm kết_quả bỏ_phiếu kín của Hội_đồng Thi_đua-Khen_thưởng đơn_vị có tỷ_lệ phiếu bầu từ 70 % trở lên , tính trên tổng_số thành_viên của Hội_đồng đơn_vị ( nếu thành_viên Hội_đồng vắng_mặt thì lấy ý_kiến bằng văn_bản ) . 

3 . Hồ_sơ đề_nghị xét tặng danh_hiệu “ Chiến_sĩ thi_đua ngành Ngân_hàng ” gồm : 

a ) Tờ_trình đề_nghị khen_thưởng của Thủ_trưởng đơn_vị kèm danh_sách cá_nhân được đề_nghị khen_thưởng ( mẫu_số 02 kèm theo Thông_tư này ) ; 

b ) Báo_cáo tóm_tắt thành_tích của cá_nhân được đề_nghị khen_thưởng ( mẫu_số 14 kèm theo Thông_tư này ) .  Báo_cáo thành_tích lưu tại đơn_vị ; 

c ) Văn_bản đề_nghị công_nhận hiệu_quả áp_dụng và phạm_vi ảnh_hưởng của sáng_kiến kèm tóm_tắt sáng_kiến cấp Ngành của cá_nhân ( mẫu_số 07,08 kèm theo Thông_tư này ) hoặc quyết_định công_nhận đề_tài nghiên_cứu khoa_học cấp Ngành ; 

d ) Biên_bản họp kèm kết_quả bỏ_phiếu kín của Hội_đồng Thi_đua-Khen_thưởng đơn_vị có tỷ_lệ phiếu bầu từ 90 % trở lên , tính trên tổng_số thành_viên của Hội_đồng đơn_vị ( nếu thành_viên Hội_đồng vắng_mặt thì lấy ý_kiến bằng văn_bản ) . 

4 . Hồ_sơ đề_nghị xét tặng danh_hiệu “ Chiến_sĩ thi_đua toàn_quốc ” gồm : 

b ) 03 báo_cáo thành_tích của cá_nhân có xác_nhận của đơn_vị trình khen_thưởng ( mẫu_số 13 kèm theo Thông_tư này ) ; 

c ) Văn_bản đề_nghị công_nhận hiệu_quả áp_dụng và phạm_vi ảnh_hưởng của sáng_kiến kèm tóm_tắt sáng_kiến cấp toàn_quốc của cá_nhân hoặc quyết_định công_nhận đề_tài nghiên_cứu khoa_học ( mẫu_số 07,08 kèm theo Thông_tư này ) ; 

d ) Biên_bản họp kèm kết_quả bỏ_phiếu kín của Hội_đồng Thi_đua-Khen_thưởng của đơn_vị có tỷ_lệ phiếu bầu từ 90 % trở lên , tính trên tổng_số thành_viên của Hội_đồng đơn_vị ( nếu thành_viên Hội_đồng vắng_mặt thì lấy ý_kiến bằng văn_bản ) . 

5 . Hồ_sơ đề_nghị xét tặng danh_hiệu “ Tập_thể lao_động xuất_sắc ” ( áp_dụng cho các tập_thể do Thống_đốc quyết_định công_nhận ) gồm : 

a ) Tờ_trình đề_nghị khen_thưởng của Thủ_trưởng đơn_vị kèm danh_sách tập_thể được đề_nghị khen_thưởng ( mẫu_số 02 kèm theo Thông_tư này ) ; 

b ) Báo_cáo tóm_tắt thành_tích của tập_thể được đề_nghị khen_thưởng ( mẫu_số 15 kèm theo Thông_tư này ) .  Báo_cáo thành_tích lưu tại đơn_vị ; 

c ) Biên_bản họp kèm kết_quả bỏ_phiếu kín của Hội_đồng Thi_đua-Khen_thưởng đơn_vị có tỷ_lệ phiếu bầu từ 70 % trở lên , tính trên tổng_số thành_viên của Hội_đồng đơn_vị ( nếu thành_viên Hội_đồng vắng_mặt thì lấy ý_kiến bằng văn_bản ) . 

6 . Hồ_sơ đề_nghị xét tặng danh_hiệu “ Cờ thi_đua của Ngân_hàng Nhà_nước ” gồm : 

a ) Tờ_trình đề_nghị khen_thưởng của Thủ_trưởng đơn_vị hoặc Trưởng Cụm , Khối thi_đua kèm danh_sách tập_thể được đề_nghị khen_thưởng ( mẫu_số 02 kèm theo Thông_tư này ) ; 

c ) Biên_bản họp Hội_đồng , Biên_bản họp Khối , Cụm thi_đua , kết_quả bỏ_phiếu kín có tỷ_lệ phiếu bầu từ 70 % trở lên , tính trên tổng_số thành_viên Hội_đồng , Khối , Cụm thi_đua ( nếu thành_viên vắng_mặt thì lấy ý_kiến bằng văn_bản ) . 

7 . Hồ_sơ đề_nghị xét tặng danh_hiệu “ Cờ thi_đua của Chính_phủ ” gồm : 

a ) Tờ_trình đề_nghị khen_thưởng của Thủ_trưởng đơn_vị hoặc Trưởng Khối , Cụm thi_đua kèm danh_sách tập_thể được đề_nghị khen_thưởng ( mẫu_số 02 kèm theo Thông_tư này ) ; 

b ) 03 báo_cáo thành_tích của tập_thể có xác_nhận của đơn_vị trình khen_thưởng ( mẫu_số 12 kèm theo Thông_tư này ) ; 

8 . Hồ_sơ đề_nghị xét tặng danh_hiệu “ Anh_hùng Lao_động ” gồm : 

a ) Tờ_trình đề_nghị của Thủ_trưởng đơn_vị kèm danh_sách tập_thể , cá_nhân được đề_nghị khen_thưởng ( mẫu_số 02 kèm theo Thông_tư này ) ; 

b ) 04 báo_cáo thành_tích của tập_thể , cá_nhân được đề_nghị khen_thưởng có xác_nhận của đơn_vị trình khen_thưởng ( mẫu_số 17,18 kèm theo Thông_tư này ) ; 

c ) Biên_bản họp kèm kết_quả bỏ_phiếu kín của Hội_đồng Thi_đua-Khen_thưởng đơn_vị có tỷ_lệ phiếu bầu từ 90 % trở lên , tính trên tổng_số thành_viên của Hội_đồng đơn_vị ( nếu thành_viên Hội_đồng vắng_mặt thì lấy ý_kiến bằng văn_bản ) . 

Điều 29 .  Hồ_sơ đề_nghị các hình_thức khen_thưởng 

1 . “ Bằng khen của Thống_đốc ” đối_với tập_thể , cá_nhân , hồ_sơ gồm : 

a ) Tờ_trình đề_nghị khen_thưởng của Thủ_trưởng đơn_vị kèm danh_sách tập_thể , cá_nhân được đề_nghị khen_thưởng ( mẫu_số 02 kèm theo Thông_tư này ) ; 

b ) Báo_cáo tóm_tắt thành_tích của tập_thể , cá_nhân được đề_nghị khen_thưởng ( mẫu_số 14 , 15 kèm theo Thông_tư này ) .  Báo_cáo thành_tích lưu tại đơn_vị ; 

c ) Biên_bản họp Hội_đồng Thi_đua-Khen_thưởng của đơn_vị . 

2 . “ Bằng khen của Thủ_tướng Chính_phủ ” đối_với tập_thể , cá_nhân , hồ_sơ gồm : 

b ) 03 báo_cáo thành_tích của tập_thể , cá_nhân có xác_nhận của đơn_vị trình khen_thưởng ( mẫu_số 12 , 13 kèm theo Thông_tư này ) ; 

c ) Biên_bản họp kèm kết_quả bỏ_phiếu kín của Hội_đồng Thi_đua-Khen_thưởng của đơn_vị có tỷ_lệ phiếu bầu từ 70 % trở lên , tính trên tổng_số thành_viên của Hội_đồng đơn_vị ( nếu thành_viên Hội_đồng vắng_mặt thì lấy ý_kiến bằng văn_bản ) . 

3 . Huân_chương các loại , các hạng đối_với cá_nhân , hồ_sơ gồm : 

b ) 04 báo_cáo thành_tích của cá_nhân có xác_nhận của đơn_vị trình khen_thưởng ( mẫu_số 13 kèm theo Thông_tư này ) ; 

c ) Văn_bản đề_nghị công_nhận hiệu_quả áp_dụng và phạm_vi ảnh_hưởng của sáng_kiến cấp Ngành hoặc cấp toàn_quốc kèm tóm_tắt của sáng_kiến cấp Ngành hoặc cấp toàn_quốc ( mẫu_số 07,08 kèm theo Thông_tư này ) ; 

d ) Biên_bản họp kèm kết_quả bỏ_phiếu kín của Hội_đồng Thi_đua-Khen_thưởng của đơn_vị có tỷ_lệ phiếu bầu từ 70 % trở lên , tính trên tổng_số thành_viên của Hội_đồng đơn_vị ( nếu thành_viên Hội_đồng vắng_mặt thì lấy ý_kiến bằng văn_bản ) . 

4 . Huân_chương các loại , các hạng đối_với tập_thể , hồ_sơ gồm : 

b ) 04 báo_cáo thành_tích của tập_thể có xác_nhận của đơn_vị trình khen_thưởng ( mẫu_số 12 kèm theo Thông_tư này ) ; 

5 . Huy_chương , hồ_sơ gồm : 

a ) Tờ_trình đề_nghị khen_thưởng của Thủ_trưởng đơn_vị kèm danh_sách đề_nghị khen_thưởng ( mẫu_số 02 kèm theo Thông_tư này ) ; 

b ) Danh_sách trích_ngang của các trường_hợp đề_nghị khen_thưởng có xác_nhận của đơn_vị trình khen_thưởng . 

6 . Khen_thưởng đột_xuất , hồ_sơ gồm : 

b ) Báo_cáo thành_tích của tập_thể , cá_nhân do đơn_vị trình khen_thưởng lập .  Trường_hợp đề_nghị “ Bằng khen của Thủ_tướng Chính_phủ ” , báo_cáo thành_tích là 03 bản ;  Huân_chương , báo_cáo thành_tích là 04 bản ( mẫu_số 19 kèm theo Thông_tư này ) ; 

7 . Khen_thưởng theo đợt ( chuyên_đề ) , hồ_sơ gồm : 

b ) Biên_bản họp của Hội_đồng Thi_đua-Khen_thưởng đơn_vị ; 

c ) Báo_cáo thành_tích của tập_thể , cá_nhân có xác_nhận của đơn_vị trình khen_thưởng .  Trường_hợp đề_nghị “ Bằng khen của Thủ_tướng Chính_phủ ” , báo_cáo thành_tích là 03 bản ;  Huân_chương , báo_cáo thành_tích là 04 bản ( mẫu_số 20 kèm theo Thông_tư này ) . 

8 . Khen_thưởng quá_trình cống_hiến , hồ_sơ gồm : 

a ) Đối_với cán_bộ đã nghỉ hưu hoặc đã mất . 

i ) Tờ_trình của Thủ_trưởng đơn_vị ( đối_với cán_bộ là Lãnh_đạo Ngân_hàng Nhà_nước do Vụ Tổ_chức cán_bộ trình ) kèm danh_sách cá_nhân được đề_nghị khen_thưởng ( mẫu_số 02 kèm theo Thông_tư này ) ; 

ii ) 04 báo_cáo thành_tích của cá_nhân có xác_nhận của đơn_vị trình khen_thưởng .  Trường_hợp cán_bộ đã mất nếu đủ tiêu_chuẩn khen_thưởng , đơn_vị trình chủ_động phối_hợp với Vụ Tổ_chức cán_bộ lập báo_cáo thành_tích để trình khen_thưởng ( mẫu_số 16 kèm theo Thông_tư này ) . 

b ) Đối_với cán_bộ chuẩn_bị nghỉ hưu . 

i ) Tờ_trình của Thủ_trưởng đơn_vị ( đối_với cán_bộ là Lãnh_đạo Ngân_hàng Nhà_nước do Vụ Thi_đua-Khen_thưởng trình ) đề_nghị khen_thưởng kèm danh_sách cá_nhân được đề_nghị khen_thưởng ( mẫu_số 02 kèm theo Thông_tư này ) ; 

ii ) 04 báo_cáo thành_tích của cá_nhân có xác_nhận của đơn_vị trình khen_thưởng ( mẫu_số 16 kèm theo Thông_tư này ) ; 

iii ) Biên_bản họp Hội_đồng Thi_đua-Khen_thưởng đơn_vị ( trừ trường_hợp khen_thưởng đối_với Ban lãnh_đạo Ngân_hàng Nhà_nước ) . 

9 . Khen_thưởng ngoài Ngành , hồ_sơ gồm : 

a ) Tờ_trình đề_nghị khen_thưởng của Thủ_trưởng đơn_vị có quan_hệ trực_tiếp với tập_thể , cá_nhân kèm danh_sách tập_thể , cá_nhân được đề_nghị khen_thưởng ( mẫu_số 02 kèm theo Thông_tư này ) ; 

b ) Báo_cáo thành_tích đóng_góp của tập_thể , cá_nhân đối_với ngành Ngân_hàng có xác_nhận của đơn_vị trình khen_thưởng ( mẫu_số 21 kèm theo Thông_tư này ) . 

10 .  Kỷ_niệm chương , hồ_sơ gồm : 

a ) Đối_với cán_bộ trong ngành Ngân_hàng 

i ) Tờ_trình đề_nghị khen_thưởng của Thủ_trưởng đơn_vị kèm danh_sách cá_nhân đề_nghị khen_thưởng ( mẫu_số 03 kèm theo Thông_tư này ) ; 

ii ) Bảng kê_khai quá_trình công_tác của cá_nhân .  Đối_với Ngân_hàng thương_mại cổ_phần Ngoại_thương Việt_Nam , Ngân_hàng thương_mại cổ_phần Công_thương Việt_Nam , Ngân_hàng thương_mại cổ_phần Đầu_tư và phát_triển Việt_Nam , Ngân_hàng Nông_nghiệp và phát_triển nông_thôn Việt_Nam , Ngân_hàng Chính_sách xã_hội , Ngân_hàng Hợp_tác_xã Việt_Nam , Bảo_hiểm_tiền gửi Việt_Nam không gửi về Ngân_hàng Nhà_nước bảng kê_khai quá_trình công_tác của cá_nhân , đơn_vị trình có trách_nhiệm bảo_quản và lưu_trữ ( mẫu_số 04 kèm theo Thông_tư này ) ; 

iii ) Bảng tổng_hợp kê_khai của đơn_vị ( mẫu_số 05 kèm theo Thông_tư này ) . 

b ) Đối_với cán_bộ ngoài ngành Ngân_hàng 

ii ) Tóm_tắt thành_tích công_lao đóng_góp đối_với sự_nghiệp phát_triển ngân_hàng Việt_Nam của cá_nhân có xác_nhận của đơn_vị trình khen_thưởng ( mẫu_số 06 kèm theo Thông_tư này ) . 

Điều 30 .  Thời_gian nhận hồ_sơ 

1 . Khen_thưởng hằng năm 

a ) Đối_với các danh_hiệu thi_đua , hình_thức khen_thưởng thuộc thẩm_quyền của Thống_đốc : nhận hồ_sơ trước ngày 28 tháng 02 hằng năm .  Khối đào_tạo nhận hồ_sơ trước ngày 15 tháng 08 hằng năm . 

b ) Đối_với các danh_hiệu thi_đua , hình_thức khen_thưởng cấp Nhà_nước : 

i ) Cờ thi_đua của Chính_phủ : nhận hồ_sơ trước ngày 28 tháng 02 hằng năm ; 

ii ) Chiến_sĩ thi_đua toàn_quốc , Bằng khen của Thủ_tướng Chính_phủ , Huy_chương , Huân_chương các loại , các hạng : nhận hồ_sơ trước ngày 15 tháng 03 hằng năm ; 

iii ) Khối đào_tạo : nhận hồ_sơ trước ngày 15 tháng 8 hằng năm ; 

iv ) Anh_hùng Lao_động : tổ_chức xét 05 năm một lần vào dịp Đại_hội thi_đua yêu nước các cấp , trừ những trường_hợp có thành_tích đặc_biệt xuất_sắc đột_xuất ; 

v ) Nhà_giáo Nhân_dân , Nhà_giáo Ưu_tú , Giải_thưởng Hồ_Chí_Minh , Giải_thưởng Nhà_nước : thực_hiện theo quy_định của Cơ_quan Nhà_nước có thẩm_quyền . 

c ) Đối_với các danh_hiệu thi_đua , hình_thức khen_thưởng thuộc thẩm_quyền của Thủ_trưởng các đơn_vị : giao Thủ_trưởng các đơn_vị quy_định . 

2 . Khen_thưởng đột_xuất : nhận hồ_sơ ngay sau khi tập_thể , cá_nhân lập được thành_tích đột_xuất . 

3 . Khen_thưởng chuyên_đề : nhận hồ_sơ ngay sau khi kết_thúc chương_trình hoặc chuyên_đề công_tác . 

4 . Khen_thưởng quá_trình cống_hiến : nhận hồ_sơ trước 06 tháng đối_với cán_bộ chuẩn_bị nghỉ hưu .  Đối_với cán_bộ đã nghỉ hưu nộp hồ_sơ trước ngày 15 tháng 03 hằng năm . 

Điều 31 .  Số_lượng “ Cờ thi_đua của Ngân_hàng Nhà_nước ” 

1 . Đối_với các Vụ , Cục , đơn_vị tại trụ_sở chính Ngân_hàng Nhà_nước , doanh_nghiệp do Ngân_hàng Nhà_nước quản_lý : hằng năm , Thống_đốc tặng_thưởng “ Cờ thi_đua của Ngân_hàng Nhà_nước ” cho đơn_vị xuất_sắc dẫn_đầu phong_trào thi_đua của từng Khối thi_đua .  Việc quy_định các đơn_vị trong từng Khối thi_đua thực_hiện theo quyết_định của Thống_đốc .  Đối_với các đơn_vị thuộc Cơ_quan Thanh_tra , giám_sát ngân_hàng , hằng năm Thống_đốc tặng thưởng Cờ thi_đua cho đơn_vị xuất_sắc dẫn_đầu phong_trào thi_đua thuộc Cơ_quan Thanh_tra , giám_sát ngân_hàng . 

2 . Đối_với Ngân_hàng Nhà_nước chi_nhánh các tỉnh , thành_phố : hằng năm , Thống_đốc tặng Cờ thi_đua cho đơn_vị xuất_sắc tiêu_biểu trong phong_trào thi_đua của từng Cụm thi_đua .  Việc quy_định các đơn_vị trong từng Cụm thi_đua thực_hiện theo quyết_định của Thống_đốc . 

3 . Đối_với các tổ_chức tín_dụng , Chi_nhánh ngân_hàng nước_ngoài , Bảo_hiểm_tiền gửi Việt_Nam và các đơn_vị khác trong ngành Ngân_hàng : hằng năm , căn_cứ vào kết_quả hoạt_động và quy_mô từng đơn_vị , Ngân_hàng Nhà_nước sẽ thông_báo số lượng Cờ thi_đua cho từng đơn_vị . 

4 . Đối_với Khối đào_tạo : hằng năm , Thống_đốc tặng Cờ thi_đua cho đơn_vị xuất_sắc tiêu_biểu trong phong_trào thi_đua . 

5 . Tập_thể thuộc đối_tượng tặng Cờ thi_đua gồm : các tập_thể lớn quy_định tại Điều 3 Thông_tư này ;  Vụ , Cục , Văn_phòng thuộc Cơ_quan Thanh_tra , giám_sát ngân_hàng ;  Chi_nhánh , công_ty_con thuộc các tổ_chức tín_dụng . 

Điều 32 .  Quỹ Thi_đua-Khen_thưởng 

Nguồn , mức trích và quản_lý Quỹ Thi_đua , khen_thưởng được thực_hiện theo quy_định tại Điều 65 , 67 <NĐ rel="Reference"> Nghị_định số 91/2017/NĐ-CP </NĐ> và các văn_bản hướng_dẫn .
Điều 33 .  Sử_dụng Quỹ Thi_đua-Khen_thưởng 

1 . Sử_dụng Quỹ Thi_đua , khen_thưởng theo quy_định tại Điều 66 <NĐ rel="Reference"> Nghị_định số 91/2017/NĐ-CP </NĐ> và các văn_bản hướng_dẫn .
2 . Vụ Tài_chính-Kế_toán có trách_nhiệm phối_hợp với Vụ Thi_đua-Khen_thưởng trong việc hướng_dẫn sử_dụng Quỹ Thi_đua , khen_thưởng , chi tiền thưởng theo quy_định và tổng_hợp_số_liệu thu , chi gửi Vụ Thi_đua-Khen_thưởng trước ngày 30 tháng 6 và 31 tháng 12 hằng năm . 

Điều 34 .  Nguyên_tắc tính tiền thưởng và trách_nhiệm chi thưởng 

1 . Nguyên_tắc tính tiền thưởng : Thực_hiện theo quy_định tại Điều 68 <NĐ rel="Reference"> Nghị_định số 91/2017/NĐ-CP </NĐ> .
2 . Trách_nhiệm chi thưởng 

a ) Tập_thể , cá_nhân được Thủ_tướng Chính_phủ , Chủ_tịch nước khen_thưởng : 

i ) Đối_với tập_thể , cá_nhân thuộc Ngân_hàng Nhà_nước ( trừ các đơn_vị sự_nghiệp ) do Ngân_hàng Nhà_nước chi tiền thưởng ; 

ii ) Đối_với tập_thể , cá_nhân thuộc các tổ_chức tín_dụng , Chi_nhánh ngân_hàng nước_ngoài , Bảo_hiểm_tiền gửi Việt_Nam , các đơn_vị sự_nghiệp , Cơ_quan thường_trực các Hiệp_hội và doanh_nghiệp do Ngân_hàng Nhà_nước quản_lý thì đơn_vị có tập_thể , cá_nhân được khen_thưởng có trách_nhiệm chi tiền thưởng ; 

b ) Tập_thể , cá_nhân được Thống_đốc khen_thưởng 

i ) Đối_với tập_thể , cá_nhân thuộc Ngân_hàng Nhà_nước ( trừ các đơn_vị sự_nghiệp ) và tập_thể , cá_nhân ngoài ngành Ngân_hàng tiền thưởng được trích từ quỹ khen_thưởng của Ngân_hàng Nhà_nước ; 

ii ) Đối_với tập_thể , cá_nhân thuộc các tổ_chức tín_dụng , Chi_nhánh ngân_hàng nước_ngoài , Bảo_hiểm_tiền gửi Việt_Nam , đơn_vị sự_nghiệp , Cơ_quan thường_trực các Hiệp_hội và doanh_nghiệp do Ngân_hàng Nhà_nước quản_lý , tiền thưởng được trích từ quỹ khen_thưởng của đơn_vị ; 

c ) Tập_thể , cá_nhân được Giám_đốc Ngân_hàng Nhà_nước chi_nhánh tỉnh , thành_phố khen_thưởng , tiền thưởng được trích từ quỹ khen_thưởng của Ngân_hàng Nhà_nước chi_nhánh tỉnh , thành_phố ( trừ tập_thể , cá_nhân thuộc tổ_chức tín_dụng ) ; 

d ) Tập_thể , cá_nhân thuộc các tổ_chức tín_dụng , Chi_nhánh ngân_hàng nước_ngoài , Bảo_hiểm_tiền gửi Việt_Nam , các đơn_vị sự_nghiệp , Cơ_quan thường_trực các Hiệp_hội và doanh_nghiệp do Ngân_hàng Nhà_nước quản_lý được Thủ_trưởng đơn_vị khen_thưởng thì tiền thưởng được trích từ quỹ khen_thưởng của đơn_vị . 

3 . Mức tiền thưởng kèm theo các danh_hiệu thi_đua , các hình_thức khen_thưởng thực_hiện theo quy_định từ Điều 69 đến Điều 74 <NĐ rel="Reference"> Nghị_định số 91/2017/NĐ-CP </NĐ> và các văn_bản hướng_dẫn .
QUYỀN_LỢI , NGHĨA_VỤ CỦA TẬP_THỂ , CÁ_NHÂN 

Điều 35 .  Quyền_lợi và nghĩa_vụ của tập_thể , cá_nhân trong thi_đua , khen_thưởng 

1 . Quyền_lợi của tập_thể , cá_nhân trong thi_đua , khen_thưởng . 

a ) Được tham_gia các phong_trào thi_đua do Nhà_nước , Ngân_hàng Nhà_nước , cơ_quan , tổ_chức , đơn_vị phát_động ; 

b ) Được đề_nghị xét tặng danh_hiệu , hình_thức khen_thưởng theo đúng quy_định của pháp_luật ; 

c ) Được quyền góp_ý hoặc đề_nghị cấp có thẩm_quyền xét tặng danh_hiệu , hình_thức khen_thưởng cho tập_thể , cá_nhân có đủ thành_tích và tiêu_chuẩn theo quy_định của pháp_luật và ngược_lại 

d ) Hằng năm , cá_nhân được khen_thưởng sẽ được xem_xét nâng lương trước hạn , ưu_tiên cử đi học_tập , nghiên_cứu , bồi_dưỡng nâng cao_trình_độ chuyên_môn và tham_quan , khảo_sát ở trong nước và nước_ngoài ;  quy_hoạch , bổ_nhiệm , bổ_nhiệm lại chức_vụ . 

2 . Nghĩa_vụ của tập_thể , cá_nhân trong thi_đua , khen_thưởng . 

a ) Nghiêm_chỉnh chấp_hành các quy_định pháp_luật của Nhà_nước , Ngân_hàng Nhà_nước , của cơ_quan , tổ_chức , đơn_vị trong công_tác thi_đua , khen_thưởng ; 

b ) Tập_thể , cá_nhân được khen_thưởng có nghĩa_vụ bảo_quản các hiện_vật khen_thưởng , không được cho người khác mượn để thực_hiện_hành_vi vi_phạm pháp_luật ; 

c ) Từ_chối nhận danh_hiệu hoặc hình_thức khen_thưởng không xứng_đáng với thành_tích và không đúng tiêu_chuẩn , thủ_tục do pháp_luật quy_định ; 

d ) Có trách_nhiệm phát_hiện cá_nhân có thành_tích đột_xuất , gương người tốt , việc tốt , điển_hình tiên_tiến để đề_xuất khen_thưởng kịp_thời hoặc tố_giác , tố_cáo những tập_thể , cá_nhân có hành_vi gian_dối , vi_phạm các quy_định của pháp_luật về thi_đua , khen_thưởng . 

Mục 3 

QUẢN_LÝ NHÀ_NƯỚC VỀ THI_ĐUA , KHEN_THƯỞNG 

Điều 36 .  Tuyên_truyền , phổ_biến nhân rộng điển_hình tiên_tiến 

1 . Vụ Thi_đua-Khen_thưởng tham_mưu cho Thống_đốc xây_dựng kế_hoạch và tổ_chức thực_hiện công_tác tuyên_truyền tư_tưởng thi_đua yêu nước của Chủ_tịch Hồ_Chí_Minh , chủ_trương , chính_sách của Đảng , pháp_luật của Nhà_nước về thi_đua , khen_thưởng ;  biểu_dương , tôn_vinh , nhân rộng các điển_hình tiên_tiến trong các phong_trào thi_đua trên phạm_vi toàn Ngành . 

2 . Các đơn_vị trong ngành Ngân_hàng xây_dựng kế_hoạch , tổ_chức tuyên_truyền nhân rộng điển_hình tiên_tiến , gương người tốt , việc tốt , lựa_chọn tập_thể , cá_nhân có thành_tích tiêu_biểu trong phong_trào thi_đua để biểu_dương , tôn_vinh , khen_thưởng hoặc đề_nghị khen_thưởng . 

Điều 37 .  Đào_tạo , bồi_dưỡng 

Vụ Thi_đua-Khen_thưởng xây_dựng kế_hoạch tổ_chức tập_huấn , bồi_dưỡng chuyên_môn , nghiệp_vụ cho đội_ngũ cán_bộ làm công_tác thi_đua , khen_thưởng của các tập_thể lớn quy_định tại Điều 3 Thông_tư này .  Các tập_thể lớn xây_dựng kế_hoạch , tổ_chức tập_huấn công_tác thi_đua , khen_thưởng cho các tập_thể cơ_sở và tập_thể nhỏ trực_thuộc tùy theo yêu_cầu và điều_kiện cụ_thể . 

Điều 38 .  Kiểm_tra công_tác Thi_đua-Khen_thưởng 

1 . Vụ Thi_đua-Khen_thưởng có trách_nhiệm kiểm_tra công_tác thi_đua , khen_thưởng đối_với các đơn_vị trong toàn Ngành . 

2 . Thủ_trưởng các đơn_vị có trách_nhiệm kiểm_tra công_tác thi_đua , khen_thưởng trong phạm_vi đơn_vị do mình quản_lý . 

Điều 39 .  Hội_đồng Thi_đua-Khen_thưởng , Hội_đồng sáng_kiến các cấp trong ngành Ngân_hàng 

1 . Ngân_hàng Nhà_nước thành_lập Hội_đồng Thi_đua-Khen_thưởng ngành Ngân_hàng và Hội_đồng sáng_kiến ngành Ngân_hàng . 

2 . Các đơn_vị thành_lập Hội_đồng Thi_đua-Khen_thưởng và Hội_đồng sáng_kiến của đơn_vị . 

Điều 40 .  Thành_phần Hội_đồng Thi_đua-Khen_thưởng ngành Ngân_hàng 

1 . Chủ_tịch : Thống_đốc Ngân_hàng Nhà_nước . 

2 . Phó_Chủ_tịch thứ nhất : Phó_Thống_đốc phụ_trách công_tác thi_đua , khen_thưởng ngành Ngân_hàng . 

3 . Phó_Chủ_tịch Thường_trực : Vụ_trưởng Vụ Thi_đua-Khen_thưởng . 

4 . Các Ủy_viên : Vụ_trưởng Vụ Tổ_chức cán_bộ , Phó_Bí_thư Thường_trực Đảng_ủy cơ_quan Ngân_hàng Trung_ương , Phó_Chủ_tịch Thường_trực Công_đoàn Ngân_hàng Việt_Nam , Chánh_Văn_phòng Ngân_hàng Nhà_nước , Chánh Thanh_tra , giám_sát ngân_hàng , Vụ_trưởng Vụ Kiểm_toán nội_bộ , Vụ_trưởng Vụ Chính_sách tiền_tệ , Vụ_trưởng Vụ Tài_chính-Kế_toán , Phó_Vụ_trưởng Vụ Thi_đua-Khen_thưởng . 

5 . Thư_ký : Chuyên_viên Vụ Thi_đua-Khen_thưởng . 

Điều 41 .  Thành_phần Hội_đồng Thi_đua-Khen_thưởng của các đơn_vị thuộc Ngân_hàng Nhà_nước 

1 . Chủ_tịch : Thủ_trưởng đơn_vị . 

2 . Phó_chủ_tịch : Phó_Thủ_trưởng đơn_vị . 

3 . Các Ủy_viên : Đại_diện đảng_ủy ( chi_ủy ) , Chủ_tịch Công_đoàn và các Ủy_viên khác là cán_bộ chủ_chốt của đơn_vị do Thủ_trưởng đơn_vị quyết_định trên nguyên_tắc tổng_số thành_viên Hội_đồng ( Chủ_tịch , Phó_Chủ_tịch và các Ủy_viên ) không vượt quá 09 người .  Đối_với Cơ_quan Thanh_tra , giám_sát ngân_hàng , tổng_số thành_viên Hội_đồng không quá 13 người và Chánh_Thanh_tra giám_sát ngân_hàng quyết_định thành_lập Hội_đồng Thi_đua-Khen_thưởng của các Vụ , Cục , đơn_vị trực_thuộc . 

4 . Thư_ký : Cán_bộ làm công_tác thi_đua , khen_thưởng . 

Điều 42 .  Thành_phần Hội_đồng Thi_đua-Khen_thưởng các tổ_chức tín_dụng , Chi_nhánh ngân_hàng nước_ngoài , Bảo_hiểm_tiền gửi Việt_Nam và doanh_nghiệp do Ngân_hàng Nhà_nước quản_lý 

1 . Chủ_tịch : Chủ_tịch Hội_đồng quản_trị hoặc Chủ_tịch Hội_đồng thành_viên .  Riêng đối_với Ngân_hàng Chính_sách xã_hội , Chủ_tịch Hội_đồng là Tổng_giám_đốc , đối_với Chi_nhánh ngân_hàng nước_ngoài là Tổng_giám_đốc ( Giám_đốc ) . 

2 . Phó_chủ_tịch : Tổng_Giám_đốc ( Giám_đốc ) .  Riêng đối_với Ngân_hàng chính_sách xã_hội và Chi_nhánh ngân_hàng nước_ngoài là Phó_Tổng_giám_đốc ( Phó_Giám_đốc ) . 

3 . Các Ủy_viên : Đại_diện đảng_ủy ( chi_ủy ) , Chủ_tịch Công_đoàn và các Ủy_viên khác là cán_bộ chủ_chốt của đơn_vị , do thủ_trưởng đơn_vị quyết_định .  Tổng_số thành_viên Hội_đồng không quá 13 người . 

4 . Thư_ký : Phó_Trưởng_phòng ( ban ) Thi_đua-Khen_thưởng hoặc chuyên_viên làm công_tác thi_đua , khen_thưởng . 

Điều 43 .  Thành_phần Hội_đồng Thi_đua-Khen_thưởng Cơ_quan thường_trực các Hiệp_hội do Ngân_hàng Nhà_nước quản_lý 

1 . Chủ_tịch : Tổng_Thư_ký . 

2 . Phó_Chủ_tịch : Chủ_tịch Công_đoàn . 

3 . Các Ủy_viên khác do thủ_trưởng đơn_vị quyết_định .  Tổng_số thành_viên Hội_đồng không quá 09 người . 

Điều 44 .  Thành_phần Hội_đồng sáng_kiến ngành Ngân_hàng 

1 . Chủ_tịch : Phó_Thống_đốc phụ_trách công_tác thi_đua , khen_thưởng ngành Ngân_hàng . 

2 . Phó_Chủ_tịch Thường_trực : Vụ_trưởng Vụ Thi_đua-Khen_thưởng . 

3 . Các Ủy_viên và Thư_ký do Vụ Thi_đua-Khen_thưởng đề xuất_trình Thống_đốc quyết_định . 

Điều 45 .  Thành_phần Hội_đồng sáng_kiến của đơn_vị 

3 . Các Ủy_viên và Thư_ký do Thủ_trưởng đơn_vị quyết_định . 

Điều 46 .  Nguyên_tắc làm_việc , nhiệm_vụ , quyền_hạn của Hội_đồng Thi_đua-Khen_thưởng , Hội_đồng sáng_kiến 

1 . Nguyên_tắc làm_việc , nhiệm_vụ quyền_hạn cụ_thể của Hội_đồng Thi_đua-Khen_thưởng và Hội_đồng sáng_kiến ngành Ngân_hàng thực_hiện theo Quy_chế làm_việc do Thống_đốc quy_định . 

2 . Nguyên_tắc làm_việc , nhiệm_vụ quyền_hạn cụ_thể của Hội_đồng Thi_đua-Khen_thưởng và Hội_đồng sáng_kiến của đơn_vị thực_hiện theo quy_chế làm_việc do Thủ_trưởng đơn_vị quy_định . 

Điều 47 .  Quản_lý hồ_sơ tại Ngân_hàng Nhà_nước 

1 . Vụ Thi_đua-Khen_thưởng có trách_nhiệm theo_dõi danh_sách các điển_hình tiên_tiến cấp Ngành ;  hồ_sơ các danh_hiệu thi_đua , hình_thức khen_thưởng thuộc thẩm_quyền của Thống_đốc trở lên ;  tài_liệu liên_quan đến công_tác thi_đua , khen_thưởng của ngành Ngân_hàng . 

2 . Hằng năm , Vụ Thi_đua-Khen_thưởng có trách_nhiệm làm thủ_tục gửi Văn_phòng Ngân_hàng Nhà_nước lưu_trữ hồ_sơ , tài_liệu theo quy_định . 

Điều 48 .  Quản_lý hồ_sơ tại các đơn_vị 

1 . Tổ_chức quản_lý , lưu_trữ toàn_bộ hồ_sơ liên_quan đến công_tác thi_đua , khen_thưởng theo quy_định . 

2 . Đối_với hồ_sơ khen_thưởng , đề_nghị khen_thưởng các danh_hiệu thi_đua , hình_thức khen_thưởng của tập_thể , cá_nhân các đơn_vị phải lưu_trữ 01 bản theo quy_định . 

3 . Danh_sách tập_thể , cá_nhân đăng_ký danh_hiệu thi_đua hằng năm , các đơn_vị tổ_chức lưu_trữ theo quy_định , chỉ gửi về Ngân_hàng Nhà_nước ( qua Vụ Thi_đua-Khen_thưởng ) bản tổng_hợp danh_sách đăng_ký danh_hiệu thi_đua theo mẫu quy_định . 

Điều 49 .  Thông_báo kết_quả khen thưởn 

Hằng năm , Vụ Thi_đua-Khen_thưởng có trách_nhiệm tổng_hợp và thông_báo kết_quả xét khen_thưởng cho các tập_thể , cá_nhân cho các đơn_vị biết . 

Điều 50 .  Báo_cáo công_tác thi_đua , khen_thưởng 

1 . Kết_thúc năm hoạt_động , các đơn_vị tổng_kết , đánh_giá công_tác thi_đua , khen_thưởng và gửi báo_cáo bằng văn_bản về Ngân_hàng Nhà_nước ( qua Vụ Thi_đua-Khen_thưởng ) trước ngày 15 tháng 02 năm sau .  Đối_với Học_viện Ngân_hàng và Trường Đại_học Ngân_hàng thành_phố Hồ_Chí_Minh , gửi báo_cáo tổng_kết trước 15 tháng 8 hằng năm . 

2 . Khi phát_động thi_đua đơn_vị có trách_nhiệm gửi phát_động thi_đua và sau mỗi phong_trào thi_đua , các đơn_vị có trách_nhiệm gửi báo_cáo tổng_kết về Ngân_hàng Nhà_nước ( qua Vụ Thi_đua-Khen_thưởng ) để theo_dõi và làm căn_cứ xét khen_thưởng . 

3 . Tổ_chức tài_chính vi_mô gửi phát_động thi_đua và báo_cáo tổng_kết công_tác thi_đua , khen_thưởng về Ngân_hàng Nhà_nước chi_nhánh tỉnh , thành_phố trên địa_bàn để theo_dõi và tổng_hợp báo_cáo Ngân_hàng Nhà_nước ( qua Vụ Thi_đua-Khen_thưởng ) . 

Điều 51 .  Trách_nhiệm của các đơn_vị 

1 . Vụ Thi_đua-Khen_thưởng có trách_nhiệm 

a ) Chủ_trì , phối_hợp với các đơn_vị trong ngành Ngân_hàng tổ_chức triển_khai thực_hiện Thông_tư này ; 

b ) Hằng năm , đề_xuất Thống_đốc quyết_định : 

i ) Tỷ_lệ nợ xấu tối_đa để xem_xét khen_thưởng đối_với tổ_chức tín_dụng , chi_nhánh tổ_chức tín_dụng , Chi_nhánh ngân_hàng nước_ngoài và cá_nhân là Người quản_lý , Người điều_hành tổ_chức tín_dụng , Tổng_giám_đốc ( Giám_đốc ) Chi_nhánh ngân_hàng nước_ngoài ; 

ii ) Số_lượng Cờ thi_đua cụ_thể cho từng Khối , Cụm thi_đua và các đơn_vị ; 

iii ) Cung_cấp thông_tin các tập_thể , cá_nhân được đề_nghị khen_thưởng Huân_chương các loại , các hạng , danh_hiệu vinh_dự Nhà_nước , danh_hiệu Chiến_sĩ thi_đua toàn_quốc cho Vụ Truyền_thông để lấy ý_kiến trên cổng thông_tin điện_tử của Ngân_hàng Nhà_nước ; 

iv ) Phối_hợp với Cục công_nghệ thông_tin hướng_dẫn gửi văn_bản điện_tử theo quy_định tại Khoản 2 , Điều 26 Thông_tư này . 

2 . Cơ_quan Thanh_tra , giám_sát ngân_hàng có trách_nhiệm cung_cấp thông_tin phục_vụ công_tác xét khen_thưởng theo mẫu_số 22 kèm theo Thông_tư này đối_với tổ_chức tín_dụng , Chi_nhánh ngân_hàng nước_ngoài và cá_nhân là Người quản_lý , Người điều_hành tổ_chức tín_dụng , Tổng_giám_đốc ( Giám_đốc ) Chi_nhánh ngân_hàng nước_ngoài đề_nghị khen_thưởng thuộc thẩm_quyền của Thống_đốc và khen_thưởng cấp Nhà_nước . 

3 . Ngân_hàng Nhà_nước chi_nhánh tỉnh , thành_phố có trách_nhiệm cung_cấp thông_tin phục_vụ công_tác xét khen_thưởng theo mẫu_số 22 kèm theo Thông_tư này đối_với tập_thể chi_nhánh tổ_chức tín_dụng và cá_nhân là Giám_đốc , Phó_Giám_đốc chi_nhánh tổ_chức tín_dụng đề_nghị khen_thưởng thuộc thẩm_quyền của Thống_đốc và khen_thưởng cấp Nhà_nước . 

4 . Vụ Kiểm_toán nội_bộ và một_số đơn_vị , Vụ , Cục có liên_quan thuộc Ngân_hàng Nhà_nước có trách_nhiệm cung_cấp thông_tin phục_vụ công_tác xét khen_thưởng đối_với tập_thể , cá_nhân thuộc Ngân_hàng Nhà_nước , Bảo_hiểm_tiền gửi Việt_Nam , Khối đào_tạo , cơ_quan thường_trực các hiệp_hội và các doanh_nghiệp do Ngân_hàng Nhà_nước quản_lý . 

5 . Vụ Truyền_thông có trách_nhiệm đăng_tải thông_tin công_khai trên cổng thông_tin điện_tử của Ngân_hàng Nhà_nước đối_với các tập_thể , cá_nhân được đề_nghị khen_thưởng Huân_chương các loại , các hạng , danh_hiệu vinh_dự Nhà_nước , danh_hiệu Chiến_sĩ thi_đua toàn_quốc . 

6 . Thủ_trưởng các đơn_vị tại Điểm a các Khoản 2 , 3 , 4 , 5 Điều 3 Thông_tư này có trách_nhiệm hướng_dẫn các quy_định về công_tác thi_đua , khen_thưởng phù_hợp với quy_mô , tính_chất hoạt_động của đơn_vị . 

Điều 52 .  Hiệu_lực thi_hành 

Thông_tư này có hiệu_lực thi_hành kể từ ngày 15 tháng 5 năm 2018 và thay_thế <TT rel="Replace"> Thông_tư số 02/2015/TT-NHNN ngày 7 tháng 01 năm 2015 </TT> của Thống_đốc Ngân_hàng Nhà_nước hướng_dẫn công_tác thi_đua , khen_thưởng ngành Ngân_hàng .
Điều 53 .  Tổ_chức thực_hiện 

Chánh_Văn_phòng , Thủ_trưởng các đơn_vị thuộc Ngân_hàng Nhà_nước , Chủ_tịch Hội_đồng quản_trị , Chủ_tịch Hội_đồng thành_viên và Tổng_giám_đốc ( Giám_đốc ) tổ_chức tín_dụng , Chi_nhánh ngân_hàng nước_ngoài , Bảo_hiểm_tiền gửi Việt_Nam , doanh_nghiệp do Ngân_hàng Nhà_nước quản_lý , Tổng_thư_ký các hiệp_hội do Ngân_hàng Nhà_nước quản_lý chịu trách_nhiệm tổ_chức thực_hiện Thông_tư này ./. 