Nghị định Quy định về thu tiền sử dụng đất, thu tiền thuê đất, thuê mặt nước trong Khu kinh tế, Khu công nghệ cao

Căn_cứ <L rel="Pursuant"> Luật tổ_chức Chính_phủ ngày 19 tháng 6 năm 2015 </L> ;
Căn_cứ <L rel="Pursuant"> Luật quản_lý thuế ngày 29 tháng 11 năm 2006 </L> ;
Căn_cứ <L rel="Pursuant"> Luật sửa_đổi , bổ_sung một_số điều của <L rel="Others"> Luật quản_lý thuế </L> ngày 20 tháng 11 năm 2012 </L> ;
Căn_cứ <L rel="Pursuant"> Luật công_nghệ_cao ngày 13 tháng 11 năm 2008 </L> ;
Căn_cứ <L rel="Pursuant"> Luật_khoa_học và công_nghệ ngày 18 tháng 6 năm 2013 </L> ;
Căn_cứ <L rel="Pursuant"> Luật đất_đai ngày 29 tháng 11 năm 2013 </L> ;
Căn_cứ <L rel="Pursuant"> Luật đầu_tư ngày 26 tháng 11 năm 2014 </L> ;
Căn_cứ <L rel="Pursuant"> Luật ngân_sách nhà_nước ngày 25 tháng 6 năm 2015 </L> ;
Điều 1 .  Phạm_vi điều_chỉnh 

1 . Nghị_định này quy_định về thu tiền sử_dụng đất , thu tiền thuê đất , thuê mặt_nước trong Khu kinh_tế , Khu công_nghệ_cao . 

2 . Khu công_nghệ_cao quy_định tại Nghị_định này được thành_lập , hoạt_động theo quy_định của pháp_luật về công_nghệ_cao . 

3 . Kể từ ngày Nghị_định này có hiệu_lực thi_hành , các quy_định về thu tiền sử_dụng đất , tiền thuê đất , thuê mặt_nước trong Khu kinh_tế , Khu công_nghệ_cao được thực_hiện theo Nghị_định này . 

Điều 2 .  Đối_tượng áp_dụng 

1 . Tổ_chức , cá_nhân được Nhà_nước giao đất , cho thuê đất trong Khu kinh_tế , Khu công_nghệ_cao theo quy_định của pháp_luật về đất_đai . 

2 . Ban quản_lý Khu kinh_tế , Ban quản_lý Khu công_nghệ_cao . 

3 . Các cơ_quan , tổ_chức , cá_nhân khác có liên_quan . 

Điều 3 .  Xác_định tiền sử_dụng đất 

Việc xác_định tiền sử_dụng đất đối_với các trường_hợp được Nhà_nước giao đất có thu tiền sử_dụng đất , chuyển mục_đích sử_dụng đất hoặc nhận chuyển_nhượng quyền sử_dụng đất trong Khu kinh_tế để thực_hiện dự_án đầu_tư xây_dựng nhà ở thương_mại để bán hoặc để bán_kết_hợp với cho thuê theo quy_hoạch ; được Nhà_nước giao đất ở , công_nhận quyền sử_dụng đất ở , cho phép chuyển mục_đích sử_dụng đất sang đất ở đối_với hộ gia_đình , cá_nhân trong Khu kinh_tế thực_hiện theo quy_định tại <NĐ rel="Reference"> Nghị_định số 45/2014/NĐ-CP ngày 15 tháng 5 năm 2014 </NĐ> của Chính_phủ về thu tiền sử_dụng đất và các văn_bản sửa_đổi , bổ_sung ( nếu có ) .
Điều 4 .  Xác_định tiền thuê đất trong Khu kinh_tế 

1 . Trường_hợp Nhà_nước cho thuê đất trả tiền hàng năm không thông_qua hình_thức đấu_giá theo quy_định của pháp_luật , đơn_giá thuê đất hàng năm được xác_định bằng tỷ_lệ phần_trăm ( % ) nhân ( x ) giá đất cụ_thể tính thu tiền thuê đất .  Trong đó : 

a ) Tỷ_lệ phần_trăm ( % ) tính đơn_giá thuê đất từ 0,5 % đến 3 % .  Ủy_ban nhân_dân các tỉnh , thành_phố trực_thuộc trung_ương ( sau đây gọi là Ủy_ban nhân_dân cấp tỉnh ) quy_định cụ_thể theo từng vị_trí đất , khu_vực , tuyến đường tương_ứng với từng mục_đích sử_dụng đất theo quy_hoạch đã được cơ_quan nhà_nước có thẩm_quyền phê_duyệt và công_bố công_khai trong quá_trình triển_khai thực_hiện . 

b ) Giá đất tính thu tiền thuê đất là giá đất cụ_thể được xác_định theo phương_pháp hệ_số điều_chỉnh giá đất quy_định tại Nghị_định của Chính_phủ về giá đất . 

c ) Hệ_số điều_chỉnh giá đất để xác_định_giá đất cụ_thể do Ủy_ban nhân_dân cấp tỉnh ban_hành hàng năm theo từng vị_trí đất , khu_vực , tuyến đường tương_ứng với từng mục_đích sử_dụng đất ;  được công_bố công_khai trong quá_trình triển_khai thực_hiện và áp_dụng từ ngày 01 tháng 01 hàng năm . 

d ) Căn_cứ quy_hoạch chi_tiết của từng phân khu chức_năng trong Khu kinh_tế đã được cơ_quan nhà_nước có thẩm_quyền phê_duyệt , Ủy_ban nhân_dân cấp tỉnh quy_định_giá đất theo từng khu_vực , tuyến đường , vị_trí đất tương_ứng với từng mục_đích sử_dụng đất và cập_nhật vào Bảng giá đất . 

2 . Đơn_giá thuê đất đối_với trường_hợp thuê đất trả tiền thuê đất hàng năm không thông_qua hình_thức đấu_giá được ổn_định 5 năm tính từ thời_điểm được Ban quản_lý Khu kinh_tế quyết_định cho thuê đất hoặc được Ủy_ban nhân_dân cấp tỉnh quyết_định cho thuê đất .  Hết thời_gian ổn_định , Ban quản_lý Khu kinh_tế điều_chỉnh lại đơn_giá thuê đất áp_dụng cho thời_gian tiếp_theo theo chính_sách và giá đất tại thời_điểm điều_chỉnh . 

3 . Trường_hợp Nhà_nước cho thuê đất trả tiền một lần cho cả thời_gian thuê không thông_qua hình_thức đấu_giá theo quy_định của pháp_luật , đơn_giá thuê đất thu một lần cho cả thời_gian thuê là giá đất cụ_thể tương_ứng với thời_hạn thuê đất và được xác_định như sau : 

a ) Trường_hợp diện_tích tính thu tiền thuê đất của thửa đất hoặc khu đất có giá_trị ( tính theo giá đất trong Bảng giá đất ) từ 30 tỷ đồng trở lên thì giá đất cụ_thể tính thu tiền thuê đất được xác_định theo các phương_pháp so_sánh trực_tiếp , chiết_trừ , thu_nhập , thặng_dư .  Việc xác_định_giá đất cụ_thể tính thu tiền thuê đất trong trường_hợp này thực_hiện theo quy_định tại Nghị_định của Chính_phủ về giá đất . 

b ) Trường_hợp diện_tích tính thu tiền thuê đất của thửa đất hoặc khu đất có giá_trị ( tính theo giá đất trong Bảng giá đất ) dưới 30 tỷ đồng thì giá đất cụ_thể tính thu tiền thuê đất được xác_định theo phương_pháp hệ_số điều_chỉnh giá đất .  Trường_hợp thời_hạn thuê đất nhỏ hơn thời_hạn của loại đất quy_định tại Bảng giá đất thì giá đất để xác_định đơn_giá thuê đất được xác_định theo công_thức sau : 

Giá đất để xác_định đơn_giá thuê đất 

= 

Giá đất tại Bảng giá đất 

x 

Hệ_số điều_chỉnh giá đất 

Thời_hạn thuê đất 

Thời_hạn của loại đất tại Bảng giá đất 

4 . Trường_hợp Nhà_nước cho thuê đất thông_qua hình_thức đấu_giá theo quy_định của pháp_luật 

a ) Trường_hợp đấu_giá thuê đất trả tiền thuê đất hàng năm , giá khởi_điểm để đấu_giá quyền sử_dụng đất là đơn_giá thuê đất hàng năm do Ban quản_lý Khu kinh_tế xác_định theo phương_pháp hệ_số điều_chỉnh giá đất và phê_duyệt sau khi có ý_kiến thống_nhất của Sở Tài_chính .  Sở Tài_chính có ý_kiến về giá khởi_điểm trong thời_hạn 05 ngày kể từ ngày nhận được văn_bản đề_nghị của Ban quản_lý Khu kinh_tế .  Đơn_giá thuê đất để xác_định số tiền thuê đất phải nộp hàng năm là đơn_giá trúng đấu_giá . 

Đơn_giá trúng đấu_giá được ổn_định 10 năm .  Hết thời_gian ổn_định , thực_hiện điều_chỉnh đơn_giá thuê đất theo chính_sách về thu tiền thuê đất đối_với trường_hợp thuê đất trả tiền thuê đất hàng năm không thông_qua hình_thức đấu_giá ;  mức điều_chỉnh không vượt quá 30 % đơn_giá thuê đất trúng đấu_giá hoặc đơn_giá thuê đất của kỳ ổn_định liền kề trước đó . 

b ) Trường_hợp đấu_giá thuê đất trả tiền thuê đất một lần cho cả thời_gian thuê , giá khởi_điểm để đấu_giá quyền sử_dụng đất là giá đất cụ_thể tính thu tiền thuê đất một lần tương_ứng với thời_hạn thuê đất và được xác_định như sau : 

- Trường_hợp diện_tích tính thu tiền thuê đất của thửa đất hoặc khu đất đấu_giá có giá_trị ( tính theo giá đất trong Bảng giá đất ) từ 30 tỷ đồng trở lên , giá đất khởi_điểm để đấu_giá quyền sử_dụng đất là giá đất cụ_thể do Sở Tài_nguyên và Môi_trường xác_định theo các phương_pháp so_sánh trực_tiếp , chiết_trừ , thu_nhập , thặng_dư và chuyển cho Hội_đồng thẩm_định_giá đất của địa_phương do Sở Tài_chính làm Thường_trực Hội_đồng tổ_chức thẩm_định , trình Ủy_ban nhân_dân cấp tỉnh phê_duyệt . 

- Trường_hợp diện_tích tính thu tiền thuê đất của thửa đất hoặc khu đất đấu_giá có giá_trị ( tính theo giá đất trong Bảng giá đất ) dưới 30 tỷ đồng , giá đất khởi_điểm để đấu_giá quyền sử_dụng đất là giá đất cụ_thể do Ban quản_lý Khu kinh_tế xác_định theo phương_pháp hệ_số điều_chỉnh giá đất và phê_duyệt sau khi có ý_kiến thống_nhất của Sở Tài_chính .  Sở Tài_chính có ý_kiến về giá khởi_điểm trong thời_hạn 05 ngày kể từ ngày nhận được văn_bản đề_nghị của Ban quản_lý Khu kinh_tế .  Giá đất để xác_định số tiền thuê đất phải nộp một lần cho cả thời_gian thuê là giá đất trúng đấu_giá . 

5 . Căn_cứ giá đất cụ_thể do Ủy_ban nhân_dân cấp tỉnh quyết_định , giá đất tại Bảng giá đất , hệ_số điều_chỉnh giá đất , mức tỷ_lệ phần_trăm ( % ) để xác_định đơn_giá thuê đất trả tiền thuê đất hàng năm và giá trúng đấu_giá đối_với trường_hợp cho thuê đất thông_qua hình_thức đấu_giá , Ban quản_lý Khu kinh_tế xác_định và thông_báo số tiền thuê đất phải nộp . 

Trường_hợp tại thời_điểm xác_định đơn_giá thuê đất hoặc điều_chỉnh đơn_giá thuê đất hoặc xác_định_giá khởi_điểm để đấu_giá quyền sử_dụng đất thuê theo phương_pháp hệ_số điều_chỉnh giá đất mà Ủy_ban nhân_dân cấp tỉnh chưa ban_hành giá đất , hệ_số điều_chỉnh giá đất trong Khu kinh_tế theo quy_định thì áp_dụng giá đất , hệ_số điều_chỉnh giá đất đã ban_hành của năm trước đó để xác_định .  Ủy_ban nhân_dân cấp tỉnh chịu trách_nhiệm về việc thất_thu ngân_sách do chậm ban_hành giá đất , hệ_số điều_chỉnh giá đất ( nếu có ) . 

6 . Trường_hợp được Nhà_nước cho thuê đất có_mặt_nước trong Khu kinh_tế thì tiền thuê đất được xác_định như sau : 

a ) Đối_với phần diện_tích đất không có_mặt_nước thì tiền thuê đất được xác_định theo quy_định tại khoản 1 , khoản 2 , khoản 3 Điều này . 

b ) Đối_với phần diện_tích đất có_mặt_nước thì tiền thuê đất được xác_định không thấp hơn 50 % tiền thuê đất phải nộp của phần diện_tích đất không có_mặt_nước hoặc của loại đất có vị_trí liền kề có cùng mục_đích sử_dụng quy_định tại điểm a khoản này . 

c ) Ủy_ban nhân_dân cấp tỉnh quy_định_mức thu cụ_thể để tính tiền thuê đất có_mặt_nước tại điểm b khoản này . 

7 . Bộ Tài_chính hướng_dẫn cụ_thể Điều này . 

Điều 5 .  Xác_định tiền thuê mặt_nước trong Khu kinh_tế 

1 . Khung_giá thuê mặt_nước trong Khu kinh_tế đối_với mặt_nước không thuộc phạm_vi quy_định tại Điều 10 <L rel="Reference"> Luật đất_đai </L> được quy_định như sau :
a ) Dự_án sử_dụng mặt_nước cố_định : Từ 20.000.000 đồng/km2/năm đến 300.000.000 đồng/km2/năm . 

b ) Dự_án sử_dụng mặt_nước không cố_định : từ 100.000.000 đồng/km2/năm đến 750.000.000 đồng/km2/năm . 

2 . Căn_cứ khung_giá thuê mặt_nước quy_định tại khoản 1 Điều này , Ủy_ban nhân_dân cấp tỉnh quyết_định đơn_giá thuê mặt_nước của từng dự_án làm căn_cứ để Ban quản_lý Khu kinh_tế thông_báo số tiền thuê mặt_nước phải nộp . 

3 . Bộ Tài_chính hướng_dẫn cụ_thể Điều này . 

Điều 6 .  Xử_lý tiền bồi_thường , giải_phóng mặt_bằng trong Khu kinh_tế 

1 . Đối_với trường_hợp Nhà_nước thu_hồi đất và kinh_phí bồi_thường , giải_phóng mặt_bằng bố_trí từ ngân_sách nhà_nước : 

a ) Trường_hợp không thuộc đối_tượng được miễn , giảm tiền sử_dụng đất , tiền thuê đất theo pháp_luật đầu_tư thì không phải hoàn_trả ngân_sách nhà_nước chi_phí bồi_thường , giải_phóng mặt_bằng . 

b ) Trường_hợp được miễn tiền sử_dụng đất , tiền thuê đất cho cả thời_hạn thuê đất theo pháp_luật đầu_tư hoặc được giao đất không thu tiền sử_dụng đất thì phải hoàn_trả ngân_sách nhà_nước chi_phí bồi_thường , giải_phóng mặt_bằng được xác_định theo quy_định tại điểm d khoản này và được tính vào vốn đầu_tư của dự_án . 

c ) Trường_hợp được giảm tiền sử_dụng đất hoặc được miễn tiền thuê đất trong một_số năm hoặc được giảm tiền thuê đất theo pháp_luật đầu_tư thì phải hoàn_trả ngân_sách nhà_nước chi_phí bồi_thường , giải_phóng mặt_bằng được xác_định theo quy_định tại điểm d khoản này và được trừ vào tiền sử_dụng đất , tiền thuê đất phải nộp . 

Số tiền bồi_thường , giải_phóng mặt_bằng hoàn_trả đối_với trường_hợp thuê đất trả tiền thuê đất hàng năm thì được quy_đổi ra thời_gian hoàn_thành nghĩa_vụ tài_chính về tiền thuê đất theo chính_sách và giá đất tại thời_điểm được Nhà_nước quyết_định cho thuê đất . 

d ) Chi_phí bồi_thường , giải_phóng mặt_bằng mà tổ_chức , cá_nhân phải hoàn_trả được xác_định như sau : 

- Trường_hợp phương_án bồi_thường , giải_phóng mặt_bằng được lập , phê_duyệt tương_ứng với từng thửa đất , khu đất hoặc hạng_mục công_trình trong Khu kinh_tế thì người được Nhà_nước giao đất , cho thuê đất phải hoàn_trả chi_phí bồi_thường , giải_phóng mặt_bằng theo phương_án đã được cơ_quan nhà_nước có thẩm_quyền phê_duyệt . 

- Trường_hợp phương_án bồi_thường , giải_phóng mặt_bằng được lập , phê_duyệt theo phân khu chức_năng hoặc toàn_bộ Khu kinh_tế mà không_thể tách riêng được chi_phí bồi_thường , giải_phóng mặt_bằng tương_ứng với từng diện_tích đất mà tổ_chức , cá_nhân được giao đất , cho thuê đất thì chi_phí bồi_thường , giải_phóng mặt_bằng mà tổ_chức , cá_nhân phải hoàn_trả được xác_định như sau : 

Số tiền bồi_thường , giải_phóng mặt_bằng mà người sử_dụng đất được Nhà_nước giao đất , cho thuê đất phải hoàn_trả 

Tổng_chi_phí bồi_thường , giải_phóng mặt_bằng theo phương_án được cơ_quan nhà_nước có thẩm_quyền phê_duyệt của từng phân khu chức_năng hoặc toàn_bộ Khu kinh_tế 

Diện_tích phải nộp tiền sử_dụng đất , tiền thuê đất 

Tổng diện_tích toàn phân khu chức_năng hoặc toàn_bộ Khu kinh_tế 

đ ) Chi_phí bồi_thường , giải_phóng mặt_bằng mà tổ_chức , cá_nhân được Nhà_nước cho thuê đất phải hoàn_trả theo quy_định tại điểm b , điểm c khoản này tương_ứng với thời_hạn thuê đất là 50 năm .  Trường_hợp thời_hạn thuê đất nhỏ hơn 50 năm thì số tiền bồi_thường , giải_phóng mặt_bằng phải hoàn_trả tương_ứng với thời_gian được Nhà_nước cho thuê đất và được xác_định như sau : 

Số tiền bồi_thường , giải_phóng mặt_bằng mà người sử_dụng đất được Nhà_nước cho thuê đất phải hoàn_trả 

tương_ứng với thời_hạn thuê đất là 50 năm 

50 năm 

Số tiền bồi_thường , giải_phóng mặt_bằng còn lại được tiếp_tục phân_bổ cho tổ_chức , cá_nhân được Nhà_nước cho thuê đất tiếp_theo hoặc thời_gian thuê đất tiếp_theo nếu được Nhà_nước gia_hạn sử_dụng đất theo quy_định của pháp_luật về đất_đai . 

e ) Ban quản_lý Khu kinh_tế xác_định , thông_báo số tiền bồi_thường , giải_phóng mặt_bằng mà tổ_chức , cá_nhân được Nhà_nước cho thuê đất phải hoàn_trả theo quy_định tại khoản này và thực_hiện thu nộp như sau : 

- Trong thời_hạn 30 ngày kể từ ngày ký Thông_báo của Ban quản_lý Khu kinh_tế , người sử_dụng đất phải nộp tối_thiểu 50 % số tiền theo Thông_báo . 

- Trong thời_hạn 60 ngày tiếp_theo , người sử_dụng đất phải nộp toàn_bộ số tiền còn lại theo Thông_báo . 

- Quá thời_hạn quy_định nêu trên , người sử_dụng đất chưa nộp đủ số tiền theo Thông_báo của Ban quản_lý Khu kinh_tế thì phải nộp thêm một khoản tương_đương với mức thu tiền chậm nộp theo quy_định của pháp_luật về quản_lý thuế . 

2 . Đối_với trường_hợp giao đất , cho thuê đất không thông_qua hình_thức đấu_giá và tổ_chức , cá_nhân tự_nguyện ứng trước tiền bồi_thường , giải_phóng mặt_bằng theo phương_án được cơ_quan nhà_nước có thẩm_quyền phê_duyệt thì số tiền đã ứng trước được xử_lý như sau : 

a ) Được khấu_trừ số tiền đã ứng trước vào tiền sử_dụng đất , tiền thuê đất phải nộp theo phương_án được cơ_quan nhà_nước có thẩm_quyền phê_duyệt ;  mức trừ không vượt quá số tiền sử_dụng đất , tiền thuê đất phải nộp .  Đối_với số tiền bồi_thường , giải_phóng mặt_bằng còn lại chưa được trừ vào tiền sử_dụng đất , tiền thuê đất phải nộp ( nếu có ) thì được tính vào vốn đầu_tư của dự_án . 

b ) Trường_hợp thuê đất trả tiền thuê đất hàng năm thì số tiền bồi_thường , giải_phóng mặt_bằng đã ứng trước theo phương_án được cơ_quan nhà_nước có thẩm_quyền phê_duyệt được trừ vào tiền thuê đất phải nộp , được quy_đổi theo chính_sách và giá đất tại thời_điểm được Nhà_nước quyết_định cho thuê đất và được xác_định là thời_gian đã hoàn_thành việc nộp tiền thuê đất hàng năm . 

c ) Ban quản_lý Khu kinh_tế xác_định số tiền bồi_thường , giải_phóng mặt_bằng được khấu_trừ vào tiền sử_dụng đất , tiền thuê đất theo quy_định tại khoản này cùng với việc xác_định và thông_báo số tiền sử_dụng đất , tiền thuê đất mà người sử_dụng đất phải nộp . 

d ) Hồ_sơ đề_nghị khấu_trừ tiền bồi_thường , giải_phóng mặt_bằng vào tiền sử_dụng đất , tiền thuê đất được nộp tại Ban quản_lý Khu kinh_tế , bao_gồm các giấy_tờ sau : 

- Văn_bản của người sử_dụng đất đề_nghị được trừ tiền bồi_thường , giải_phóng mặt_bằng vào tiền sử_dụng đất , tiền thuê đất phải nộp ( bản_chính ) . 

- Phương_án bồi_thường , giải_phóng mặt_bằng được cơ_quan nhà_nước có thẩm_quyền phê_duyệt ( bản_sao ) . 

- Quyết_định phê_duyệt quyết_toán chi_phí bồi_thường , giải_phóng mặt_bằng của cơ_quan nhà_nước có thẩm_quyền ( bản_sao ) . 

Điều 7 .  Miễn , giảm tiền sử_dụng đất trong Khu kinh_tế 

1 . Miễn tiền sử_dụng đất đối_với dự_án được Nhà_nước giao đất có thu tiền sử_dụng đất trong Khu kinh_tế để đầu_tư xây_dựng nhà ở xã_hội phục_vụ đời_sống cho người lao_động theo quy_hoạch được cơ_quan nhà_nước có thẩm_quyền phê_duyệt .  Chủ đầu_tư làm thủ_tục để được miễn tiền sử_dụng đất theo quy_định sau : 

a ) Chủ đầu_tư được Nhà_nước giao đất nộp hồ_sơ miễn tiền sử_dụng đất tại Ban quản_lý Khu kinh_tế trong thời_hạn 10 ngày kể từ ngày có quyết_định giao đất .  Trong thời_hạn không quá 15 ngày kể từ ngày nhận đủ hồ_sơ miễn tiền sử_dụng đất , Ban quản_lý Khu kinh_tế xác_định và ban_hành quyết_định miễn tiền sử_dụng đất theo quy_định . 

b ) Hồ_sơ miễn tiền sử_dụng đất gồm : 

- Đơn đề_nghị được miễn tiền sử_dụng đất , trong đó ghi rõ : Diện_tích đất được giao và lý_do miễn miễn sử_dụng đất ( bản_chính ) . 

- Dự_án đầu_tư xây_dựng nhà ở xã_hội được cơ_quan nhà_nước có thẩm_quyền phê_duyệt theo quy_định của pháp_luật về đầu_tư và pháp_luật về nhà ở ( bản_sao ) . 

- Quyết_định giao đất của cơ_quan nhà_nước có thẩm_quyền ( bản_sao ) . 

2 . Việc miễn , giảm tiền sử_dụng đất đối_với dự_án xây_dựng_hạ_tầng nghĩa_trang , nghĩa_địa ; hộ gia_đình , cá_nhân khi được Nhà_nước giao đất ở , công_nhận quyền sử_dụng đất ở , cho phép chuyển mục_đích sử_dụng đất sang đất ở trong Khu kinh_tế được thực_hiện theo quy_định tại <NĐ rel="Reference"> Nghị_định số 45/2014/NĐ-CP ngày 15 tháng 5 năm 2014 </NĐ> của Chính_phủ về thu tiền sử_dụng đất và các văn_bản sửa_đổi , bổ_sung ( nếu có ) .
3 . Không áp_dụng miễn , giảm tiền sử_dụng đất đối_với các dự_án được Nhà_nước giao đất có thu tiền sử_dụng đất trong Khu kinh_tế thực_hiện đầu_tư xây_dựng nhà ở thương_mại để bán hoặc để bán_kết_hợp với cho thuê . 

Điều 8 .  Miễn , giảm tiền thuê đất , thuê mặt_nước 

1 . Việc miễn , giảm tiền thuê đất , thuê mặt_nước được thực_hiện theo từng dự_án đầu_tư gắn với việc cho thuê đất mới . 

2 . Không áp_dụng miễn , giảm tiền thuê đất , thuê mặt_nước đối_với dự_án khai_thác tài_nguyên khoáng_sản . 

3 . Tổ_chức , cá_nhân thuê đất , thuê mặt_nước trong Khu kinh_tế chỉ được hưởng ưu_đãi miễn , giảm tiền thuê đất , thuê mặt_nước sau khi làm các thủ_tục để được miễn , giảm theo quy_định . 

4 . Trường_hợp được Nhà_nước cho thuê đất trả tiền hàng năm và đang trong thời_gian được hưởng ưu_đãi về miễn , giảm nếu thực_hiện chuyển_nhượng dự_án hoặc chuyển_nhượng tài_sản thuộc sở_hữu của mình trên đất gắn liền với đất thuê theo quy_định của pháp_luật và người nhận chuyển_nhượng hoặc người mua tài_sản trên đất tiếp_tục được Nhà_nước cho thuê đất cho thời_gian thuê đất còn lại với mục_đích sử_dụng đất theo đúng mục_đích khi nhận chuyển_nhượng thì việc miễn , giảm tiền thuê đất được thực_hiện như sau : 

a ) Người chuyển_nhượng không được tính số tiền thuê đất đã được miễn , giảm vào giá chuyển_nhượng . 

b ) Người nhận chuyển_nhượng tiếp_tục được miễn , giảm tiền thuê đất , thuê mặt_nước cho thời_gian ưu_đãi còn lại . 

Trường_hợp sau khi nhận chuyển_nhượng , người nhận chuyển_nhượng không tiếp_tục sử_dụng theo đúng mục_đích khi nhận chuyển_nhượng và chuyển sang sử_dụng vào mục_đích khác thì phải thực_hiện nghĩa_vụ tài_chính theo quy_định tại Điều 4 , Điều 5 Nghị_định này . 

5 . Trường_hợp người thuê đất đã được cơ_quan nhà_nước có thẩm_quyền quyết_định miễn , giảm tiền thuê đất , thuê mặt_nước theo quy_định tại Nghị_định này nhưng trong quá_trình quản_lý , sử_dụng đất không đáp_ứng các điều_kiện để được miễn , giảm tiền thuê đất , thuê mặt_nước có nguyên_nhân từ phía người thuê đất hoặc sử_dụng đất không đúng mục_đích đã được ghi tại quyết_định cho thuê đất , hợp_đồng thuê đất nhưng không thuộc trường_hợp bị thu_hồi đất theo quy_định của pháp_luật đất_đai thì phải thực_hiện hoàn_trả ngân_sách nhà_nước số tiền thuê đất , thuê mặt_nước đã được miễn , giảm và cộng thêm khoản tiền tương_đương với mức thu tiền chậm nộp theo quy_định của pháp_luật về quản_lý thuế tính trên số tiền thuê đất , thuê mặt_nước được miễn , giảm . 

6 . Mức miễn , giảm tiền thuê đất cụ_thể như sau : 

a ) Miễn tiền thuê đất trong thời_gian xây_dựng cơ_bản nhưng tối_đa không quá 03 năm kể từ ngày có quyết_định cho thuê đất của cơ_quan nhà_nước có thẩm_quyền ( không bao_gồm các trường_hợp đầu_tư xây_dựng cải_tạo và mở_rộng cơ_sở sản_xuất , kinh_doanh ) . 

b ) Miễn tiền thuê đất sau thời_gian miễn tiền thuê đất của thời_gian xây_dựng cơ_bản ( trừ trường_hợp quy_định tại điểm d khoản này ) : 

- 11 năm đối_với dự_án đầu_tư không thuộc Danh_mục lĩnh_vực ưu_đãi đầu_tư đầu_tư được đầu_tư vào Khu kinh_tế nằm trên địa_bàn cấp huyện không thuộc Danh_mục địa_bàn ưu_đãi đầu_tư . 

- 13 năm đối_với dự_án không thuộc Danh_mục lĩnh_vực ưu_đãi đầu_tư được đầu_tư vào Khu kinh_tế nằm trên địa_bàn cấp huyện thuộc địa_bàn có điều_kiện kinh_tế xã_hội khó_khăn . 

- 15 năm đối_với dự_án không thuộc Danh_mục lĩnh_vực ưu_đãi đầu_tư được đầu_tư vào Khu kinh_tế nằm trên địa_bàn cấp huyện thuộc địa_bàn có điều_kiện kinh_tế xã_hội đặc_biệt khó_khăn ;  dự_án thuộc Danh_mục lĩnh_vực ưu_đãi đầu_tư được đầu_tư vào Khu kinh_tế nằm trên địa_bàn cấp huyện không thuộc Danh_mục địa_bàn ưu_đãi đầu_tư . 

- 17 năm đối_với dự_án thuộc Danh_mục lĩnh_vực ưu_đãi đầu_tư được đầu_tư vào Khu kinh_tế nằm trên địa_bàn cấp huyện thuộc địa_bàn có điều_kiện kinh_tế xã_hội khó_khăn . 

- 19 năm đối_với dự_án thuộc Danh_mục lĩnh_vực ưu_đãi đầu_tư được đầu_tư vào Khu kinh_tế nằm trên địa_bàn cấp huyện thuộc địa_bàn có điều_kiện kinh_tế xã_hội đặc_biệt khó_khăn . 

Danh_mục lĩnh_vực ưu_đãi đầu_tư , lĩnh_vực đặc_biệt ưu_đãi đầu_tư , địa_bàn có điều_kiện kinh_tế-xã_hội khó_khăn , địa_bàn có điều_kiện kinh_tế-xã_hội đặc_biệt khó_khăn tại Nghị_định này thực_hiện theo quy_định của pháp_luật về đầu_tư . 

c ) Miễn tiền thuê đất , thuê mặt_nước cho toàn_bộ thời_hạn thuê ( trừ trường_hợp quy_định tại điểm d khoản này ) : 

- Dự_án đầu_tư thuộc lĩnh_vực đặc_biệt ưu_đãi đầu_tư . 

- Dự_án đầu_tư xây_dựng nhà ở cho công_nhân , người lao_động trong Khu kinh_tế hoặc thuê lại đất của nhà đầu_tư xây_dựng kinh_doanh kết_cấu_hạ_tầng Khu kinh_tế để thực_hiện theo quy_hoạch được cơ_quan nhà_nước có thẩm_quyền phê_duyệt ;  chủ đầu_tư không được tính chi_phí về tiền thuê đất vào giá cho thuê nhà . 

- Đất xây_dựng công_trình sự_nghiệp của các tổ_chức sự_nghiệp công trong Khu kinh_tế . 

- Đất để xây_dựng trạm bảo_dưỡng , sửa_chữa , bãi đỗ xe ( bao_gồm cả khu bán vé , khu quản_lý điều_hành , khu phục_vụ công_cộng ) phục_vụ cho hoạt_động vận_tải hành_khách công_cộng trong Khu kinh_tế theo quy_định của pháp_luật về vận_tải giao_thông đường_bộ . 

- Đất xây_dựng công_trình cấp_nước trong Khu kinh_tế bao_gồm : Công_trình khai_thác , xử_lý nước , đường_ống và công_trình trên mạng_lưới đường_ống cấp_nước và các công_trình hỗ_trợ quản_lý , vận_hành hệ_thống cấp_nước ( nhà hành_chính , nhà quản_lý , điều_hành , nhà_xưởng , kho_bãi vật_tư , thiết_bị ) . 

d ) Nhà_đầu_tư được Nhà_nước cho thuê đất để đầu_tư xây_dựng , kinh_doanh kết_cấu_hạ_tầng khu chức_năng trong Khu kinh_tế được miễn tiền thuê đất sau thời_gian được miễn tiền thuê đất trong thời_gian xây_dựng cơ_bản quy_định tại điểm a khoản này , cụ_thể như sau : 

- 11 năm nếu đầu_tư tại địa_bàn cấp huyện không thuộc Danh_mục địa_bàn ưu_đãi đầu_tư . 

- 15 năm nếu đầu_tư tại địa_bàn cấp huyện thuộc Danh_mục địa_bàn có điều_kiện kinh_tế xã_hội khó_khăn . 

- Toàn_bộ thời_gian thuê đất nếu đầu_tư tại địa_bàn cấp huyện thuộc Danh_mục địa_bàn có điều_kiện kinh_tế xã_hội đặc_biệt khó_khăn . 

Trường_hợp Khu kinh_tế nằm trên phạm_vi nhiều huyện thì việc ưu_đãi miễn tiền thuê đất được xác_định theo diện_tích tương_ứng ở từng huyện . 

7 . Trường_hợp tổ_chức , cá_nhân thuê đất sản_xuất kinh_doanh tạm ngừng dự_án đầu_tư do bất_khả_kháng thì được miễn tiền thuê đất trong thời_gian tạm ngừng hoạt_động . 

8 . Tổ_chức , cá_nhân thuê đất trong Khu kinh_tế thực_hiện dự_án đầu_tư nộp hồ_sơ miễn , giảm tiền thuê đất tại Ban quản_lý Khu kinh_tế trong thời_hạn 10 ngày kể từ ngày có quyết_định cho thuê đất .  Trong thời_hạn không quá 15 ngày kể từ ngày nhận đủ hồ_sơ miễn , giảm tiền thuê đất , Ban quản_lý Khu kinh_tế xác_định và ban_hành quyết_định miễn , giảm tiền thuê đất theo quy_định .  Thời_điểm miễn tiền thuê đất tính từ ngày có quyết_định cho thuê đất .  Trường_hợp chậm làm thủ_tục miễn , giảm tiền thuê đất thì khoảng thời_gian chậm làm thủ_tục không được miễn , giảm tiền thuê đất . 

9 . Tổ_chức , cá_nhân đang thuê đất trả tiền thuê đất hàng năm trong Khu kinh_tế trước ngày Nghị_định này có hiệu_lực thi_hành có mức ưu_đãi về miễn tiền thuê đất theo quy_định của pháp_luật cao hơn mức ưu_đãi quy_định tại khoản 6 Điều này thì được tiếp_tục hưởng mức ưu_đãi cho thời_gian thuê đất còn lại .  Trường_hợp có mức ưu_đãi thấp hơn mức ưu_đãi quy_định tại khoản 6 Điều này thì được điều_chỉnh và áp_dụng cho thời_gian thuê đất còn lại . 

10 .  Trường_hợp tổ_chức , cá_nhân thuê đất trong Khu kinh_tế để thực_hiện các dự_án xã_hội_hóa thuộc lĩnh_vực giáo_dục , dạy nghề , y_tế , văn_hóa , thể_thao , môi_trường thì áp_dụng mức ưu_đãi miễn , giảm tiền thuê đất theo quy_định của Chính_phủ về chính_sách khuyến_khích xã_hội_hóa đối_với các hoạt_động trong lĩnh_vực giáo_dục , dạy nghề , y_tế , văn_hóa , thể_thao , môi_trường . 

11 .  Hồ_sơ miễn , giảm tiền thuê đất trong Khu kinh_tế quy_định như sau : 

a ) Hồ_sơ miễn tiền thuê đất trong thời_gian xây_dựng cơ_bản 

- Đơn đề_nghị miễn tiền thuê đất trong thời_gian xây_dựng cơ_bản ;  trong đó ghi rõ : Diện_tích đất thuê , thời_hạn thuê đất ;  lý_do miễn và thời_gian miễn tiền thuê đất ( bản_chính ) . 

- Giấy chứng_nhận đầu_tư , Giấy_phép đầu_tư , Giấy chứng_nhận đăng_ký đầu_tư , Quyết_định chủ_trương đầu_tư ( trừ trường_hợp thuộc đối_tượng không phải cấp các loại giấy_tờ này theo pháp_luật về đầu_tư ) ( bản_sao ) . 

- Quyết_định cho thuê đất của cơ_quan nhà_nước có thẩm_quyền ( bản_sao ) . 

- Dự_án đầu_tư được phê_duyệt theo quy_định của pháp_luật về đầu_tư làm cơ_sở để được Nhà_nước cho thuê đất ( bản_sao ) . 

b ) Hồ_sơ miễn , giảm tiền thuê đất theo quy_định pháp_luật về đầu_tư 

- Đơn đề_nghị được miễn , giảm tiền thuê đất , trong đó ghi rõ : Diện_tích đất thuê , thời_hạn thuê đất ;  lý_do miễn , giảm và thời_gian miễn , giảm tiền thuê đất ( bản_chính ) . 

- Giấy chứng_nhận đầu_tư , Giấy_phép đầu_tư , Giấy chứng_nhận đăng_ký đầu_tư , Quyết_định chủ_trương đầu_tư ( trừ trường_hợp không phải cấp các loại giấy_tờ này theo pháp_luật về đầu_tư và trường_hợp được Nhà_nước giao đất không thu tiền sử_dụng đất nay chuyển sang thuê đất hoặc được Nhà_nước cho thuê đất nay thuộc đối_tượng được miễn , giảm tiền thuê đất ) ( bản_sao ) . 

- Dự_án đầu_tư được phê_duyệt theo quy_định của pháp_luật về đầu_tư ( trừ trường_hợp được Nhà_nước giao đất không thu tiền sử_dụng đất nay chuyển sang thuê đất hoặc được Nhà_nước cho thuê đất nay thuộc đối_tượng được miễn , giảm tiền thuê đất ) ( bản_sao ) . 

- Quyết_định cho thuê đất của cơ_quan nhà_nước có thẩm_quyền ( bản_sao ) . 

- Chứng_từ chứng_minh đã giải_ngân được tối_thiểu 6.000 tỷ đồng trong 03 năm đối_với trường_hợp được miễn , giảm tiền thuê đất theo quy_định tại điểm c khoản 2 Điều 15 <L rel="Reference"> Luật đầu_tư </L> ( bản_sao ) .
- Giấy_tờ chứng_minh sử_dụng số lao_động bình_quân trong năm từ 500 người trở lên có xác_nhận của cơ_quan quản_lý lao_động có thẩm_quyền trên địa_bàn thực_hiện dự_án với trường_hợp được miễn , giảm tiền thuê đất theo quy_định điểm d khoản 2 Điều 15 <L rel="Reference"> Luật đầu_tư </L> ( bản_sao ) .
c ) Hồ_sơ miễn tiền thuê đất trong thời_gian tạm ngừng hoạt_động 

- Đơn đề_nghị được miễn tiền thuê đất trong thời_gian tạm ngừng hoạt_động ( bản_chính ) . 

- Văn_bản xác_nhận của cơ_quan đăng_ký đầu_tư về thời_gian tạm ngừng hoạt_động của dự_án ( bản_chính ) . 

12 .  Thủ_tướng Chính_phủ xem_xét , quyết_định miễn , giảm tiền thuê đất đối_với các trường_hợp khác do Bộ_trưởng Bộ Tài_chính trình trên cơ_sở đề_xuất của Bộ_trưởng , Thủ_trưởng cơ_quan ngang bộ , cơ_quan thuộc Chính_phủ , Chủ_tịch Ủy_ban nhân_dân cấp tỉnh nơi có Khu kinh_tế . 

Điều 9 .  Thu tiền thuê đất khi chuyển từ thuê đất trả tiền thuê đất hàng năm sang thuê đất trả tiền một lần cho cả thời_gian thuê 

1 . Người sử_dụng đất đang thuê đất trả tiền thuê đất hàng năm khi chuyển sang thuê đất trả tiền thuê đất một lần cho cả thời_gian thuê thì phải nộp tiền thuê đất cho thời_gian thuê đất còn lại .  Đơn_giá thuê đất trả một lần của thời_hạn sử_dụng đất còn lại được xác_định tại thời_điểm có quyết_định cho phép chuyển sang thuê đất trả tiền thuê đất một lần cho thời_gian thuê và xác_định theo quy_định tại khoản 3 Điều 4 Nghị_định này . 

2 . Người sử_dụng đất đang thuê đất trả tiền thuê đất hàng năm nhưng đã hoàn_thành nghĩa_vụ tài_chính cho một_số năm do được khấu_trừ tiền bồi_thường , giải_phóng mặt_bằng đã ứng trước vào tiền thuê đất theo quy_định của pháp_luật , khi chuyển sang thuê đất trả tiền một lần cho cả thời_gian thuê thì tiền bồi_thường , giải_phóng mặt_bằng còn lại tương_ứng với thời_gian đã thực_hiện quy_đổi chưa được trừ hết tiếp_tục được trừ vào thời_gian để xác_định số tiền thuê đất phải nộp một lần cho thời_gian thuê đất còn lại theo quy_định tại khoản 3 Điều 4 Nghị_định này . 

Điều 10 .  Xử_lý nghĩa_vụ tài_chính đối_với trường_hợp chậm đưa đất vào sử_dụng 

1 . Trường_hợp được Nhà_nước giao đất , cho thuê đất trong Khu kinh_tế nhưng không đưa đất vào sử_dụng hoặc chậm tiến_độ sử_dụng đất so với tiến_độ ghi trong dự_án đầu_tư thì người được giao đất , cho thuê đất phải nộp cho Nhà_nước khoản tiền bằng với mức thu tiền thuê đất hàng năm đối_với thời_gian chậm tiến_độ .  Đối_với trường_hợp được Nhà_nước cho thuê đất thì khoản tiền phải nộp cho Nhà_nước được tính bằng với tiền thuê đất hàng năm cho khoảng thời_gian từ khi được Nhà_nước cho thuê đất đến thời_điểm chính_thức có quyết_định thu_hồi đất sau khi trừ đi thời_gian xây_dựng cơ_bản được cơ_quan nhà_nước có thẩm_quyền xác_định khi được cho thuê đất .  Thời_gian xây_dựng cơ_bản được trừ tối_đa không quá 03 năm đối_với trường_hợp được Nhà_nước cho thuê đất trước ngày 01 tháng 7 năm 2014 và không quá 02 năm đối_với trường_hợp được Nhà_nước cho thuê đất kể từ ngày 01 tháng 7 năm 2014 trở về sau . 

2 . Đơn_giá thuê đất để xác_định số tiền phải nộp theo quy_định tại khoản 1 Điều này được xác_định trên cơ_sở giá đất tại Bảng giá đất , hệ_số điều_chỉnh giá đất , tỷ_lệ phần_trăm ( % ) tính đơn_giá thuê đất do cơ_quan nhà_nước có thẩm_quyền ban_hành áp_dụng trong Khu kinh_tế . 

Điều 11 .  Thu nộp tiền sử_dụng đất , tiền thuê đất 

1 . Tiền_sử_dụng đất , tiền thuê đất nộp ngân_sách nhà_nước bằng tiền Việt_Nam ;  trường_hợp tổ_chức , cá_nhân nước_ngoài , người Việt_Nam định_cư ở nước_ngoài nộp tiền sử_dụng đất , tiền thuê đất bằng ngoại_tệ thì thực_hiện quy_đổi sang tiền Việt_Nam theo quy_định của pháp_luật tại thời_điểm nộp . 

2 . Việc nộp tiền sử_dụng đất , tiền thuê đất như sau : 

a ) Ban quản_lý Khu kinh_tế xác_định và thông_báo số tiền phải nộp đến người sử_dụng đất ;  đồng_thời gửi Thông_báo đến Văn_phòng đăng_ký đất_đai để phối_hợp , trình cơ_quan nhà_nước có thẩm_quyền cấp Giấy chứng_nhận quyền sử_dụng đất , quyền sở_hữu nhà ở và tài_sản khác gắn liền với đất . 

b ) Người sử_dụng đất thực_hiện nộp tiền sử_dụng đất , tiền thuê đất vào ngân_sách nhà_nước tại Kho_bạc Nhà_nước hoặc đơn_vị được Kho_bạc Nhà_nước_ủy_nhiệm thu theo Thông_báo của Ban quản_lý Khu kinh_tế .  Trường_hợp chậm nộp so với thời_hạn tại Thông_báo nộp tiền của Ban quản_lý Khu kinh_tế ;  người sử_dụng đất phải nộp tiền chậm nộp theo quy_định của pháp_luật về quản_lý thuế . 

3 . Thời_gian nộp tiền sử_dụng đất , tiền thuê đất 

a ) Đối_với trường_hợp thuê đất trả tiền hàng năm , tiền thuê nộp mỗi năm 2 kỳ : Kỳ thứ nhất nộp tối_thiểu 50 % trước ngày 31 tháng 5 ;  kỳ thứ hai nộp hết số tiền thuê đất còn lại trước ngày 31 tháng 10 hàng năm .  Trường_hợp thời_điểm xác_định nghĩa_vụ tài_chính về tiền thuê đất , thuê mặt_nước phải nộp của năm đầu_tiên từ ngày 31 tháng 10 đến hết ngày 31 tháng 12 của năm thì Ban quản_lý Khu kinh_tế ra thông_báo nộp tiền thuê đất cho thời_gian còn lại của năm và thời_hạn nộp tiền của năm đầu_tiên là 30 ngày kể từ ngày ký Thông_báo . 

b ) Đối_với trường_hợp giao đất có thu tiền sử_dụng đất , thuê đất trả tiền một lần cho cả thời_gian thuê : 

- Trong thời_hạn 30 ngày kể từ ngày ký Thông_báo của Ban quản_lý Khu kinh_tế ;  người sử_dụng đất phải nộp 50 % tiền sử_dụng đất , tiền thuê đất theo Thông_báo . 

- Trong thời_hạn 60 ngày tiếp_theo , người sử_dụng đất phải nộp 50 % tiền sử_dụng đất , tiền thuê đất còn lại theo Thông_báo . 

c ) Quá thời_hạn quy_định tại điểm a , điểm b khoản này , người sử_dụng đất chưa nộp đủ tiền theo Thông_báo thì phải nộp tiền chậm nộp đối_với số tiền chưa nộp theo quy_định của pháp_luật về quản_lý thuế . 

4 . Tiền_sử_dụng đất , tiền thuê đất , thuê mặt_nước trong Khu kinh_tế được nộp và quản_lý , sử_dụng theo quy_định của pháp_luật về ngân_sách nhà_nước . 

5 . Trường_hợp có phát_sinh khiếu_nại về tiền sử_dụng đất , tiền thuê đất ;  trong thời_gian chờ giải_quyết theo quy_định của pháp_luật , người khiếu_nại phải nộp đúng thời_hạn và nộp đủ số tiền sử_dụng đất , tiền thuê đất đã được Thông_báo . 

6 . Trình_tự , thủ_tục tiếp_nhận , luân_chuyển hồ_sơ xác_định nghĩa_vụ tài_chính về đất_đai của người sử_dụng đất trong Khu kinh_tế thực_hiện theo quy_định của Chính_phủ . 

Mục 2 

THU TIỀN THUÊ ĐẤT , THUÊ MẶT_NƯỚC 

TRONG KHU CÔNG_NGHỆ_CAO 

Điều 12 .  Xác_định tiền thuê đất , thuê mặt_nước trong Khu công_nghệ_cao 

1 . Trường_hợp thuê đất trả tiền hàng năm thì đơn_giá thuê đất được xác_định bằng tỷ_lệ phần_trăm ( % ) nhân ( x ) giá đất cụ_thể tính thu tiền thuê đất .  Trong đó : 

a ) Mức tỷ_lệ phần_trăm ( % ) tính đơn_giá thuê đất từ 0,5 % đến 3 % do Ủy_ban nhân_dân cấp tỉnh quy_định cụ_thể theo từng khu_vực , tuyến đường tương_ứng với từng lĩnh_vực đầu_tư và phải được công_bố công_khai hàng năm trong quá_trình triển_khai thực_hiện . 

c ) Hệ_số điều_chỉnh giá đất để xác_định_giá đất cụ_thể do Ủy_ban nhân_dân cấp tỉnh ban_hành hàng năm theo từng khu_vực , tuyến đường , vị_trí đất tương_ứng với từng mục_đích sử_dụng đất nhưng tối_thiểu không thấp hơn 1,0 và áp_dụng từ ngày 01 tháng 01 hàng năm . 

d ) Căn_cứ quy_hoạch chi_tiết của Khu công_nghệ_cao đã được cơ_quan nhà_nước có thẩm_quyền phê_duyệt , Ủy_ban nhân_dân cấp tỉnh quy_định_giá đất theo từng khu_vực , tuyến đường , vị_trí đất tương_ứng với từng mục_đích sử_dụng đất và cập_nhật vào Bảng giá đất . 

đ ) Đơn_giá thuê đất hàng năm được ổn_định 5 năm tính từ thời_điểm được Ban quản_lý Khu công_nghệ_cao cho thuê đất .  Hết thời_gian ổn_định , Ban quản_lý Khu công_nghệ_cao điều_chỉnh lại đơn_giá thuê đất áp_dụng cho thời_gian tiếp_theo theo chính_sách và giá đất tại thời_điểm điều_chỉnh . 

e ) Ủy_ban nhân_dân cấp tỉnh nơi đặt Khu công_nghệ_cao ban_hành mức tỷ_lệ ( % ) tính đơn_giá thuê đất , hệ_số điều_chỉnh giá đất theo quy_định tại điểm a , điểm c khoản này .  Riêng đối_với Khu công_nghệ_cao thuộc trung_ương quản_lý đã được Ủy_ban nhân_dân cấp tỉnh quyết_định giao đất trước ngày 01 tháng 7 năm 2014 thì mức tỷ_lệ ( % ) tính đơn_giá thuê đất , hệ_số điều_chỉnh giá đất do Ban quản_lý khu công_nghệ_cao ban_hành sau khi có ý_kiến thống_nhất của Ủy_ban nhân_dân cấp tỉnh nơi đặt Khu công_nghệ_cao và áp_dụng từ ngày 01 tháng 01 hàng năm . 

g ) Trường_hợp tại thời_điểm xác_định đơn_giá thuê đất hoặc điều_chỉnh đơn_giá thuê đất mà cơ_quan nhà_nước có thẩm_quyền chưa ban_hành giá đất , hệ_số điều_chỉnh giá đất áp_dụng trong Khu công_nghệ_cao thì thực_hiện xử_lý theo quy_định tại khoản 5 Điều 4 Nghị_định này . 

2 . Trường_hợp thuê đất trả tiền thuê đất một lần cho cả thời_gian thuê sử_dụng vào mục_đích sản_xuất kinh_doanh phi nông_nghiệp ( không bao_gồm đất sử_dụng vào mục_đích kinh_doanh thương_mại , dịch_vụ ;  kinh_doanh nhà ở thương_mại , văn_phòng cho thuê ) thì đơn_giá thuê đất thu tiền một lần cho cả thời_gian thuê là giá đất cụ_thể tương_ứng với thời_hạn thuê đất xác_định theo phương_pháp hệ_số điều_chỉnh giá đất .  Hệ_số điều_chỉnh giá đất tính thu tiền sử_dụng đất là hệ_số điều_chỉnh ban_hành theo quy_định tại điểm e khoản 1 Điều này .  Trường_hợp thời_hạn thuê đất nhỏ hơn thời_hạn của loại đất quy_định tại Bảng giá đất thì giá đất để xác_định đơn_giá thuê đất được xác_định theo công_thức sau : 

Đối_với trường_hợp thuê đất sử_dụng vào mục_đích kinh_doanh thương_mại , dịch_vụ ;  kinh_doanh nhà ở thương_mại , văn_phòng cho thuê theo quy_hoạch được cơ_quan nhà_nước có thẩm_quyền phê_duyệt thì giá đất cụ_thể tính thu tiền thuê đất được xác_định theo quy_định tại khoản 3 Điều 4 Nghị_định này . 

3 . Việc cho thuê đất trong Khu công_nghệ_cao không phải thực_hiện theo hình_thức đấu_giá quyền sử_dụng đất .  Trường_hợp có từ hai nhà đầu_tư trở lên đáp_ứng đầy_đủ các tiêu_chí theo quy_định để được đầu_tư vào Khu công_nghệ_cao mà cùng đăng_ký lựa_chọn một địa_điểm để thực_hiện dự_án đầu_tư thì phải thực_hiện đấu_giá quyền sử_dụng đất để cho thuê đất theo quy_định của pháp_luật . 

4 . Việc xác_định tiền thuê mặt_nước trong khu công_nghệ_cao thực_hiện theo quy_định tại Điều 5 Nghị_định này . 

5 . Bộ Tài_chính hướng_dẫn cụ_thể Điều này . 

Điều 13 .  Xử_lý tiền bồi_thường , giải_phóng mặt_bằng trong Khu công_nghệ_cao 

1 . Đối_với trường_hợp Nhà_nước thu_hồi đất và kinh_phí bồi_thường , giải_phóng mặt_bằng bố_trí từ ngân_sách nhà_nước thì người sử_dụng đất được Nhà_nước giao đất không thu tiền sử_dụng đất , cho thuê đất trong Khu công_nghệ_cao phải hoàn_trả ngân_sách nhà_nước tiền bồi_thường , giải_phóng mặt_bằng , trừ các trường_hợp sau : 

a ) Thuê đất trả tiền hàng năm và thuộc đối_tượng được miễn , giảm tiền thuê đất nhưng có nguyện_vọng không hưởng ưu_đãi về miễn , giảm tiền thuê đất . 

b ) Sử_dụng đất và đất có_mặt_nước để xây_dựng công_trình giao_thông , hạ_tầng kỹ_thuật , khu cây_xanh , công_viên sử_dụng công_cộng theo quy_hoạch chung và quy_hoạch phân khu xây_dựng . 

c ) Ban quản_lý Khu công_nghệ_cao và các đơn_vị trực thuộc Ban quản_lý sử_dụng đất để xây_dựng trụ_sở cơ_quan , công_trình sự_nghiệp , công_trình phục_vụ quản_lý và khai_thác hạ_tầng Khu công_nghệ_cao . 

d ) Được giao đất không thu tiền sử_dụng đất , thuê đất miễn tiền thuê đất cho cả thời_hạn thuê và đã được Ban quản_lý Khu công_nghệ_cao bàn_giao đất trước ngày 01 tháng 7 năm 2014 . 

2 . Số tiền bồi_thường , giải_phóng mặt_bằng mà người sử_dụng đất phải hoàn_trả ngân_sách nhà_nước được xác_định theo quy_định tại điểm b , điểm c , điểm d , điểm đ khoản 1 Điều 6 Nghị_định này do Ban quản_lý Khu công_nghệ_cao xác_định và thông_báo . 

Trường_hợp Khu công_nghệ_cao thuộc trung_ương quản_lý và kinh_phí bồi_thường , giải_phóng mặt_bằng được bố_trí từ ngân_sách trung_ương thì số tiền bồi_thường , giải_phóng mặt_bằng mà người sử_dụng đất phải hoàn_trả theo quy_định được nộp vào ngân_sách trung_ương . 

Thời_hạn nộp ngân_sách nhà_nước số tiền bồi_thường , giải_phóng mặt_bằng phải hoàn_trả thực_hiện theo quy_định tại điểm e khoản 1 Điều 6 Nghị_định này . 

3 . Trường_hợp người sử_dụng đất ứng trước tiền bồi_thường , giải_phóng mặt_bằng theo phương_án được cơ_quan nhà_nước có thẩm_quyền phê_duyệt để phối_hợp với Ban quản_lý Khu công_nghệ_cao thực_hiện bồi_thường , giải_phóng mặt_bằng thì được khấu_trừ số tiền đã ứng vào tiền thuê đất phải nộp theo quy_định tại điểm a , điểm b khoản 2 Điều 6 Nghị_định này .  Số tiền bồi_thường , giải_phóng mặt_bằng được khấu_trừ vào tiền thuê đất phải nộp do Ban quản_lý Khu công_nghệ_cao xác_định cùng với việc xác_định và thông_báo tiền thuê đất phải nộp . 

4 . Hồ_sơ đề_nghị khấu_trừ tiền bồi_thường , giải_phóng mặt_bằng vào tiền thuê đất quy_định tại khoản 3 Điều này được nộp tại Ban quản_lý Khu công_nghệ_cao và bao_gồm các giấy_tờ sau : 

a ) Văn_bản của người sử_dụng đất đề_nghị được trừ tiền bồi_thường , giải_phóng mặt_bằng vào tiền thuê đất phải nộp ( bản_chính ) . 

b ) Phương_án bồi_thường , giải_phóng mặt_bằng được cơ_quan nhà_nước có thẩm_quyền phê_duyệt ( bản_sao ) . 

c ) Quyết_định phê_duyệt quyết_toán chi_phí bồi_thường , giải_phóng mặt_bằng của cơ_quan nhà_nước có thẩm_quyền ( bản_sao ) . 

Điều 14 .  Miễn , giảm tiền thuê đất trong Khu công_nghệ_cao 

1 . Nguyên_tắc miễn , giảm tiền thuê đất trong Khu công_nghệ_cao được thực_hiện theo quy_định tại khoản 1 , khoản 3 , khoản 4 , khoản 5 Điều 8 Nghị_định này . 

2 . Miễn toàn_bộ tiền thuê đất cho cả thời_hạn thuê trong các trường_hợp sau : 

a ) Đất xây_dựng công_trình giao_thông và hạ_tầng kỹ_thuật , đất cây_xanh , đất có_mặt_nước , công_viên sử_dụng công_cộng theo quy_hoạch chung và quy_hoạch phân khu được phê_duyệt . 

b ) Đất xây_dựng công_trình sự_nghiệp của các tổ_chức sự_nghiệp công_lập . 

c ) Đất xây_dựng cơ_sở đào_tạo nhân_lực công_nghệ_cao theo quy_định của pháp_luật về công_nghệ_cao . 

d ) Đất thực_hiện dự_án nhà ở cho chuyên_gia , người lao_động thuê khi làm_việc tại Khu công_nghệ_cao theo quy_hoạch được cơ_quan nhà_nước có thẩm_quyền phê_duyệt . 

đ ) Dự_án thuộc Danh_mục lĩnh_vực đặc_biệt ưu_đãi đầu_tư ( trừ dự_án đầu_tư xây_dựng , kinh_doanh kết_cấu_hạ_tầng Khu công_nghệ_cao ) . 

3 . Mức ưu_đãi miễn , giảm tiền thuê đất đối_với không thuộc trường_hợp quy_định tại khoản 2 Điều này cụ_thể như sau : 

a ) Miễn tiền thuê đất trong thời_gian xây_dựng cơ_bản nhưng tối_đa không quá 03 năm kể từ ngày có quyết_định cho thuê đất ( không bao_gồm các trường_hợp đầu_tư xây_dựng cải_tạo và mở_rộng cơ_sở sản_xuất , kinh_doanh ) . 

b ) Miễn tiền thuê đất sau thời_gian miễn tiền thuê đất của thời_gian xây_dựng cơ_bản : 

- 15 năm đối_với dự_án đầu_tư không thuộc Danh_mục lĩnh_vực ưu_đãi đầu_tư đầu_tư ;  dự_án đầu_tư xây_dựng , kinh_doanh kết_cấu_hạ_tầng Khu công_nghệ_cao . 

- 19 năm đối_với dự_án thuộc Danh_mục lĩnh_vực ưu_đãi đầu_tư . 

c ) Trường_hợp tổ_chức , cá_nhân thuê đất sản_xuất kinh_doanh tạm ngừng dự_án đầu_tư do bất_khả_kháng thì được miễn tiền thuê đất trong thời_gian tạm ngừng hoạt_động . 

Danh_mục lĩnh_vực ưu_đãi đầu_tư , danh_mục lĩnh_vực đặc_biệt ưu_đãi đầu_tư thực_hiện theo quy_định của pháp_luật về đầu_tư . 

4 . Người sử_dụng đất thuê đất trong Khu công_nghệ_cao thực_hiện dự_án đầu_tư nộp hồ_sơ miễn , giảm tiền thuê đất tại Ban quản_lý Khu công_nghệ_cao trong thời_hạn 10 ngày kể từ ngày có quyết_định cho thuê đất .  Trong thời_hạn không quá 15 ngày kể từ ngày nhận đủ hồ_sơ miễn , giảm tiền thuê đất , Ban quản_lý Khu công_nghệ_cao xác_định và ban_hành quyết_định miễn , giảm tiền thuê đất theo quy_định .  Thời_điểm miễn tiền thuê đất tính từ ngày có quyết_định cho thuê đất .  Trường_hợp chậm làm thủ_tục miễn , giảm tiền thuê đất thì khoảng thời_gian chậm làm thủ_tục không được miễn , giảm tiền thuê đất . 

5 . Trường_hợp người sử_dụng đất thuê đất trong Khu công_nghệ_cao để thực_hiện các dự_án xã_hội_hóa thuộc lĩnh_vực giáo_dục , dạy nghề , y_tế , văn_hóa , thể_thao , môi_trường thì áp_dụng mức ưu_đãi miễn , giảm tiền thuê s đất theo quy_định của Chính_phủ về chính_sách khuyến_khích xã_hội_hóa đối_với các hoạt_động trong lĩnh_vực giáo_dục , dạy nghề , y_tế , văn_hóa , thể_thao , môi_trường . 

6 . Hồ_sơ miễn , giảm tiền thuê đất quy_định như sau : 

a ) Đơn đề_nghị được miễn , giảm tiền thuê đất , trong đó ghi rõ : Diện_tích đất thuê , thời_hạn thuê đất ;  lý_do miễn , giảm và thời_gian miễn , giảm tiền thuê đất ( bản_chính ) ; 

b ) Quyết_định cho thuê đất của cơ_quan nhà_nước có thẩm_quyền ( bản_sao ) ; 

c ) Biên_bản xác_nhận thời_gian tạm ngừng hoạt_động của Ban quản_lý Khu công_nghệ_cao đối_với trường_hợp đề_nghị được miễn tiền thuê đất trong thời_gian tạm ngừng hoạt_động ( bản_sao ) ; 

Điều 15 .  Xác_định và thông_báo tiền thuê đất trong Khu công_nghệ_cao 

1 . Nghĩa_vụ tài_chính về tiền thuê đất của người thuê đất được xác_định tại thời_điểm có quyết_định cho thuê đất của Ban quản_lý Khu công_nghệ_cao .  Trường_hợp đã sử_dụng đất trước ngày Nghị_định này có hiệu_lực thi_hành nhưng chưa có quyết_định cho thuê đất thì nghĩa_vụ tài_chính về tiền thuê đất của người thuê đất được tính từ ngày nhận bàn_giao đất trên thực_địa . 

2 . Ban quản_lý Khu công_nghệ_cao xác_định số tiền thuê đất đối_với từng dự_án và ban_hành thông_báo tiền thuê đất cho người thuê đất phải nộp .  Đồng_thời , gửi Thông_báo đến Văn_phòng đăng_ký đất_đai . 

3 . Khi chuyển từ thuê đất trả tiền thuê đất hàng năm sang thuê đất trả tiền một lần cho cả thời_gian thuê thì số tiền thuê đất phải nộp được xác_định theo quy_định tại Điều 9 Nghị_định này . 

4 . Trường_hợp được Nhà_nước cho thuê đất trong Khu công_nghệ_cao nhưng không đưa đất vào sử_dụng hoặc chậm tiến_độ sử_dụng đất so với tiến_độ ghi trong dự_án đầu_tư thì người thuê đất phải nộp cho Nhà_nước khoản tiền bằng với mức thu tiền thuê đất hàng năm đối_với thời_gian chậm tiến_độ và được xác_định theo quy_định tại Điều 10 Nghị_định này . 

5 . Việc thu nộp tiền thuê đất trong Khu công_nghệ_cao được thực_hiện theo quy_định tại Điều 11 Nghị_định này . 

6 . Trình_tự , thủ_tục tiếp_nhận , luân_chuyển hồ_sơ xác_định nghĩa_vụ tài_chính về đất_đai của người sử_dụng đất trong Khu công_nghệ_cao thực_hiện theo quy_định của Chính_phủ . 

Điều 16 .  Xử_lý chuyển_tiếp 

1 . Trường_hợp được Nhà_nước cho thuê đất , thuê mặt_nước trong Khu kinh_tế , Khu công_nghệ_cao trước ngày Nghị_định này có hiệu_lực thi_hành và đang trong thời_gian ổn_định đơn_giá thuê đất thì tiếp_tục ổn_định đơn_giá thuê đất đến hết thời_gian ổn_định .  Trường_hợp đơn_giá thuê đất của thời_gian ổn_định mà cao hơn quy_định tại Nghị_định này thì được điều_chỉnh theo Nghị_định này kể từ ngày 01 tháng 01 năm 2017 . 

2 . Trường_hợp được Nhà_nước cho thuê đất , thuê mặt_nước trong Khu kinh_tế , Khu công_nghệ_cao mà thời_điểm điều_chỉnh đơn_giá thuê đất , thuê mặt_nước trước ngày Nghị_định này có hiệu_lực thi_hành nhưng chưa thực_hiện điều_chỉnh thì được thực_hiện điều_chỉnh theo quy_định tại Nghị_định này cho thời_gian thuê đất còn lại .  Đối_với thời_gian đã sử_dụng đất nhưng chưa thực_hiện điều_chỉnh đơn_giá thuê đất thì thực_hiện điều_chỉnh theo chính_sách , pháp_luật của từng thời_kỳ để thực_hiện thanh , quyết_toán tiền thuê đất . 

3 . Trường_hợp được Nhà_nước cho thuê đất , thuê mặt_nước trong Khu kinh_tế , Khu công_nghệ_cao trước ngày Nghị_định này có hiệu_lực đã nộp tiền thuê một lần cho cả thời_gian thuê thì không xác_định lại đơn_giá thuê đất , thuê mặt_nước theo quy_định tại Nghị_định này . 

4 . Trường_hợp được Nhà_nước cho thuê đất trong Khu kinh_tế , Khu công_nghệ_cao trước ngày Nghị_định này đang được hưởng ưu_đãi về miễn , giảm tiền thuê đất , thuê mặt_nước theo quy_định của pháp_luật cao hơn quy_định của Nghị_định này thì tiếp_tục được hưởng mức ưu_đãi cho thời_gian còn lại ;  trường_hợp mức ưu_đãi thấp hơn quy_định tại Nghị_định này thì được hưởng theo quy_định tại Nghị_định này của thời_hạn ưu_đãi còn lại kể từ ngày Nghị_định này có hiệu_lực thi_hành . 

5 . Trường_hợp người sử_dụng đất đã sử_dụng đất trong Khu kinh_tế , Khu công_nghệ_cao trước ngày Nghị_định này có hiệu_lực thi_hành nhưng chưa có quyết_định cho thuê đất và chưa nộp tiền thuê đất do tại thời_điểm thuê đất Nhà_nước chưa có chính_sách cụ_thể về thu tiền thuê đất : 

a ) Được hưởng các ưu_đãi miễn , giảm tiền thuê đất và không phải hoàn_trả tiền bồi_thường , giải_phóng mặt_bằng nếu thuộc đối_tượng theo quy_định tại Nghị_định này tính từ thời_điểm nhận bàn_giao đất trên thực_địa . 

b ) Thực_hiện hoàn_trả tiền bồi_thường , giải_phóng mặt_bằng khi có quyết_định cho thuê đất .  Số tiền bồi_thường , giải_phóng mặt_bằng hoàn_trả được quy_đổi ra số năm , tháng hoàn_thành nghĩa_vụ tài_chính về tiền thuê đất theo chính_sách về giá đất tại thời_điểm có quyết_định cho thuê đất . 

6 . Bộ Tài_chính hướng_dẫn xử_lý chuyển_tiếp trong thực_hiện chính_sách thu tiền sử_dụng đất , tiền thuê đất tại các Khu kinh_tế , Khu công_nghệ_cao được thành_lập trước ngày Nghị_định này có hiệu_lực thi_hành . 

Điều 17 .  Hiệu_lực thi_hành và tổ_chức thực_hiện 

1 . Nghị_định này có hiệu_lực thi_hành từ ngày 20 tháng 6 năm 2017 . 

2 . Bãi_bỏ khoản 4 Điều 19 , khoản 2 Điều 20 <NĐ rel="PartDrop"> Nghị_định số 46/2014/NĐ-CP </NĐ> của Chính_phủ về thu tiền thuê đất , thuê mặt_nước ; bãi_bỏ cụm từ “ Khu kinh_tế , Khu công_nghệ_cao ” tại khoản 6 Điều 3 <NĐ rel="Amended"> Nghị_định số 135/2016/NĐ-CP ngày 09 tháng 9 năm 2016 </NĐ> của Chính_phủ sửa_đổi , bổ_sung một_số điều của các <NĐ rel="Others"> Nghị_định về thu tiền sử_dụng đất , tiền thuê đất , thuê mặt_nước </NĐ> .
3 . Các Bộ_trưởng , Thủ_trưởng cơ_quan ngang bộ , Thủ_trưởng cơ_quan thuộc Chính_phủ , Chủ_tịch Ủy_ban nhân_dân các tỉnh , thành_phố trực_thuộc trung_ương , người được Nhà_nước giao đất , cho thuê đất trong Khu kinh_tế , Khu công_nghệ_cao chịu trách_nhiệm thi_hành Nghị_định này ./. 