Nghị định Quy định về một số cơ chế tài chính ngân sách đặc thù đối với thành phố Hồ Chí Minh

Căn_cứ <L rel="Pursuant"> Luật Tổ_chức Chính_phủ ngày 25 tháng 12 năm 2001 </L> ;
Căn_cứ Điều 75 <L rel="Pursuant"> Luật Ngân_sách nhà_nước số 01/2002/QH11 ngày 16 tháng 12 năm 2002 </L> ;
Căn_cứ Công_văn số 212/NQ-UBTVQH11 ngày 22 tháng 3 năm 2004 của Ủy_ban thường_vụ Quốc_hội ; 

Điều 1 . 

1 . Nguồn thu và nhiệm_vụ chi của ngân_sách thành_phố Hồ_Chí_Minh được phân_cấp theo quy_định của <L rel="Reference"> Luật Ngân_sách nhà_nước </L> . Ủy_ban nhân_dân thành_phố Hồ_Chí Minh_trình Hội_đồng nhân_dân thành_phố quyết_định phân_cấp nguồn thu , nhiệm_vụ chi giữa ngân_sách các cấp thuộc Thành_phố ( thành_phố , quận , huyện , phường , xã ) theo quy_định của <L rel="Reference"> Luật Ngân_sách nhà_nước </L> , phù_hợp với tình_hình thực_tế và yêu_cầu phát_triển kinh_tế-xã_hội và bảo_đảm quốc_phòng , an_ninh , trật_tự an toán xã_hội của Thành_phố . Riêng đối_với ngân_sách xã , thị_trấn thực_hiện theo quy_định tại điểm b khoản 1 Điều 34 <L rel="Reference"> Luật Ngân_sách nhà_nước </L> .
Nhà_nước ưu_tiên đầu_tư về ngân_sách và các nguồn tài_chính khác cho phát_triển kinh_tế xã_hội Thành_phố để Thành_phố thực_hiện vai_trò trung_tâm kinh_tế-xã_hội của khu_vực và cả nước . 

2 . Hàng năm , căn_cứ vào dự_toán ngân_sách được Thủ_tướng Chính_phủ giao và hướng_dẫn của Bộ Tài_chính , Ủy_ban nhân_dân thành_phố Hồ_Chí Minh_trình Hội_đồng nhân_dân thành_phố quyết_định : Dự_toán thu , chi ngân_sách thành_phố ;  phân_bổ_nhiệm_vụ thu , chi cho từng cơ_quan , đơn_vị thuộc ngân_sách cấp Thành_phố ;  số bổ_sung từ ngân_sách thành_phố cho ngân_sách cấp dưới phù_hợp với yêu_cầu phát_triển kinh_tế-xã_hội của Thành_phố ;  đồng_thời đảm_bảo thực_hiện định_hướng chung của ngân_sách nhà_nước . 

3 . Để sử_dụng có hiệu_quả quỹ đất thuộc Thành_phố quản_lý , Ủy_ban nhân_dân thành_phố được tạm_ứng từ nguồn ngân_sách thành_phố hoặc từ nguồn huy_động theo chế_độ quy_định cho các dự_án xây_dựng_hạ_tầng kỹ_thuật thuộc nhiệm_vụ đầu_tư của ngân_sách để tổ_chức đấu_giá quyền sử_dụng đất , sau khi thực_hiện đấu_giá quyền sử_dụng đất sẽ thu_hồi hoàn_trả ngân_sách hoặc hoàn_trả nguồn vốn huy_động . 

Điều 2 .  Tỷ_lệ phần_trăm ( % ) phân_chia các khoản thu giữa ngân_sách trung_ương và ngân_sách thành_phố do Chính_phủ trình Ủy_ban thưường vụ Quốc_hội quyết_định ;  thời_gian ổn_định tỷ_lệ phần_trăm phân_chia này do Chính_phủ trình Quốc_hội quyết_định . 

Điều 3 . 

1 . Hàng năm , trong trường_hợp có số tăng thu ngân_sách trung_ương so với dự_toán Thủ_tướng Chính_phủ giao từ các khoản thu_phân_chia giữa ngân_sách trung_ương và ngân_sách thành_phố theo quy_định tại khoản 2 Điều 30 <L rel="Reference"> Luật Ngân_sách nhà_nước </L> , ngân_sách thành_phố được thưởng 30 % của số tăng thu này , nhưng không vượt quá số tăng thu so với mức thực_hiện năm trước .
2 . Ngân_sách trung_ương thực_hiện bổ_sung có mục_tiêu cho ngân_sách thành_phố tương_ứng 70 % phần còn lại của số tăng thu ngân_sách trung_ương so với dự_toán đã được Thủ_tướng Chính_phủ giao của các khoản thu_phân_chia giữa ngân_sách trung_ương và ngân_sách thành_phố ( sau khi đã thực_hiện thưởng vượt thu theo quy_định tại khoản 1 Điều này ) và tương_ứng 30 % số thu vượt dự_toán đã được Thủ_tướng Chính_phủ giao của các khoản thu ngân_sách trung_ương hưởng 100 % trên địa_bàn , không kể các khoản thu : thuế giá_trị gia_tăng hàng nhập_khẩu ;  các khoản thu không phát_sinh trên địa_bàn Thành_phố mà chỉ hạch_toán nộp ở Thành_phố ;  các khoản hạch_toán ghi thu , ghi chi và các khoản thu được để lại đơn_vị_chi quản_lý qua ngân_sách nhà_nước theo quy_định của pháp_luật . 

3 . Căn_cứ số được thưởng và số bổ_sung có mục_tiêu từ nguồn tăng thu quy_định tại khoản 1 , khoản 2 Điều này , Ủy_ban nhân_dân thành_phố trình Hội_đồng nhân_dân thành_phố quyết_định : Đầu tưưư xây_dựng các công_trình kết_cấu_hạ_tầng ;  trả nợ các khoản vốn huy_động ;  thực_hiện các nhiệm_vụ quan_trọng nhằm phát_triển kinh_tế-xã_hội , bảo_đảm quốc_phòng , an_ninh , trật_tự , an_toàn xã_hội của Thành_phố và thưưưởng cho ngân_sách cấp dưới . 

Điều 4 . 

1 . Chính_phủ ưu_tiên bố_trí vốn hỗ_trợ phát_triển chính_thức ( ODA ) cho thành_phố Hồ_Chí_Minh để đầu_tư các chương_trình , dự_án xây_dựng hệ_thống kết_cấu_hạ_tầng kỹ_thuật đô_thị , môi_trường và phúc_lợi công_cộng . 

2 . Việc bố_trí vốn đầu_tư cho các dự_án sử_dụng nguồn vốn hỗ_trợ phát_triển chính_thức ( ODA ) được thực_hiện theo nguyên_tắc : 

a ) Đối_với dự_án ODA do ngân_sách nhà_nước đầu_tư : 

ư - Đối_với dự_án , công_trình do Bộ , cơ_quan trung_ương làm_chủ dự_án , công_trình , việc bố_trí vốn ( bao_gồm cả vốn đối_ứng ) do ngân_sách trung_ương bảo_đảm . 

ư - Đối_với dự_án , công_trình do Ủy_ban nhân_dân thành_phố làm_chủ dự_án , công_trình , Thành_phố có trách_nhiệm bố_trí từ nguồn ngân_sách địa_phương để bảo_đảm phần vốn đối_ứng của dự_án . 

b ) Đối_với dự_án ODA vay về cho vay lại , ưu_tiên bố_trí vốn cho các dự_án , công_trình đầu_tư có khả_năng thu_hồi vốn , các dự_án sản_xuất các mặt_hàng xuất_khẩu có khả_năng cạnh_tranh cao trên thị_trường quốc_tế . 

3 . Mức hỗ_trợ cụ_thể về vốn hỗ_trợ phát_triển chính_thức ( ODA ) , vốn thực_hiện các chương_trình , dự_án cho Thành_phố , trên cơ_sở đề_nghị của Thành_phố và ý_kiến của Bộ Kế_hoạch và Đầu_tư , Bộ Tài_chính , Chính_phủ cân_đối trong dự_toán ngân_sách nhà_nước_hàng năm trình Quốc_hội quyết_định theo quy_định của <L rel="Reference"> Luật Ngân_sách nhà_nước </L> .
Điều 5 . 

1 . Thành_phố Hồ_Chí_Minh được huy_động vốn đầu_tư trong nước thông_qua các hình_thức phát_hành trái_phiếu chính_quyền địa_phương , các hình_thức huy_động khác theo quy_định của pháp_luật ;  ngân_sách thành_phố có trách_nhiệm thanh_toán gốc , lãi và các chi_phí khác liên_quan . 

2 . Thành_phố được huy_động vốn vay ngoài nước cho đầu_tư phát_triển kết_cấu_hạ_tầng thuộc nhiệm_vụ chi của ngân_sách thành_phố theo nguyên_tắc : Thành_phố xây_dựng phương_án , chủ_động tìm nguồn vay , lấy ý_kiến Bộ Tài_chính , Bộ Kế_hoạch và Đầu_tư , Ngân_hàng Nhà_nước Việt_Nam trước khi trình Thủ_tướng Chính_phủ xem_xét , quyết_định theo cơ_chế Chính_phủ vay về cho thành_phố vay lại để thực_hiện các dự_án , công_trình theo đề_nghị của Ủy_ban nhân_dân thành_phố .  Thành_phố có trách_nhiệm bố_trí từ ngân_sách địa_phương để hoàn_trả gốc và lãi theo quy_định của pháp_luật . 

3 . Tổng_dư_nợ các nguồn vốn huy_động cho đầu_tư các dự_án , công_trình thuộc nhiệm_vụ đầu_tư từ ngân_sách Thành_phố tại khoản 1 , khoản 2 Điều này không vượt quá 100 % tổng mức vốn đầu_tư xây_dựng cơ_bản của ngân_sách thành_phố theo dự_toán Hội_đồng nhân_dân thành_phố quyết_định hàng năm ( không bao_gồm nguồn vốn huy_động đầu_tư cho các dự_án theo quy_định của pháp_luật , vốn đầu_tư các dự_án từ nguồn bổ_sung có mục_tiêu không ổn_định từ ngân_sách trung_ương cho ngân_sách thành_phố ( nếu có ) ) . 

Điều 6 .  Việc huy_động vốn đầu_tư xây_dựng kết_cấu_hạ_tầng thuộc phạm_vi ngân_sách thành_phố quy_định tại Điều 5 Nghị_định này được thực_hiện như sau : 

1 . Căn_cứ nhu_cầu huy_động vốn đầu_tư , Ủy_ban nhân_dân thành_phố lập phương_án báo_cáo Hội_đồng nhân_dân thành_phố quyết_định theo quy_định của pháp_luật . 

2 . Vốn huy_động đầu_tư cho các công_trình , dự_án bảo_đảm nguyên_tắc : công_trình , dự_án sử_dụng vốn huy_động để đầu_tư phải bảo_đảm hiệu_quả kinh_tế-xã_hội ;  công_trình , dự_án đầu_tư thuộc danh_mục đầu_tư trong kế_hoạch 5 năm đã được Hội_đồng nhân_dân thành_phố quyết_định ;  dự_án , công_trình đã có quyết_định đầu_tư của cấp có thẩm_quyền ;  Thành_phố phải bố_trí cân_đối ngân_sách địa_phương để trả hết nợ khi đến hạn . 

Điều 7 .  Ngoài nguồn vốn huy_động cho các dự_án , công_trình thuộc đối_tượng đầu_tư từ nguồn vốn ngân_sách theo quy_định tại Điều 5 Nghị_định này ;  đối_với các dự_án thuộc lĩnh_vực đầu_tư có khả_năng thu_hồi vốn , Ủy_ban nhân_dân thành_phố quyết_định hoặc trình cơ_quan có thẩm_quyền quyết_định việc huy_động đầu_tư theo các hình_thức : BOT ( xây_dựng-vận_hành-chuyển_giao ) , BTO ( xây_dựng-chuyển_giao-vận_hành ) , BT ( xây_dựng-chuyển_giao ) và các hình_thức khác .  Thực_hiện các giải_pháp tài_chính như hỗ_trợ lãi_suất vay vốn đầu_tư , bù một phần chênh_lệch giữa chi_phí và giá dịch_vụ theo quy_định của pháp_luật . 

Điều 8 .  Ủy_ban nhân_dân thành_phố được quyền quyết_định tiếp_nhận các khoản viện_trợ không hoàn lại cho Thành_phố không phụ_thuộc vào quy_mô viện_trợ ;  riêng đối_với các khoản viện_trợ có liên_quan đến tôn_giáo , quốc_phòng , an_ninh , phải báo_cáo Thủ_tướng Chính_phủ quyết_định ;  Chủ_tịch Ủy_ban nhân_dân thành_phố chịu trách_nhiệm thực_hiện việc tiếp_nhận , quản_lý , sử_dụng có hiệu_quả các khoản viện_trợ này , thực_hiện chế_độ hạch_toán , quyết_toán theo đúng quy_định của pháp_luật ;  định_kỳ báo_cáo Bộ Tài_chính , Bộ Kế_hoạch Đầu_tư để theo_dõi , giám_sát và tổng_hợp báo_cáo Thủ_tướng Chính_phủ . 

Điều 9 .  Ủy_ban nhân_dân thành_phố Hồ_Chí_Minh có trách_nhiệm tiếp_tục củng_cố và phát_triển " Quỹ_Đầu_tư phát_triển đô_thị " và các quỹ tài_chính khác theo quy_định của pháp_luật để huy_động sự tham_gia đóng_góp của các thành_phần kinh_tế , các tổ_chức và cá_nhân cho ngân_sách thành_phố , nhằm tăng_cường khả_năng thu_hút các nguồn vốn cho đầu_tư phát_triển Thành_phố . 

Điều 10 . 

1 . Bộ_trưởng Bộ Tài_chính hướng_dẫn tổ_chức thực_hiện Nghị_định này . 

2 . Các Bộ_trưởng , thủ_trưởng cơ_quan ngang Bộ , Thủ_trưởng cơ_quan thuộc Chính_phủ , Chủ_tịch Hội_đồng nhân_dân và Chủ_tịch Ủy_ban nhân_dân thành_phố Hồ_Chí_Minh chịu trách_nhiệm thi_hành Nghị_định này . 

Điều 11 . 

1 . Những nội_dung khác về thực_hiện ngân_sách nhà_nước không quy_định tại Nghị_định này , thực_hiện theo <L rel="Reference"> Luật Ngân_sách nhà_nước </L> và <NĐ rel="Reference"> Nghị_định số 60/2003/NĐ-CP ngày 06 tháng 6 năm 2003 </NĐ> của Chính_phủ Quy_định chi_tiết và hướng_dẫn thi_hành <L rel="Others"> Luật Ngân_sách nhà_nước </L> .
2 . Nghị_định này có hiệu_lực sau 15 ngày , kể từ ngày đăng Công_báo ; Bãi_bỏ các Điều 17 , 18 và 19 của <NĐ rel="PartDrop"> Nghị_định số 93/2001/NĐ-CP ngày 12 tháng 12 năm 2001 </NĐ> của Chính_phủ về phân_cấp quản_lý một_số lĩnh_vực cho thành_phố Hồ_Chí_Minh ./.