Nghị định Về việc người Việt Nam định cư ở nước ngoài mua nhà ở tại Việt Nam

Căn_cứ <L rel="Pursuant"> Luật Tổ_chức Chính_phủ ngày 30 tháng 9 năm 1992 </L> ;
Căn_cứ <BL rel="Pursuant"> Bộ_Luật Dân_sự ngày 28 tháng 10 năm 1995 </BL> ;
Căn_cứ <L rel="Pursuant"> Luật sửa_đổi một_số điều của <L rel="Others"> Luật Đất_đai </L> ngày 29 tháng 6 năm 2001 </L> ;
Điều 1 .  Phạm_vi điều_chỉnh 

Nghị_định này quy_định về đối_tượng , điều_kiện , thủ_tục mua nhà để ở gắn liền với quyền sử_dụng đất ở ;  quản_lý sử_dụng nhà ở , đất ở ;  quyền và nghĩa_vụ của chủ sở_hữu nhà ở là người Việt_Nam định_cư ở nước_ngoài sau khi mua nhà ở theo quy_định tại Nghị_định này . 

Điều 2 .  Người Việt_Nam định_cư ở nước_ngoài 

Người Việt_Nam định_cư ở nước_ngoài quy_định tại Nghị_định này là công_dân Việt_Nam và người gốc Việt_Nam cư_trú , làm_ăn sinh_sống lâu_dài ở nước_ngoài đã được quy_định tại <L rel="Reference"> Luật_Quốc_tịch Việt_Nam ngày 01 tháng 01 năm 1999 </L> .
Điều 3 .  Đối_tượng được mua nhà ở 

1 . Người Việt_Nam định_cư ở nước_ngoài thuộc một trong những đối_tượng dưới đây có đủ các điều_kiện quy_định tại Điều 6 Nghị_định này thì được mua nhà để ở gắn liền với quyền sử_dụng đất ở tại Việt_Nam : 

a ) Người về đầu_tư lâu_dài tại Việt_Nam ; 

b ) Người có công đóng_góp với đất_nước ; 

c ) Nhà_văn_hóa , nhà khoa_học có nhu_cầu về hoạt_động thường_xuyên tại Việt_Nam ; 

d ) Người có nhu_cầu về sống ổn_định tại Việt_Nam . 

2 . Những đối_tượng được mua nhà quy_định tại khoản 1 Điều này chỉ được sở_hữu một nhà để ở ( căn_hộ , căn nhà , nhà biệt_thự ) . 

Điều 4 .  Về quyền sở_hữu nhà ở và quyền sử_dụng đất ở 

Người Việt_Nam định_cư ở nước_ngoài thuộc diện được mua nhà để ở gắn với quyền sử_dụng đất ở tại Việt_Nam theo quy_định tại Nghị_định này sau khi hoàn_tất các thủ_tục mua nhà ở thì được cấp Giấy chứng_nhận quyền sở_hữu nhà ở và quyền sử_dụng đất ở . 

Điều 5 .  Quy_định cụ_thể về đối_tượng được mua nhà ở 

1 . Người về đầu_tư lâu_dài tại Việt_Nam là người trực_tiếp hoạt_động đầu_tư theo quy_định của <L rel="Reference"> Luật_Đầu_tư nước_ngoài tại Việt_Nam </L> hoặc <L rel="Reference"> Luật Khuyến_khích đầu_tư trong nước </L> , được cấp Giấy_phép đầu_tư hoặc được cấp Giấy chứng_nhận đăng_ký kinh_doanh của cơ_quan nhà_nước có thẩm_quyền .
2 . Người có công đóng_góp với đất_nước , bao_gồm : 

a ) Người được hưởng chế_độ ưu_đãi theo quy_định của " <PL rel="Reference"> Pháp_lệnh ưu_đãi người hoạt_động cách_mạng , liệt_sĩ và gia_đình liệt_sĩ , thương_binh , bệnh_binh , người hoạt_động kháng_chiến , người có công giúp_đỡ cách_mạng " ban_hành ngày 29 tháng 8 năm 1994 </PL> ;
b ) Người có thành_tích đóng_góp trong sự_nghiệp giải_phóng dân_tộc , xây_dựng đất_nước được Chủ_tịch nước , Chính_phủ tặng Huân_chương , Huy_chương ;  được Thủ_tướng Chính_phủ tặng Bằng khen ;  được Chủ_tịch Đoàn_Chủ_tịch Ủy_ban Trung_ương Mặt_trận Tổ_quốc Việt_Nam hoặc Bộ_trưởng , Thủ_trưởng cơ_quan quản_lý ngành ở Trung_ương tặng Huy_chương vì sự_nghiệp của ngành đó ; 

c ) Người tham_gia vào Ban_Chấp_hành của các tổ_chức chính_trị-xã_hội của Việt_Nam từ cấp tỉnh , thành_phố trực_thuộc Trung_ương trở lên được các tổ_chức chính_trị-xã_hội đó xác_nhận ;  người được bầu vào Ban_Chấp_hành Trung_ương Hội , người là nòng_cốt trong các phong_trào , tổ_chức của kiều_bào có quan_hệ với trong nước thông_qua Ủy_ban về người Việt_Nam ở nước_ngoài và người có những đóng_góp và giúp_đỡ tích_cực cho các cơ_quan đại_diện hoặc các hoạt_động đối_ngoại của Việt_Nam tại nước_ngoài được cơ_quan Đại_diện của Việt_Nam ở nước_ngoài xác_nhận . 

3 . Nhà_văn_hóa , nhà khoa_học và chuyên_gia về hoạt_động thường_xuyên tại Việt_Nam bao_gồm : 

a ) Nhà_văn_hóa , nhà khoa_học được phong học_hàm , học_vị về khoa_học , giáo_dục , văn_hóa nghệ_thuật của Việt_Nam hoặc của nước_ngoài ; 

b ) Chuyên_gia trong lĩnh_vực kinh_tế-xã_hội . 

Các đối_tượng nêu tại điểm a , b khoản này phải được lãnh_đạo Đảng , Nhà_nước hoặc Bộ_trưởng , Thủ_trưởng cơ_quan ngang Bộ , cơ_quan thuộc Chính_phủ , Chủ_tịch Ủy_ban nhân_dân tỉnh , thành_phố trực_thuộc Trung_ương mời về Việt_Nam làm chuyên_gia , cộng_tác_viên khoa_học , giáo_dục , văn_hóa nghệ_thuật , có xác_nhận của lãnh_đạo các cơ_quan mời ; 

4 . Người Việt_Nam định_cư ở nước_ngoài có đơn đề_nghị về sinh_sống ổn_định tại Việt_Nam và được cấp có thẩm_quyền của cơ_quan Đại_diện ngoại_giao Việt_Nam chấp_thuận . 

Điều 6 .  Điều_kiện để được mua nhà ở tại Việt_Nam 

1 . Hộ_chiếu hợp_lệ của Việt_Nam hoặc hộ_chiếu , giấy_tờ hợp_lệ của nước_ngoài cấp .  Trong trường_hợp sử_dụng hộ_chiếu , giấy_tờ hợp_lệ của nước_ngoài thì phải có Giấy chứng_nhận có quốc_tịch Việt_Nam hoặc Giấy xác_nhận mất quốc_tịch Việt_Nam hoặc Giấy xác_nhận đăng_ký công_dân . 

2 . Giấy_tờ được cơ_quan nhà_nước có thẩm_quyền xác_nhận thuộc các đối_tượng quy_định tại Điều 5 Nghị_định này . 

Điều 7 .  Hợp_đồng mua_bán nhà ở 

Hợp_đồng mua_bán nhà ở được lập thành_văn_bản có chứng_nhận của công_chứng nhà_nước hoặc chứng_thực của cơ_quan nhà_nước có thẩm_quyền ; 

Giá mua_bán nhà ở do các bên thỏa_thuận và được ghi trong hợp_đồng . 

Điều 8 .  Cấp Giấy chứng_nhận quyền sở_hữu nhà ở và quyền sử_dụng đất ở 

1 . Đơn đề_nghị cấp Giấy chứng_nhận quyền sở_hữu nhà ở và quyền sử_dụng đất ở . 

2 . Hợp_đồng mua_bán nhà ở có chứng_nhận của công_chứng nhà_nước hoặc chứng_thực của cơ_quan nhà_nước có thẩm_quyền . 

3 . Biên_lai nộp thuế và lệ_phí . 

4 . Bản_sao có chứng_nhận của công_chứng nhà_nước hoặc chứng_thực của cơ_quan nhà_nước có thẩm_quyền các giấy_tờ quy_định tại Điều 5 Nghị_định này .  Đối_với giấy_tờ không thuộc danh_mục được công_chứng , chứng_thực thì nộp bản_sao nhưng phải mang bản_gốc để cơ_quan cấp Giấy chứng_nhận đối_chiếu . 

Điều 9 .  Trách_nhiệm lập hồ_sơ , thời_gian cấp Giấy chứng_nhận quyền sở_hữu nhà ở và quyền sử_dụng đất ở 

1 . Người Việt_Nam định_cư ở nước_ngoài thuộc diện được mua nhà ở theo quy_định tại Nghị_định này tự mình đứng ra làm các thủ_tục hoặc có_thể thỏa_thuận với bên bán nhà ở hoặc người được ủy_quyền hợp_pháp đại_diện cho mình làm các thủ_tục để được cấp Giấy chứng_nhận quyền sở_hữu nhà ở và quyền sử_dụng đất ở .  Việc_ủy quyền phải thể_hiện bằng văn_bản . 

2 . Giấy chứng_nhận quyền sở_hữu nhà ở và quyền sử_dụng đất ở cấp cho người Việt_Nam định_cư ở nước_ngoài sau khi mua nhà ở theo quy_định tại Nghị_định này sử_dụng theo mẫu Giấy chứng_nhận quyền sở_hữu nhà ở và quyền sử_dụng đất ở cấp cho người Việt_Nam . 

3 . Thời_gian cấp Giấy chứng_nhận chậm nhất là 60 ngày , kể từ ngày người đề_nghị cấp Giấy chứng_nhận nộp đủ hồ_sơ hợp_lệ theo quy_định tại Điều 8 Nghị_định này cho Ủy_ban nhân_dân cấp huyện . 

Điều 10 .  Quyền_lợi của người Việt_Nam định_cư ở nước_ngoài đối_với nhà ở được mua tại Việt_Nam 

1 . Được sử_dụng để ở cho bản_thân và các thành_viên trong gia_đình . 

2 . Được bán , tặng cho các tổ_chức , cá_nhân trong nước hoặc các đối_tượng là người Việt_Nam định_cư ở nước_ngoài thuộc diện được mua nhà ở quy_định tại Điều 5 Nghị_định này . 

3 . Thế_chấp theo quy_định của pháp_luật Việt_Nam . 

4 . Thừa_kế theo quy_định sau đây : 

a ) Đối_với tổ_chức , cá_nhân trong nước hoặc người Việt_Nam định_cư ở nước_ngoài thuộc diện được mua nhà ở quy_định tại Điều 5 Nghị_định này được hưởng thừa_kế theo quy_định tại <BL rel="Reference"> Bộ_luật Dân_sự </BL> ;
b ) Đối_với người nước_ngoài hoặc người Việt_Nam định_cư ở nước_ngoài không thuộc diện được quy_định tại Điều 5 Nghị_định này nếu nhận thừa_kế thì chỉ được hưởng về giá_trị của phần thừa_kế đó . 

Điều 11 .  Nghĩa_vụ của người Việt_Nam định_cư ở nước_ngoài có sở_hữu nhà ở tại Việt_Nam 

1 . Thực_hiện các quy_định tại Nghị_định này . 

2 . Kê_khai , đăng_ký nhà ở , đất ở theo quy_định của pháp_luật Việt_Nam . 

3 . Thực_hiện quy_định về quản_lý , sử_dụng nhà ở , đất ở ;  sửa_chữa , cải_tạo nhà ở ;  mua_bán nhà ở theo quy_định của pháp_luật Việt_Nam . 

4 . Thực_hiện đầy_đủ các quy_định về cư_trú , quản_lý trật_tự đô_thị ;  các nghĩa_vụ tài_chính , thuế và các quy_định khác có liên_quan theo quy_định của pháp_luật Việt_Nam . 

5 . Người Việt_Nam định_cư ở nước_ngoài có nhà ở đã mua theo quy_định của Nghị_định này có_thể ủy_quyền quản_lý nhà ở cho tổ_chức , cá_nhân trong nước hoặc đối_tượng thuộc diện quy_định tại Điều 5 Nghị_định này quản_lý .  Việc_ủy quyền quản_lý phải thể_hiện bằng văn_bản và có chứng_nhận của công_chứng nhà_nước hoặc chứng_thực của cơ_quan nhà_nước có thẩm_quyền . 

Điều 12 .  Vi_phạm các quy_định về mua nhà ở 

Người Việt_Nam định_cư ở nước_ngoài thuộc diện được mua nhà để ở theo quy_định tại Điều 5 Nghị_định này nếu mua nhà để ở trái với quy_định tại Nghị_định này thì không được cấp Giấy chứng_nhận quyền sở_hữu nhà ở và quyền sử_dụng đất ở , không được hưởng các quyền của chủ sở_hữu nhà ở và không được thường_trú hoặc tạm_trú tại nhà ở đó . 

Điều 13 .  Vi_phạm các quy_định về bán nhà ở 

Bên bán nhà ở cho người Việt_Nam định_cư ở nước_ngoài phải bán đúng đối_tượng quy_định tại Điều 5 , có đủ điều_kiện quy_định tại Điều 6 Nghị_định này .  Trong trường_hợp bán nhà không đảm_bảo quy_định tại Nghị_định này dẫn tới người mua nhà không được cấp Giấy chứng_nhận quyền sở_hữu nhà ở và quyền sử_dụng đất ở thì bên bán nhà có nghĩa_vụ hoàn_trả toàn_bộ chi_phí đã nhận cho bên mua nhà .  Trường_hợp bên bán nhà không hoàn_trả chi_phí đã nhận cho bên mua do bán nhà không đúng quy_định tại Nghị_định này thì bên mua có quyền yêu_cầu Tòa_án xử_lý theo pháp_luật . 

Điều 14 .  Vi_phạm về sử_dụng nhà ở , đất ở 

Người Việt_Nam định_cư ở nước_ngoài được công_nhận quyền sở_hữu nhà ở và quyền sử_dụng đất ở tại Việt_Nam nếu không chấp_hành các nghĩa_vụ quy_định tại Điều 11 Nghị_định này và các quy_định về sử_dụng nhà ở , đất ở theo quy_định của pháp_luật Việt_Nam hoặc lợi_dụng việc mua_bán nhà ở vì mục_đích thu lợi thì tùy theo mức_độ vi_phạm sẽ bị xử_lý theo quy_định của pháp_luật Việt_Nam . 

Điều 15 .  Vi_phạm về quản_lý nhà 

Người lợi_dụng chức_vụ , quyền_hạn vi_phạm các quy_định về cấp Giấy chứng_nhận quyền sở_hữu nhà ở và quyền sử_dụng đất ở và quản_lý nhà ở theo quy_định tại Nghị_định này và các quy_định của pháp_luật Việt_Nam về quản_lý nhà ở thì căn_cứ vào mức_độ vi_phạm sẽ bị xử_lý theo quy_định của pháp_luật . 

Điều 16 .  Trách_nhiệm của các Bộ , ngành có liên_quan 

1 . Bộ Xây_dựng có trách_nhiệm quy_định mẫu hợp_đồng mua_bán nhà ở và mẫu_đơn đề_nghị cấp Giấy chứng_nhận quyền sở_hữu nhà ở và quyền sử_dụng đất ở áp_dụng đối_với người Việt_Nam định_cư ở nước_ngoài ;  có trách_nhiệm hướng_dẫn , kiểm_tra và giải_quyết những khó_khăn , vướng_mắc của Ủy_ban nhân_dân tỉnh , thành_phố trực_thuộc Trung_ương khi thực_hiện Nghị_định này ;  tổng_hợp , kiến_nghị Thủ_tướng Chính_phủ giải_quyết những vấn_đề vượt quá thẩm_quyền . 

2 . Các Bộ , ngành có liên_quan căn_cứ chức_năng , nhiệm_vụ , quyền_hạn của mình chịu trách_nhiệm hướng_dẫn , kiểm_tra việc thi_hành Nghị_định này . 

Điều 17 .  Trách_nhiệm của Ủy_ban nhân_dân 

1 . Chỉ_đạo thực_hiện việc bán nhà ở và cấp giấy chứng_nhận quyền sở_hữu nhà ở và quyền sử_dụng đất ở cho người mua nhà theo quy_định của Nghị_định này . 

2 . Báo_cáo tình_hình thực_hiện và những vấn_đề phát_sinh vượt quá thẩm_quyền trong quá_trình thực_hiện Nghị_định này để Bộ Xây_dựng tổng_hợp trình Thủ_tướng Chính_phủ xem_xét , giải_quyết . 

Điều 18 .  Nghị_định này có hiệu_lực thi_hành sau 15 ngày , kể từ ngày ký . 

Điều 19 .  Các Bộ_trưởng , Thủ_trưởng cơ_quan ngang Bộ , Thủ_trưởng cơ_quan thuộc Chính_phủ , Chủ_tịch Ủy_ban nhân_dân các tỉnh , thành_phố trực_thuộc Trung_ương chịu trách_nhiệm thi_hành Nghị_định này ./. 