Nghị định Về quản lý tiếp cận nguồn gen và chia sẻ lợi ích từ việc sử dụng nguồn gen

Căn_cứ <L rel="Pursuant"> Luật tổ_chức Chính_phủ ngày 19 tháng 6 năm 2015 </L> ;
Căn_cứ <L rel="Pursuant"> Luật đa_dạng sinh_học ngày 13 tháng 11 năm 2008 </L> ;
Căn_cứ <L rel="Pursuant"> Luật dược ngày 06 tháng 4 năm 2016 </L> ;
Điều 1 .  Phạm_vi điều_chỉnh 

Nghị_định này quy_định về quản_lý hoạt_động tiếp_cận để sử_dụng và chia_sẻ lợi_ích từ việc sử_dụng nguồn gen thuộc chủ_quyền của nước Cộng_hòa xã_hội chủ_nghĩa Việt_Nam . 

Điều 2 .  Đối_tượng áp_dụng 

Nghị_định này áp_dụng đối_với các tổ_chức , cá_nhân có hoạt_động liên_quan đến tiếp_cận để sử_dụng nguồn gen nhằm mục_đích nghiên_cứu hoặc phát_triển sản_phẩm thương_mại . 

Điều 3 .  Giải_thích từ_ngữ 

1 . “ Bên cung_cấp ” là tổ_chức , cá_nhân được nhà_nước giao quản_lý nguồn gen theo quy_định tại khoản 2 Điều 55 <L rel="Reference"> Luật đa_dạng sinh_học </L> .
2 . “ Bên tiếp_cận ” là tổ_chức , cá_nhân thực_hiện các hoạt_động tiếp_cận để sử_dụng nguồn gen thuộc chủ_quyền của nước Cộng_hòa xã_hội chủ_nghĩa Việt_Nam . 

3 . “ Bên thứ ba ” là tổ_chức , cá_nhân tiếp_cận để sử_dụng nguồn gen , dẫn_xuất của nguồn gen được chuyển_giao từ Bên tiếp_cận đã được cơ_quan nhà_nước có thẩm_quyền cấp phép . 

4 . “ Công_nghệ sinh_học ” là bất_kỳ ứng_dụng công_nghệ nào có sử_dụng các hệ_thống sinh_học , cơ_thể sống hoặc dẫn_xuất của chúng để tạo ra , làm biến_đổi sản_phẩm hoặc các quá_trình vì mục_đích sử_dụng_cụ_thể . 

5 . “ Chứng_nhận tuân_thủ quốc_tế về tiếp_cận nguồn gen và chia_sẻ lợi_ích ” là bản thông_tin điện_tử có các thông_tin cơ_bản của Giấy_phép tiếp_cận nguồn gen và Hợp_đồng tiếp_cận nguồn gen và chia_sẻ lợi_ích do Cơ_quan đầu_mối quốc_gia đăng_tải trên Cổng trao_đổi thông_tin quốc_tế về tiếp_cận nguồn gen và chia_sẻ lợi_ích của Ban thư_ký Công_ước Đa_dạng sinh_học . 

6 . “ Dẫn_xuất ” là một hợp_chất hóa_sinh được tạo ra một_cách tự_nhiên do hoạt_động biểu_hiện của gen hoặc quá_trình trao_đổi chất của các nguồn tài_nguyên_sinh_học hoặc di_truyền , ngay cả khi hợp_chất hóa_sinh này không chứa các đơn_vị có chức_năng di_truyền . 

7 . “ Giấy_phép tiếp_cận nguồn gen ” là văn_bản do cơ_quan nhà_nước có thẩm_quyền cấp cho Bên tiếp_cận để thực_hiện các hoạt_động tiếp_cận nguồn gen với các mục_đích : nghiên_cứu không vì mục_đích thương_mại ;  nghiên_cứu vì mục_đích thương_mại ;  phát_triển sản_phẩm thương_mại . 

8 . “ Hợp_đồng tiếp_cận nguồn gen và chia_sẻ lợi_ích ” là hợp_đồng thỏa_thuận giữa Bên cung_cấp và Bên tiếp_cận về các điều_khoản và điều_kiện để thực_hiện hoạt_động tiếp_cận nguồn gen cho các mục_đích sử_dụng và chia_sẻ lợi_ích từ việc sử_dụng nguồn gen ( sau đây gọi là Hợp_đồng ) . 

9 . “ Nghị_định_thư Nagoya ” là tên viết tắt của Nghị_định_thư Nagoya về tiếp_cận nguồn gen và chia_sẻ công_bằng , hợp_lý lợi_ích phát_sinh từ việc sử_dụng nguồn gen trong khuôn_khổ Công_ước Đa_dạng sinh_học . 

10 .  “ Nguồn_gốc , xuất_xứ của nguồn gen ” là nơi có nguồn gen ở trạng_thái hoang_dã hoặc là nơi nguồn gen đã được thuần_hóa và sản_xuất lâu_đời . 

11 .  “ Sử_dụng nguồn gen ” là các hoạt_động nghiên_cứu và phát_triển có sử_dụng các thành_phần di_truyền , hóa_sinh và dẫn_xuất của nguồn gen , bao_gồm cả việc áp_dụng công_nghệ sinh_học theo quy_định tại Nghị_định này . 

Điều 4 .  Nguyên_tắc trong quản_lý tiếp_cận nguồn gen và chia_sẻ lợi_ích từ việc sử_dụng nguồn gen 

1 . Nhà_nước Việt_Nam thực_hiện chủ_quyền đối_với toàn_bộ nguồn gen trên lãnh_thổ quốc_gia . 

2 . Bên tiếp_cận là tổ_chức , cá_nhân nước_ngoài chỉ được thực_hiện hoạt_động tiếp_cận nguồn gen khi được cơ_quan nhà_nước có thẩm_quyền của Việt_Nam cấp phép . 

3 . Nhà_nước khuyến_khích các tổ_chức , cá_nhân Việt_Nam thực_hiện các hoạt_động nghiên_cứu và phát_triển nguồn gen . 

4 . Việc chia_sẻ lợi_ích từ sử_dụng nguồn gen phải đảm_bảo công_bằng , hợp_lý giữa các bên có liên_quan và góp_phần quản_lý hiệu_quả tài_nguyên_sinh_học , thúc_đẩy các quá_trình nghiên_cứu khoa_học và thương_mại_hóa nguồn gen , chú_trọng đến vai_trò của cộng_đồng địa_phương trong việc bảo_tồn và sử_dụng bền_vững tài_nguyên di_truyền . 

Điều 5 . Cơ_quan đầu_mối quốc_gia thực_hiện <L rel="Reference"> Nghị_định_thư Nagoya </L>
1 . Bộ Tài_nguyên và Môi_trường là cơ_quan đầu_mối quốc_gia thực_hiện <L rel="Reference"> Nghị_định_thư Nagoya </L> .
2 . Cơ_quan đầu_mối quốc_gia thực_hiện Nghị_định_thư Nagoya có trách_nhiệm : 

a ) Thực_hiện thống_nhất quản_lý hoạt_động cấp , gia_hạn và thu_hồi Giấy_phép tiếp_cận nguồn gen ; 

b ) Làm_đầu_mối cung_cấp , trao_đổi thông_tin với Ban thư_ký Công_ước Đa_dạng sinh_học thông_qua Cổng trao_đổi thông_tin quốc_tế về tiếp_cận nguồn gen và chia_sẻ lợi_ích theo quy_định của <L rel="Reference"> Nghị_định_thư Nagoya </L> ; chủ_trì xây_dựng Báo_cáo quốc_gia về việc thực_hiện <PL rel="Reference"> Nghị_định_thư Nagoya </PL> tại Việt_Nam ; kiến_nghị , đề_xuất việc thực_hiện và tổ_chức thực_hiện theo phân_công của Chính_phủ các quyết_định của Hội_nghị các bên tham_gia <L rel="Reference"> Nghị_định_thư Nagoya </L> ; điều_phối , tổ_chức việc thực_hiện các nghĩa_vụ của quốc_gia đối_với <L rel="Reference"> Nghị_định_thư Nagoya </L> ;
c ) Phối_hợp với các quốc_gia khác trong việc thực_hiện các biện_pháp tuân_thủ Nghị_định_thư Nagoya áp_dụng đối_với các nguồn gen của Việt_Nam ở nước_ngoài ;  tổ_chức thực_hiện các hoạt_động hợp_tác quốc_tế song_phương và đa_phương về tiếp_cận nguồn gen và chia_sẻ lợi_ích . 

Điều 6 .  Cơ_quan nhà_nước có thẩm_quyền cấp , gia_hạn và thu_hồi Giấy_phép tiếp_cận nguồn gen 

1 . Bộ Nông_nghiệp và Phát_triển nông_thôn cấp , gia_hạn và thu_hồi Giấy_phép tiếp_cận nguồn gen đối_với nguồn gen của giống cây_trồng , giống vật_nuôi , giống thủy_sản và giống cây lâm_nghiệp . 

2 . Bộ Tài_nguyên và Môi_trường cấp , gia_hạn và thu_hồi Giấy_phép tiếp_cận nguồn gen đối_với các trường_hợp không thuộc quy_định tại khoản 1 Điều này . 

Điều 7 .  Đối_tượng đăng_ký và đề_nghị cấp Giấy_phép tiếp_cận nguồn gen 

1 . Các đối_tượng sau đây phải đăng_ký và đề_nghị cấp Giấy_phép tiếp_cận nguồn gen : 

a ) Tổ_chức , cá_nhân Việt_Nam có nhu_cầu tiếp_cận nguồn gen để nghiên_cứu vì mục_đích thương_mại , phát_triển sản_phẩm thương_mại ; 

b ) Tổ_chức , cá_nhân nước_ngoài có nhu_cầu tiếp_cận nguồn gen trên lãnh_thổ Việt_Nam vì bất_cứ mục_đích nào ; 

c ) Tổ_chức , cá_nhân Việt_Nam có nhu_cầu đưa nguồn gen được tiếp_cận ra nước_ngoài , trừ trường_hợp quy_định tại Điều 20 Nghị_định này . 

2 . Đối_tượng là cá_nhân đăng_ký và đề_nghị cấp Giấy_phép tiếp_cận nguồn gen quy_định tại khoản 1 Điều này phải đáp_ứng các yêu_cầu sau : 

a ) Có bằng_cấp chuyên_môn ( từ đại_học trở lên ) về một trong các lĩnh_vực : sinh_học , công_nghệ sinh_học , dược_học và khoa_học nông_nghiệp ; 

b ) Là thành_viên của tổ_chức khoa_học và công_nghệ đang hoạt_động theo quy_định pháp_luật của quốc_gia nơi tổ_chức được thành_lập trong các lĩnh_vực sinh_học , công_nghệ sinh_học , dược_học , khoa_học nông_nghiệp và được tổ_chức này bảo_lãnh bằng văn_bản theo Mẫu_số 01 tại Phụ_lục ban_hành kèm theo Nghị_định này . 

Điều 8 .  Yêu_cầu đối_với đối_tượng đăng_ký và đề_nghị cấp Giấy_phép tiếp_cận nguồn gen 

1 . Đăng_ký tiếp_cận nguồn gen với cơ_quan nhà_nước có thẩm_quyền . 

2 . Thỏa_thuận và ký Hợp_đồng với Bên cung_cấp . 

3 . Đề_nghị Ủy_ban nhân_dân cấp xã xác_nhận Hợp_đồng . 

4 . Nộp hồ_sơ đề_nghị cấp Giấy_phép tiếp_cận nguồn gen tới cơ_quan nhà_nước có thẩm_quyền . 

5 . Cung_cấp thông_tin , tài_liệu bổ_sung ;  hoàn_thiện hồ_sơ khi có yêu_cầu của cơ_quan nhà_nước có thẩm_quyền trong quá_trình thẩm_định hồ_sơ đề_nghị cấp Giấy_phép tiếp_cận nguồn gen . 

Điều 9 .  Đăng_ký tiếp_cận nguồn gen 

1 . Tổ_chức , cá_nhân nộp hồ_sơ đăng_ký tiếp_cận nguồn gen ( sau đây gọi là hồ_sơ đăng_ký ) tới cơ_quan nhà_nước có thẩm_quyền theo một trong các cách : Nộp trực_tiếp tại trụ_sở của cơ_quan nhà_nước có thẩm_quyền ;  gửi qua đường bưu_điện hoặc đăng_ký điện_tử . 

2 . Hồ_sơ đăng_ký bao_gồm : 

a ) Đơn đăng_ký tiếp_cận nguồn gen theo Mẫu_số 02 tại Phụ_lục ban_hành kèm theo Nghị_định này ; 

b ) Văn_bản chứng_minh tư_cách pháp_nhân theo quy_định pháp_luật của quốc_gia nơi tổ_chức được thành_lập ;  xuất_trình bản_chính , hoặc bản_sao có chứng_thực một trong các giấy_tờ là hộ_chiếu , chứng_minh nhân_dân , thẻ căn_cước công_dân hoặc giấy_tờ khác có dán ảnh và thông_tin cá_nhân do cơ_quan có thẩm_quyền cấp , còn giá_trị sử_dụng ( sau đây gọi là giấy_tờ tùy_thân ) để chứng_minh về nhân_thân của cá_nhân đăng_ký ; 

c ) Đối_với tổ_chức , cá_nhân nước_ngoài đăng_ký tiếp_cận nguồn gen phải có văn_bản hợp_tác với tổ_chức khoa_học và công_nghệ Việt_Nam ; 

d ) Đối_với việc đăng_ký tiếp_cận nguồn gen thuộc chương_trình , dự_án , đề_tài chung có sự tham_gia của nhiều tổ_chức , cá_nhân phải có văn_bản ủy_quyền cho tổ_chức , cá_nhân đại_diện để thực_hiện đăng_ký tiếp_cận nguồn gen . 

3 . Trong thời_hạn 10 ngày , kể từ ngày nhận được hồ_sơ đăng_ký , cơ_quan nhà_nước có thẩm_quyền có trách_nhiệm thông_báo bằng văn_bản cho tổ_chức , cá_nhân đăng_ký về việc xác_nhận hoặc từ_chối đăng_ký tiếp_cận nguồn gen , đồng_thời nêu rõ lý_do từ_chối . 

Điều 10 .  Thỏa_thuận , ký Hợp_đồng tiếp_cận nguồn gen và chia_sẻ lợi_ích 

1 . Sau khi nhận được văn_bản xác_nhận đăng_ký tiếp_cận nguồn gen của cơ_quan nhà_nước có thẩm_quyền , tổ_chức , cá_nhân tiến_hành thỏa_thuận và ký Hợp_đồng với Bên cung_cấp . 

2 . Nội_dung của Hợp_đồng theo quy_định tại Điều 15 Nghị_định này . 

3 . Trường_hợp có nhiều tổ_chức , cá_nhân cùng hợp_tác để thực_hiện cung_cấp hoặc tiếp_cận nguồn gen , các tổ_chức , cá_nhân này tiến_hành thỏa_thuận , thống_nhất các điều_khoản và cùng ký Hợp_đồng . 

Điều 11 .  Xác_nhận Hợp_đồng tiếp_cận nguồn gen và chia_sẻ lợi_ích 

1 . Ủy_ban nhân_dân cấp xã nơi có nguồn gen ngoài tự_nhiên hoặc nơi đăng_ký trụ_sở của Bên cung_cấp có trách_nhiệm xác_nhận Hợp_đồng do tổ_chức , cá_nhân đề_nghị . 

2 . Hồ_sơ gửi Ủy_ban nhân_dân cấp xã để xem_xét xác_nhận , bao_gồm : 

a ) Bản_sao văn_bản xác_nhận đăng_ký tiếp_cận nguồn gen được cơ_quan nhà_nước có thẩm_quyền cấp ; 

b ) Hợp_đồng đã ký giữa các bên liên_quan ; 

c ) Xuất_trình bản_chính một trong các giấy_tờ là hộ_chiếu , chứng_minh nhân_dân , thẻ căn_cước công_dân hoặc giấy_tờ khác có dán ảnh và thông_tin cá_nhân do cơ_quan có thẩm_quyền cấp , còn giá_trị sử_dụng ( sau đây gọi là giấy_tờ tùy_thân ) để chứng_minh về nhân_thân của người đề_nghị xác_nhận Hợp_đồng tiếp_cận nguồn gen và chia_sẻ lợi_ích . 

3 . Thời_hạn xác_nhận Hợp_đồng là không quá 03 ngày làm_việc , kể từ ngày nhận được hồ_sơ . 

Điều 12 .  Hồ_sơ đề_nghị cấp Giấy_phép tiếp_cận nguồn gen 

1 . Hồ_sơ đề_nghị cấp Giấy_phép tiếp_cận nguồn gen ( sau đây gọi là hồ_sơ đề_nghị ) được gửi tới cơ_quan nhà_nước có thẩm_quyền theo một trong các cách sau : nộp trực_tiếp tại trụ_sở của cơ_quan nhà_nước có thẩm_quyền hoặc gửi qua đường bưu_điện .  Hồ_sơ đề_nghị , bao_gồm : 

a ) Bản_sao văn_bản xác_nhận đăng_ký tiếp_cận nguồn gen đã được cơ_quan nhà_nước có thẩm_quyền cấp ; 

b ) Hợp_đồng ký giữa các bên liên_quan đã được Ủy_ban nhân_dân cấp xã xác_nhận ; 

c ) Văn_bản chấp_thuận của bộ quản_lý ngành , lĩnh_vực theo quy_định của pháp_luật đối_với trường_hợp tiếp_cận nguồn gen thuộc danh_mục nguồn gen tiếp_cận , sử_dụng có điều_kiện ; 

d ) Tài_liệu theo quy_định tại khoản 2 Điều 7 Nghị_định này đối_với trường_hợp cá_nhân nộp hồ_sơ đề_nghị . 

2 . Thời_gian để gửi hồ_sơ đề_nghị đến cơ_quan nhà_nước có thẩm_quyền tối_đa là 12 tháng , tính từ ngày văn_bản xác_nhận đăng_ký tiếp_cận nguồn gen được phát_hành .  Hồ_sơ đề_nghị gửi sau thời_hạn này được xem là không hợp_lệ . 

Điều 13 .  Thẩm_định và cấp Giấy_phép tiếp_cận nguồn gen 

1 . Trong thời_hạn 05 ngày làm_việc , kể từ ngày nhận được hồ_sơ đề_nghị , cơ_quan nhà_nước có thẩm_quyền có trách_nhiệm gửi văn_bản cho tổ_chức , cá_nhân để thông_báo về một trong các trường_hợp : chấp_nhận hồ_sơ hợp_lệ ;  yêu_cầu bổ_sung , hoàn_thiện hồ_sơ hoặc từ_chối nếu hồ_sơ không hợp_lệ .  Thời_hạn bổ_sung , hoàn_thiện hồ_sơ đề_nghị là không quá 60 ngày , kể từ ngày có thông_báo bằng văn_bản về việc yêu_cầu bổ_sung , hoàn_thiện hồ_sơ . 

2 . Tổ_chức thẩm_định : 

a ) Trong thời_hạn 30 ngày , kể từ ngày nhận được hồ_sơ đề_nghị hợp_lệ , cơ_quan nhà_nước có thẩm_quyền tổ_chức thẩm_định hồ_sơ đề_nghị tiếp_cận nguồn gen để nghiên_cứu không vì mục_đích thương_mại ; 

b ) Trong thời_hạn 90 ngày , kể từ ngày nhận được hồ_sơ đề_nghị hợp_lệ , cơ_quan nhà_nước có thẩm_quyền thành_lập Hội_đồng thẩm_định đối_với hồ_sơ đề_nghị tiếp_cận nguồn gen để nghiên_cứu vì mục_đích thương_mại , phát_triển sản_phẩm thương_mại .  Thành_phần Hội_đồng thẩm_định , gồm : đại_diện Bộ Tài_nguyên và Môi_trường , Bộ Nông_nghiệp và Phát_triển nông_thôn , các bộ có liên_quan , Ủy_ban nhân_dân cấp tỉnh nơi diễn ra hoạt_động tiếp_cận nguồn gen và các chuyên_gia . 

3 . Nội_dung thẩm_định : 

a ) Việc đáp_ứng các điều_kiện , nội_dung quy_định tại Điều 59 <L rel="Reference"> Luật đa_dạng sinh_học </L> ;
b ) Tính đầy_đủ và chính_xác của thông_tin trong hồ_sơ đề_nghị ; 

c ) Sự phù_hợp của nội_dung Hợp_đồng với quy_định hiện_hành của pháp_luật ; 

d ) Việc đánh_giá tác_động về tiếp_cận nguồn gen đối_với đa_dạng sinh_học , kinh_tế và xã_hội ; 

đ ) Năng_lực thực_hiện việc tiếp_cận nguồn gen và chia_sẻ lợi_ích của tổ_chức , cá_nhân . 

4 . Trong thời_hạn 15 ngày , kể từ ngày có kết_quả thẩm_định , Thủ_trưởng cơ_quan nhà_nước có thẩm_quyền xem_xét , quyết_định cấp Giấy_phép tiếp_cận nguồn gen .  Trường_hợp từ_chối cấp Giấy_phép tiếp_cận nguồn gen , cơ_quan nhà_nước có thẩm_quyền thông_báo bằng văn_bản cho tổ_chức , cá_nhân đăng_ký ;  đồng_thời nêu rõ lý_do . 

5 . Bộ_trưởng Bộ Tài_nguyên và Môi_trường , Bộ_trưởng Bộ Nông_nghiệp và Phát_triển nông_thôn quy_định về tổ_chức và hoạt_động của Hội_đồng thẩm_định , chỉ_định đơn_vị trực_thuộc làm cơ_quan thường_trực thẩm_định và quy_định cụ_thể về nhiệm_vụ của cơ_quan này . 

Điều 14 .  Thay_đổi mục_đích tiếp_cận nguồn gen ;  chuyển_giao nguồn gen , dẫn_xuất của nguồn gen cho bên thứ ba và đăng_ký quyền sở_hữu_trí_tuệ đối_với kết_quả sáng_tạo từ sử_dụng nguồn gen 

1 . Tổ_chức , cá_nhân đã được cấp Giấy_phép tiếp_cận nguồn gen chỉ được sử_dụng nguồn gen cho các mục_đích đã đăng_ký ;  khi có nhu_cầu thay_đổi mục_đích tiếp_cận , phải thực_hiện các quy_định tại Điều 10 , Điều 11 và Điều 12 Nghị_định này để được cấp mới Giấy_phép tiếp_cận nguồn gen . 

2 . Yêu_cầu đối_với việc chuyển_giao nguồn gen , dẫn_xuất của nguồn gen đã được cấp Giấy_phép tiếp_cận nguồn gen cho bên thứ ba : 

a ) Trường_hợp chuyển_giao nguồn gen , dẫn_xuất của nguồn gen không làm thay_đổi mục_đích sử_dụng đã được quy_định tại Giấy_phép tiếp_cận nguồn gen , tổ_chức , cá_nhân chuyển_giao phải thông_báo bằng văn_bản đến cơ_quan đã cấp Giấy_phép tiếp_cận nguồn gen ; 

b ) Trường_hợp chuyển_giao nguồn gen , dẫn_xuất của nguồn gen kèm theo việc thay_đổi mục_đích sử_dụng đã được quy_định tại Giấy_phép tiếp_cận nguồn gen , bên thứ ba_phải thỏa_thuận và ký Hợp_đồng với Bên cung_cấp và thực_hiện các quy_định tại Điều 10 , Điều 11 và Điều 12 Nghị_định này trước khi tiếp_nhận nguồn gen , dẫn_xuất của nguồn gen ; 

c ) Việc chuyển_giao nguồn gen , dẫn_xuất của nguồn gen đã được cấp Giấy_phép tiếp_cận nguồn gen cho bên thứ ba_phải bao_gồm chuyển_giao các nghĩa_vụ được quy_định tại Giấy_phép tiếp_cận nguồn gen và Hợp_đồng đã ký giữa Bên cung_cấp và Bên tiếp_cận , bao_gồm cả quy_định về chia_sẻ lợi_ích từ việc sử_dụng nguồn gen cho Bên cung_cấp . 

3 . Việc đăng_ký quyền sở_hữu_trí_tuệ đối_với kết_quả sáng_tạo từ sử_dụng nguồn gen , dẫn_xuất của nguồn gen phải ghi rõ nguồn_gốc , xuất_xứ của nguồn gen đã tiếp_cận và tuân_thủ quy_định tại khoản 2 Điều 22 Nghị_định này . 

Điều 15 .  Hợp_đồng tiếp_cận nguồn gen và chia_sẻ lợi_ích 

1 . Hợp_đồng có các nội_dung chủ_yếu theo Mẫu_số 03 tại Phụ_lục ban_hành kèm theo Nghị_định này ;  nội_dung các thỏa_thuận Hợp_đồng về chia_sẻ lợi_ích từ việc sử_dụng nguồn gen phải tuân_thủ quy_định tại Nghị_định này . 

2 . Hợp_đồng chỉ có hiệu_lực sau khi cơ_quan nhà_nước có thẩm_quyền cấp Giấy_phép tiếp_cận nguồn gen . 

3 . Việc thực_hiện Hợp_đồng khi Giấy_phép tiếp_cận nguồn gen hết thời_hạn hiệu_lực : 

a ) Bên tiếp_cận không được tiếp_cận nguồn gen kể từ thời_điểm Giấy_phép tiếp_cận nguồn gen hết thời_hạn hiệu_lực ; 

b ) Các điều , khoản của Hợp_đồng về chia_sẻ lợi_ích tiếp_tục có hiệu_lực . 

4 . Việc thực_hiện Hợp_đồng khi Giấy_phép tiếp_cận nguồn gen bị thu_hồi phải tuân_thủ quy_định tại khoản 3 Điều 18 Nghị_định này . 

5 . Các tranh_chấp , khiếu_nại liên_quan đến việc tiếp_cận nguồn gen và chia_sẻ lợi_ích từ việc sử_dụng nguồn gen được giải_quyết theo quy_định của pháp_luật Việt_Nam và điều_ước quốc_tế mà nước Cộng_hòa xã_hội chủ_nghĩa Việt_Nam là thành_viên . 

Điều 16 .  Nội_dung và thời_hạn của Giấy_phép tiếp_cận nguồn gen 

1 . Giấy_phép tiếp_cận nguồn gen được lập theo Mẫu_số 04 tại Phụ_lục ban_hành kèm theo Nghị_định này . 

2 . Thời_hạn của Giấy_phép tiếp_cận nguồn gen được cơ_quan nhà_nước có thẩm_quyền xác_định căn_cứ vào mục_tiêu , kế_hoạch tiếp_cận nguồn gen tại hồ_sơ đề_nghị cấp Giấy_phép tiếp_cận nguồn gen nhưng tối_đa không quá 03 năm . 

3 . Tổ_chức , cá_nhân đã được cấp Giấy_phép tiếp_cận nguồn gen có quyền đưa nguồn gen đó ra nước_ngoài , trừ trường_hợp nguồn gen thuộc danh_mục nguồn gen bị cấm , hạn_chế_xuất_khẩu . 

Điều 17 .  Gia_hạn Giấy_phép tiếp_cận nguồn gen 

1 . 02 tháng trước khi Giấy_phép tiếp_cận nguồn gen hết thời_hạn hiệu_lực , tổ_chức , cá_nhân có nhu_cầu tiếp_tục hoạt_động tiếp_cận nguồn gen phải nộp hồ_sơ đề_nghị gia_hạn Giấy_phép tiếp_cận nguồn gen ( sau đây gọi là hồ_sơ đề_nghị gia_hạn ) tới cơ_quan nhà_nước có thẩm_quyền đã cấp phép theo một trong các cách sau : nộp trực_tiếp tại trụ_sở của cơ_quan nhà_nước có thẩm_quyền hoặc gửi qua đường bưu_điện . 

2 . Hồ_sơ đề_nghị gia_hạn , bao_gồm : 

a ) Đơn đề_nghị gia_hạn Giấy_phép tiếp_cận nguồn gen theo Mẫu_số 05 tại Phụ_lục ban_hành kèm theo Nghị_định này ; 

b ) Báo_cáo tình_hình thực_hiện tiếp_cận và sử_dụng nguồn gen đến thời_điểm đề_nghị gia_hạn theo phạm_vi hoạt_động tại Giấy_phép tiếp_cận nguồn gen đã được cấp và nội_dung Hợp_đồng đã ký giữa các bên ; 

c ) Bản_sao Giấy_phép tiếp_cận nguồn gen đã được cấp ; 

d ) Bản_sao Hợp_đồng đã ký giữa Bên tiếp_cận và Bên cung_cấp ; 

đ ) Văn_bản của Bên cung_cấp chấp_thuận về việc tiếp_tục thực_hiện các hoạt_động tiếp_cận nguồn gen giữa hai bên . 

3 . Trong thời_hạn chậm nhất 30 ngày kể từ ngày nhận được hồ_sơ đề_nghị gia_hạn hợp_lệ của tổ_chức , cá_nhân , cơ_quan nhà_nước có thẩm_quyền đã cấp phép có trách_nhiệm xem_xét gia_hạn Giấy_phép tiếp_cận nguồn gen .  Quyết_định gia_hạn được lập theo Mẫu_số 06 tại Phụ_lục ban_hành kèm theo Nghị_định này . 

4 . Thời_gian gia_hạn của Giấy_phép tiếp_cận nguồn gen được thực_hiện theo quy_định tại khoản 2 Điều 16 Nghị_định này . 

5 . Tổ_chức , cá_nhân gia_hạn Giấy_phép tiếp_cận nguồn gen có trách_nhiệm nộp phí gia_hạn theo quy_định . 

Điều 18 .  Thu_hồi Giấy_phép tiếp_cận nguồn gen 

1 . Giấy_phép tiếp_cận nguồn gen bị thu_hồi khi cơ_quan nhà_nước có thẩm_quyền phát_hiện một trong các trường_hợp sau : 

a ) Tổ_chức , cá_nhân đã cung_cấp thông_tin giả_mạo để được cấp Giấy_phép tiếp_cận nguồn gen ; 

b ) Hoạt_động tiếp_cận và sử_dụng nguồn gen gây hại con_người , môi_trường , an_ninh , quốc_phòng và lợi_ích quốc_gia của Việt_Nam ; 

c ) Tiến_hành hoạt_động tiếp_cận và sử_dụng nguồn gen ngoài phạm_vi được cấp phép ; 

d ) Các trường_hợp vi_phạm khác theo quy_định của pháp_luật . 

2 . Chậm nhất trong thời_hạn 30 ngày , kể từ ngày nhận được thông_tin về hành_vi vi_phạm hoặc khiếu_nại về Giấy_phép tiếp_cận nguồn gen , cơ_quan nhà_nước có thẩm_quyền đã cấp phép phải hoàn_thành việc xử_lý hồ_sơ để ra quyết_định về việc thu_hồi Giấy_phép tiếp_cận nguồn gen đã cấp .  Quyết_định thu_hồi Giấy_phép tiếp_cận nguồn gen được lập theo Mẫu_số 07 tại Phụ_lục ban_hành kèm theo Nghị_định này . 

3 . Kể từ ngày có quyết_định thu_hồi Giấy_phép tiếp_cận nguồn gen , tổ_chức , cá_nhân được cấp Giấy_phép tiếp_cận nguồn gen phải thực_hiện các yêu_cầu sau : 

a ) Không được tiếp_tục tiếp_cận , sử_dụng nguồn gen đã được cấp phép ; 

b ) Phải tiếp_tục thực_hiện các thỏa_thuận về chia_sẻ lợi_ích đối_với nguồn gen đã tiếp_cận theo quy_định tại Hợp_đồng đã ký ; 

c ) Phải bồi_thường thiệt_hại và phục_hồi môi_trường , đa_dạng sinh_học theo quy_định của pháp_luật Việt_Nam ( nếu có ) . 

Điều 19 .  Phí thẩm_định hồ_sơ đề_nghị cấp , gia_hạn Giấy_phép tiếp_cận nguồn gen 

Tổ_chức , cá_nhân có trách_nhiệm nộp phí thẩm_định khi nộp hồ_sơ đề_nghị cấp , gia_hạn Giấy_phép tiếp_cận nguồn gen theo quy_định của pháp_luật về phí và lệ_phí . 

Điều 20 .  Yêu_cầu đối_với học_sinh , sinh_viên , nghiên_cứu_sinh , tổ_chức khoa_học và công_nghệ Việt_Nam đưa nguồn gen ra nước_ngoài 

1 . Học_sinh , sinh_viên , nghiên_cứu_sinh Việt_Nam có nhu_cầu đưa nguồn gen ra nước_ngoài phục_vụ học_tập nộp hồ_sơ tới cơ_quan nhà_nước có thẩm_quyền theo một trong các cách sau : nộp trực_tiếp tại trụ_sở của cơ_quan nhà_nước có thẩm_quyền ;  gửi qua đường bưu_điện hoặc đăng_ký điện_tử .  Hồ_sơ bao_gồm : 

a ) Đơn đề_nghị đưa nguồn gen ra nước_ngoài phục_vụ học_tập theo Mẫu_số 08 tại Phụ_lục ban_hành kèm theo Nghị_định này ; 

b ) Xuất_trình bản_chính , hoặc bản_sao có chứng_thực một trong các giấy_tờ là hộ_chiếu , chứng_minh nhân_dân , thẻ căn_cước công_dân hoặc giấy_tờ khác có dán ảnh và thông_tin cá_nhân do cơ_quan có thẩm_quyền cấp , còn giá_trị sử_dụng ( sau đây gọi là giấy_tờ tùy_thân ) để chứng_minh về nhân_thân của học_sinh , sinh_viên , nghiên_cứu_sinh ; 

c ) Giấy giới_thiệu của tổ_chức khoa_học và công_nghệ hoặc cơ_sở đào_tạo ở nước_ngoài mà học_sinh , sinh_viên , nghiên_cứu_sinh Việt_Nam học_tập bao_gồm các thông_tin cơ_bản về học_sinh , sinh_viên , nghiên_cứu_sinh đề_nghị đưa nguồn gen ra nước_ngoài và việc sử_dụng nguồn gen phục_vụ học_tập . 

2 . Tổ_chức khoa_học và công_nghệ Việt_Nam có nhu_cầu đưa nguồn gen ra nước_ngoài để tiến_hành nghiên_cứu , phân_tích , đánh_giá không vì mục_đích thương_mại nộp hồ_sơ tới cơ_quan nhà_nước có thẩm_quyền quy_định tại Điều 6 Nghị_định này theo một trong các cách sau : nộp trực_tiếp tại trụ_sở của cơ_quan nhà_nước có thẩm_quyền ;  gửi qua đường bưu_điện hoặc đăng_ký điện_tử .  Hồ_sơ bao_gồm : 

a ) Văn_bản đề_nghị đưa nguồn gen ra nước_ngoài phục_vụ nghiên_cứu không vì mục_đích thương_mại theo Mẫu_số 08 tại Phụ_lục ban_hành kèm theo Nghị_định này ; 

b ) Văn_bản chứng_minh tư_cách pháp_nhân của tổ_chức khoa_học và công_nghệ 

c ) Văn_bản đồng_ý tiếp_nhận nguồn gen của tổ_chức nước_ngoài theo đề_nghị của tổ_chức khoa_học và công_nghệ Việt_Nam ; 

d ) Chương_trình , đề_tài , dự_án , nhiệm_vụ đã được cơ_quan nhà_nước có thẩm_quyền phê_duyệt có liên_quan đến nguồn gen đề_nghị đưa ra nước_ngoài . 

3 . Đối_với nguồn gen đề_nghị đưa ra nước_ngoài thuộc danh_mục nguồn gen tiếp_cận , sử_dụng có điều_kiện , tổ_chức , cá_nhân phải gửi kèm theo ý_kiến bằng văn_bản của Bộ quản_lý ngành , lĩnh_vực theo quy_định của pháp_luật . 

4 . Trong thời_hạn 15 ngày , kể từ ngày nhận được hồ_sơ hợp_lệ , Thủ_trưởng cơ_quan nhà_nước có thẩm_quyền xem_xét , quyết_định cho phép đưa nguồn gen ra nước_ngoài phục_vụ học_tập , nghiên_cứu không vì mục_đích thương_mại theo Mẫu_số 09 tại Phụ_lục ban_hành kèm theo Nghị_định này .  Trường_hợp từ_chối , cơ_quan nhà_nước có thẩm_quyền thông_báo bằng văn_bản cho đối_tượng đăng_ký , đồng_thời nêu rõ lý_do . 

Điều 21 .  Các loại_hình lợi_ích từ việc sử_dụng nguồn gen 

1 . Các lợi_ích từ việc sử_dụng nguồn gen bao_gồm lợi_ích bằng tiền hoặc lợi_ích không bằng tiền . 

2 . Các lợi_ích bằng tiền , bao_gồm : 

a ) Tiền_thu_thập mẫu_vật di_truyền ; 

b ) Tiền bản_quyền ; 

c ) Tiền nhượng quyền thương_mại ; 

d ) Các khoản tiền thanh_toán một lần hoặc theo đợt theo thỏa_thuận ; 

đ ) Các lợi_ích bằng tiền khác phát_sinh trong quá_trình sử_dụng nguồn gen . 

3 . Các lợi_ích không bằng tiền , bao_gồm : 

a ) Chia_sẻ kết_quả nghiên_cứu ; 

b ) Quyền được tham_gia hoạt_động hợp_tác nghiên_cứu , phát_triển , sản_xuất các sản_phẩm thương_mại ; 

c ) Quyền được tiếp_cận với thông_tin khoa_học , kỹ_thuật liên_quan ; 

d ) Chuyển_giao công_nghệ cho Bên cung_cấp nguồn gen ; 

đ ) Đào_tạo , nâng cao năng_lực nghiên_cứu và phát_triển nguồn gen ; 

e ) Quyền_sở_hữu_trí_tuệ chung tương_ứng với tỷ_lệ đóng_góp đối_với kết_quả sáng_tạo trên cơ_sở tiếp_cận nguồn gen ; 

g ) Các lợi_ích không bằng tiền khác . 

Điều 22 .  Cách_thức chia_sẻ lợi_ích bằng tiền 

1 . Tỷ_lệ chia_sẻ lợi_ích bằng tiền đối_với sản_phẩm được tạo ra từ quá_trình sử_dụng nguồn gen không thấp hơn 1 % tổng doanh_thu hàng năm của sản_phẩm đó . 

2 . Tỷ_lệ chia_sẻ lợi_ích bằng tiền thu được từ việc chuyển_giao nguồn gen , dẫn_xuất của nguồn gen ;  sử_dụng quyền sở_hữu_trí_tuệ đối_với kết_quả sáng_tạo từ việc sử_dụng nguồn gen phải đảm_bảo cho Bên cung_cấp không thấp hơn 2 % tổng giá_trị chuyển_giao hoặc tổng tiền thu được từ việc sử_dụng quyền sở_hữu_trí_tuệ . 

3 . Tổng_lợi_ích bằng tiền từ việc tiếp_cận , sử_dụng nguồn gen được chia_sẻ cho các bên liên_quan như sau : 

a ) Bên cung_cấp là Ủy_ban nhân_dân cấp xã , Ban quản_lý khu bảo_tồn , Chủ cơ_sở lưu_giữ , bảo_quản nguồn gen thuộc nhà_nước quản_lý , cơ_sở bảo_tồn đa_dạng sinh_học , cơ_sở nghiên_cứu khoa_học và phát_triển công_nghệ được nhà_nước giao quản_lý được chia_sẻ 30 % lợi_ích bằng tiền theo quy_định tại khoản 1 và khoản 2 Điều này ;  70 % lợi_ích bằng tiền thu được còn lại nộp vào ngân_sách nhà_nước để sử_dụng cho hoạt_động bảo_tồn và sử_dụng bền_vững đa_dạng sinh_học ; 

b ) Bên cung_cấp là tổ_chức , hộ gia_đình , cá_nhân được giao quản_lý nguồn gen được chia_sẻ 50 % lợi_ích bằng tiền được quy_định tại khoản 1 và khoản 2 Điều này ;  50 % lợi_ích bằng tiền thu được còn lại nộp vào ngân_sách nhà_nước để sử_dụng cho hoạt_động bảo_tồn và sử_dụng bền_vững đa_dạng sinh_học . 

Điều 23 .  Chia_sẻ lợi_ích không bằng tiền 

1 . Việc chia_sẻ lợi_ích không bằng tiền phát_sinh từ hoạt_động sử_dụng nguồn gen do các bên thỏa_thuận và được ghi_nhận tại Hợp_đồng . 

2 . Các đối_tượng được chia_sẻ lợi_ích không bằng tiền , bao_gồm : Bên cung_cấp , đối_tác trong nước của Bên tiếp_cận là tổ_chức nước_ngoài và các tổ_chức , cá_nhân liên_quan khác . 

3 . Khi công_bố các kết_quả nghiên_cứu khoa_học hoặc đăng_ký xác_lập quyền sở_hữu_trí_tuệ đối_với kết_quả sáng_tạo từ sử_dụng nguồn gen , các tổ_chức , cá_nhân phải ghi rõ nguồn_gốc , xuất_xứ của nguồn gen đã tiếp_cận . 

Điều 24 .  Đăng_tải Chứng_nhận tuân_thủ quốc_tế về tiếp_cận nguồn gen và chia_sẻ lợi_ích 

1 . Trong thời_hạn 05 ngày làm_việc , kể từ ngày ra văn_bản hoặc quyết_định về việc xác_nhận đăng_ký tiếp_cận nguồn gen , cấp , gia_hạn hoặc thu_hồi Giấy_phép tiếp_cận nguồn gen , Bộ Nông_nghiệp và Phát_triển nông_thôn có trách_nhiệm gửi 01 bản_chính của các văn_bản , quyết_định này đến Bộ Tài_nguyên và Môi_trường để cập_nhật vào cơ_sở dữ_liệu quốc_gia . 

2 . Trong thời_hạn 15 ngày , kể từ ngày cơ_quan nhà_nước có thẩm_quyền cấp , gia_hạn hoặc thu_hồi Giấy_phép tiếp_cận nguồn gen , Bộ Tài_nguyên và Môi_trường có trách_nhiệm đăng_tải để công_bố , hủy Chứng_nhận tuân_thủ quốc_tế về tiếp_cận nguồn gen và chia_sẻ lợi_ích và các vấn_đề liên_quan trên Cổng trao_đổi thông_tin quốc_tế về tiếp_cận nguồn gen và chia_sẻ lợi_ích của Ban thư_ký Công_ước Đa_dạng sinh_học theo quy_định tại <L rel="Reference"> Nghị_định_thư Nagoya </L> .
Điều 25 .  Báo_cáo kết_quả việc thực_hiện tiếp_cận nguồn gen và chia_sẻ lợi_ích 

1 . Đối_tượng quy_định tại khoản 1 Điều 7 Nghị_định này có trách_nhiệm báo_cáo bằng văn_bản , gửi cơ_quan nhà_nước có thẩm_quyền đã cấp phép như sau : 

a ) Báo_cáo hoạt_động trong thời_gian tiếp_cận nguồn gen ghi tại Giấy_phép tiếp_cận nguồn gen ; 

b ) Định_kỳ 02 năm một lần , báo_cáo về tình_hình , kết_quả sử_dụng nguồn gen ; 

c ) Báo_cáo đột_xuất khi cơ_quan nhà_nước có thẩm_quyền yêu_cầu . 

2 . Đối_tượng quy_định tại khoản 1 , khoản 2 Điều 20 Nghị_định này , chậm nhất sau 03 tháng , kể từ ngày kết_thúc chương_trình học_tập , nghiên_cứu , có trách_nhiệm báo_cáo về kết_quả học_tập , nghiên_cứu , gửi cơ_quan nhà_nước có thẩm_quyền đã cho phép đưa nguồn gen ra nước_ngoài . 

3 . Bộ Tài_nguyên và Môi_trường ban_hành , hướng_dẫn thực_hiện mẫu báo_cáo tiếp_cận nguồn gen và chia_sẻ lợi_ích từ việc sử_dụng nguồn gen . 

Điều 26 .  Trách_nhiệm quản_lý nhà_nước về tiếp_cận nguồn gen và chia_sẻ lợi_ích từ việc sử_dụng nguồn gen 

1 . Bộ Tài_nguyên và Môi_trường có trách_nhiệm : 

a ) Tổ_chức thực_hiện các nội_dung được giao theo quy_định của Nghị_định này ; 

b ) Xây_dựng cơ_sở dữ_liệu quốc_gia về nguồn gen , tri_thức truyền_thống về nguồn gen , tiếp_cận nguồn gen và chia_sẻ lợi_ích từ việc sử_dụng nguồn gen ; 

c ) Thiết_lập và vận_hành Cổng thông_tin điện_tử , hệ_thống đăng_ký , báo_cáo qua mạng thông_tin điện_tử về nguồn gen , tiếp_cận nguồn gen và chia_sẻ lợi_ích từ việc sử_dụng nguồn gen ; 

d ) Hướng_dẫn chi_tiết việc tiếp_cận tri_thức truyền_thống về nguồn gen ; 

đ ) Phối_hợp với các bộ có liên_quan hướng_dẫn chia_sẻ lợi_ích từ việc sử_dụng nguồn gen , tri_thức truyền_thống về nguồn gen . 

2 . Bộ Nông_nghiệp và Phát_triển nông_thôn có trách_nhiệm : 

b ) Xây_dựng cơ_sở dữ_liệu về nguồn gen thuộc phạm_vi quản_lý , có trách_nhiệm cung_cấp , trao_đổi , chia_sẻ thông_tin , dữ_liệu về nguồn gen với Bộ Tài_nguyên và Môi_trường . 

3 . Bộ Y_tế có trách_nhiệm : 

a ) Trong phạm_vi nhiệm_vụ , quyền_hạn được giao thực_hiện các quy_định của Nghị_định này ; 

b ) Cử đại_diện tham_gia Hội_đồng thẩm_định hồ_sơ đề_nghị cấp Giấy_phép tiếp_cận nguồn gen đối_với nguồn gen dược_liệu theo đề_nghị của cơ_quan nhà_nước có thẩm_quyền ; 

c ) Cung_cấp , trao_đổi , chia_sẻ thông_tin , dữ_liệu về nguồn gen dược_liệu phục_vụ hoạt_động thẩm_định cấp Giấy_phép tiếp_cận nguồn gen . 

4 . Các bộ , cơ_quan ngang bộ , cơ_quan thuộc Chính_phủ có trách_nhiệm : 

a ) Trong phạm_vi nhiệm_vụ , quyền_hạn được giao tham_gia hoạt_động thẩm_định hồ_sơ đề_nghị cấp Giấy_phép tiếp_cận nguồn gen theo đề_nghị của cơ_quan nhà_nước có thẩm_quyền ; 

b ) Cung_cấp , trao_đổi , chia_sẻ thông_tin , dữ_liệu về nguồn gen phục_vụ hoạt_động thẩm_định cấp Giấy_phép tiếp_cận nguồn gen theo lĩnh_vực quản_lý với cơ_quan nhà_nước có thẩm_quyền ( nếu có ) . 

5 . Ủy_ban nhân_dân cấp tỉnh có trách_nhiệm : 

a ) Phối_hợp với cơ_quan nhà_nước có thẩm_quyền trong hoạt_động thẩm_định hồ_sơ đề_nghị cấp Giấy_phép tiếp_cận nguồn gen ;  quản_lý hoạt_động tiếp_cận nguồn gen và chia_sẻ lợi_ích từ việc sử_dụng nguồn gen trên địa_bàn quản_lý ; 

b ) Cung_cấp thông_tin , dữ_liệu về nguồn gen trên địa_bàn quản_lý theo đề_nghị của cơ_quan nhà_nước có thẩm_quyền . 

6 . Ủy_ban nhân_dân cấp xã có trách_nhiệm : 

a ) Thực_hiện việc xác_nhận Hợp_đồng theo quy_định của Nghị_định này ; 

b ) Giám_sát việc thực_hiện tiếp_cận nguồn gen và các hoạt_động có liên_quan của tổ_chức , cá_nhân đã được cấp Giấy_phép tiếp_cận nguồn gen trên địa_bàn quản_lý ; 

c ) Xử_lý theo thẩm_quyền hoặc báo_cáo cơ_quan có thẩm_quyền về những trường_hợp vi_phạm Giấy_phép tiếp_cận nguồn gen hoặc Hợp_đồng ; 

d ) Báo_cáo cơ_quan nhà_nước có thẩm_quyền hoạt_động tiếp_cận nguồn gen và các hoạt_động có liên_quan của tổ_chức , cá_nhân đã được cấp Giấy_phép tiếp_cận nguồn gen trên địa_bàn quản_lý khi có yêu_cầu bằng văn_bản . 

Điều 27 .  Quy_định chuyển_tiếp 

1 . Hồ_sơ đề_nghị cấp Giấy_phép tiếp_cận nguồn gen được gửi đến cơ_quan nhà_nước có thẩm_quyền trước ngày Nghị_định này có hiệu_lực thi_hành được xem_xét , thẩm_định theo quy_định tại <NĐ rel="Reference"> Nghị_định số 65/2010/NĐ-CP ngày 11 tháng 6 năm 2010 </NĐ> của Chính_phủ quy_định chi_tiết và hướng_dẫn thi_hành một_số điều của <L rel="Others"> Luật đa_dạng sinh_học </L> .
2 . Ủy_ban nhân_dân cấp tỉnh có trách_nhiệm chuyển_giao hồ_sơ của các trường_hợp đã được cấp phép tiếp_cận nguồn gen cho Bộ Tài_nguyên và Môi_trường trước ngày 31 tháng 12 năm 2017 để quản_lý . 

3 . Tổ_chức , cá_nhân có nhu_cầu tiếp_tục sử_dụng nguồn gen đã tiếp_cận từ ngày 01 tháng 7 năm 2009 đến trước ngày Nghị_định này có hiệu_lực thi_hành mà chưa được cấp Giấy_phép tiếp_cận nguồn gen phải thực_hiện việc đăng_ký và đề_nghị cấp Giấy_phép tiếp_cận nguồn gen theo quy_định tại Nghị_định này . 

Điều 28 .  Hiệu_lực thi_hành 

1 . Nghị_định này có hiệu_lực thi_hành từ ngày 01 tháng 7 năm 2017 . 

2 . Bãi_bỏ Điều 18 , Điều 19 và Điều 20 <NĐ rel="PartDrop"> Nghị_định số 65/2010/NĐ-CP ngày 11 tháng 6 năm 2010 </NĐ> của Chính_phủ quy_định chi_tiết và hướng_dẫn thi_hành một_số điều của <L rel="Others"> Luật đa_dạng sinh_học </L> .
3 . Bộ_trưởng , Thủ_trưởng cơ_quan ngang Bộ , Thủ_trưởng cơ_quan thuộc Chính_phủ , Chủ_tịch Ủy_ban nhân_dân tỉnh , thành_phố trực_thuộc Trung_ương chịu trách_nhiệm thi_hành Nghị_định này ./. 