Nghị định Quy định lệ phí đăng ký nuôi con nuôi, lệ phí cấp giấy phép hoạt động của tổ chức con nuôi nước ngoài

Căn_cứ <L rel="Pursuant"> Luật tổ_chức Chính_phủ ngày 19 tháng 06 năm 2015 </L> ;
Căn_cứ <L rel="Pursuant"> Luật nuôi con_nuôi ngày 17 tháng 6 năm 2010 </L> ;
Căn_cứ <L rel="Pursuant"> Luật ngân_sách nhà_nước ngày 25 tháng 6 năm 2015 </L> ;
Căn_cứ <L rel="Pursuant"> Luật phí và lệ_phí ngày 25 tháng 11 năm 2015 </L> ;
Điều 1 .  Phạm_vi điều_chỉnh 

Nghị_định này quy_định người nộp , cơ_quan thu lệ_phí đăng_ký nuôi con_nuôi , lệ_phí cấp giấy_phép hoạt_động của tổ_chức nuôi con_nuôi nước_ngoài ;  miễn , giảm lệ_phí đăng_ký nuôi con_nuôi ;  mức thu , chế_độ thu , nộp , quản_lý lệ_phí ;  kinh_phí thực_hiện giải_quyết việc nuôi con_nuôi và cấp giấy_phép hoạt_động của tổ_chức con_nuôi nước_ngoài tại Việt_Nam . 

Điều 2 .  Giải_thích từ_ngữ 

1 . Lệ_phí đăng_ký nuôi con_nuôi bao_gồm : 

a ) Lệ_phí đăng_ký nuôi con_nuôi trong nước là lệ_phí thu đối_với trường_hợp công_dân Việt_Nam thường_trú ở Việt_Nam nhận con_nuôi là công_dân Việt_Nam thường_trú ở Việt_Nam , người nước_ngoài cư_trú ở khu_vực biên_giới của nước láng_giềng nhận trẻ_em Việt_Nam thường_trú ở khu_vực biên_giới của Việt_Nam làm con_nuôi . 

b ) Lệ_phí đăng_ký nuôi con_nuôi nước_ngoài là lệ_phí thu đối_với trường_hợp người Việt_Nam định_cư ở nước_ngoài , người nước_ngoài thường_trú ở nước_ngoài ( trừ trường_hợp người nước_ngoài cư_trú ở khu_vực biên_giới của nước láng_giềng nhận trẻ_em Việt_Nam thường_trú ở khu_vực biên_giới của Việt_Nam làm con_nuôi ) , người nước_ngoài thường_trú ở Việt_Nam nhận con_nuôi là công_dân Việt_Nam . 

c ) Lệ_phí đăng_ký nuôi con_nuôi tại Cơ_quan đại_diện Việt_Nam ở nước_ngoài là lệ_phí thu đối_với trường_hợp công_dân Việt_Nam tạm_trú ở nước_ngoài nhận con_nuôi là công_dân Việt_Nam tạm_trú ở nước_ngoài . 

2 . Lệ_phí cấp giấy_phép hoạt_động của tổ_chức nuôi con_nuôi nước_ngoài là lệ_phí thu đối_với tổ_chức nước_ngoài được cơ_quan Nhà_nước có thẩm_quyền của Việt_Nam cấp , gia_hạn giấy_phép hoạt_động trong lĩnh_vực nuôi con_nuôi nước_ngoài tại Việt_Nam . 

Điều 3 .  Người nộp lệ_phí 

1 . Công_dân Việt_Nam thường_trú ở Việt_Nam nhận con_nuôi là công_dân Việt_Nam thường_trú ở Việt_Nam , người nước_ngoài cư_trú ở khu_vực biên_giới của nước láng_giềng nhận trẻ_em Việt_Nam thường_trú ở khu_vực biên_giới của Việt_Nam làm con_nuôi phải nộp lệ_phí đăng_ký nuôi con_nuôi trong nước theo quy_định tại điểm a khoản 1 Điều 6 Nghị_định này khi nộp hồ_sơ đăng_ký nuôi con_nuôi tại Ủy_ban nhân_dân cấp xã . 

2 . Người Việt_Nam định_cư ở nước_ngoài , người nước_ngoài thường_trú ở nước_ngoài nhận con_nuôi là công_dân Việt_Nam ( trừ trường_hợp người nước_ngoài cư_trú ở khu_vực biên_giới của nước láng_giềng nhận trẻ_em Việt_Nam thường_trú ở khu_vực biên_giới của Việt_Nam làm con_nuôi ) phải nộp lệ_phí đăng_ký nuôi con_nuôi nước_ngoài theo quy_định tại điểm b1 khoản 1 Điều 6 Nghị_định này khi nộp hồ_sơ xin nhận con_nuôi tại Cục Con_nuôi thuộc Bộ Tư_pháp . 

3 . Người nước_ngoài thường_trú ở Việt_Nam nhận con_nuôi là công_dân Việt_Nam thường_trú ở Việt_Nam phải nộp lệ_phí đăng_ký nuôi con_nuôi theo quy_định tại điểm b2 khoản 1 Điều 6 Nghị_định này khi nộp hồ_sơ xin nhận con_nuôi tại Sở Tư_pháp . 

4 . Công_dân Việt_Nam tạm_trú ở nước_ngoài nhận con_nuôi là người Việt_Nam tạm_trú ở nước_ngoài phải nộp lệ_phí đăng_ký nuôi con_nuôi theo quy_định tại điểm c khoản 1 Điều 6 Nghị_định này khi nộp hồ_sơ xin nhận con_nuôi tại Cơ_quan đại_diện Việt_Nam ở nước_ngoài . 

5 . Tổ_chức nuôi con_nuôi nước_ngoài khi được cấp , gia_hạn giấy_phép hoạt_động tại Việt_Nam phải nộp lệ_phí theo quy_định tại khoản 2 Điều 6 Nghị_định này khi nộp hồ_sơ tại Cục Con_nuôi . 

Điều 4 .  Trường_hợp miễn , giảm lệ_phí đăng_ký nuôi con_nuôi 

1 . Miễn lệ_phí đăng_ký nuôi con_nuôi trong nước đối_với các trường_hợp sau : 

a ) Cha_dượng hoặc mẹ_kế nhận con_riêng của vợ hoặc chồng làm con_nuôi ;  cô , cậu , dì , chú , bác ruột nhận cháu làm con_nuôi ; 

b ) Người nhận các trẻ_em sau đây làm con_nuôi : Trẻ khuyết_tật , nhiễm HIV/AIDS hoặc mắc bệnh hiểm_nghèo theo quy_định của <L rel="Reference"> Luật nuôi con_nuôi </L> và văn_bản hướng_dẫn ;
c ) Người có công với cách_mạng nhận con_nuôi . 

2 . Giảm lệ_phí đăng_ký nuôi con_nuôi nước_ngoài đối_với các trường_hợp sau : 

a ) Cha_dượng , mẹ_kế nhận con_riêng của vợ hoặc chồng làm con_nuôi ;  cô , cậu , dì , chú , bác ruột nhận cháu làm con_nuôi được giảm 50 % mức lệ_phí đăng_ký nuôi con_nuôi nước_ngoài ; 

b ) Nhận hai trẻ_em trở lên là anh chị_em ruột làm con_nuôi thì từ trẻ_em thứ hai trở đi được giảm 50 % mức lệ_phí đăng_ký nuôi con_nuôi nước_ngoài ; 

c ) Trường_hợp nhận con_nuôi thuộc cả hai trường_hợp quy_định tại điểm a , điểm b khoản này thì người nộp lệ_phí được lựa_chọn áp_dụng mức giảm lệ_phí theo quy_định tại điểm a hoặc điểm b khoản này . 

3 . Miễn lệ_phí đăng_ký nuôi con_nuôi đối_với trường_hợp đăng_ký lại việc nuôi con_nuôi theo quy_định của pháp_luật về nuôi con_nuôi . 

Điều 5 .  Cơ_quan thu lệ_phí 

1 . Ủy_ban nhân_dân cấp xã thu lệ_phí đăng_ký nuôi con_nuôi trong nước . 

2 . Sở Tư_pháp thu lệ_phí đối_với trường_hợp người nước_ngoài thường_trú ở Việt_Nam nhận con_nuôi là công_dân Việt_Nam . 

3 . Cục Con_nuôi thu lệ_phí đăng_ký nuôi con_nuôi nước_ngoài , trừ trường_hợp quy_định tại khoản 2 Điều này ;  lệ_phí cấp , gia_hạn giấy_phép hoạt_động của tổ_chức nuôi con_nuôi nước_ngoài . 

4 . Cơ_quan đại_diện Việt_Nam ở nước_ngoài thu lệ_phí đăng_ký nuôi con_nuôi tại Cơ_quan đại_diện Việt_Nam ở nước_ngoài . 

Điều 6 .  Mức thu lệ_phí 

1 . Mức thu lệ_phí đăng_ký nuôi con_nuôi như sau : 

a ) Lệ_phí đăng_ký nuôi con_nuôi trong nước : 400.000 đồng/trường_hợp . 

b ) Lệ_phí đăng_ký nuôi con_nuôi nước_ngoài như sau : 

b1 ) Lệ_phí thu đối_với trường_hợp người Việt_Nam định_cư ở nước_ngoài , người nước_ngoài thường_trú ở nước_ngoài nhận con_nuôi là công_dân Việt_Nam ( trừ trường_hợp người nước_ngoài cư_trú ở khu_vực biên_giới của nước láng_giềng nhận trẻ_em Việt_Nam thường_trú ở khu_vực biên_giới của Việt_Nam làm con_nuôi ) : 9.000.000 đồng/trường_hợp . 

b2 ) Lệ_phí thu đối_với trường_hợp người nước_ngoài thường_trú ở Việt_Nam nhận con_nuôi là công_dân Việt_Nam : 4.500.000 triệu đồng/trường_hợp . 

c ) Lệ_phí đăng_ký nuôi con_nuôi tại Cơ_quan đại_diện Việt_Nam ở nước_ngoài : 150 đô_la Mỹ/trường_hợp .  Mức lệ_phí này được quy_đổi ra đồng_tiền của nước sở_tại theo tỷ_giá bán ra của đồng đô_la Mỹ do ngân_hàng nơi cơ_quan đại_diện Việt_Nam ở nước đó mở tài_khoản công_bố . 

2 . Mức lệ_phí cấp giấy_phép hoạt_động của tổ_chức nuôi con_nuôi nước_ngoài như sau : 

a ) Lệ_phí cấp giấy_phép lần đầu : 65.000.000 đồng/giấy_phép ; 

b ) Lệ_phí cấp gia_hạn giấy_phép : 35.000.000 đồng/giấy_phép . 

Điều 7 .  Chế_độ thu , nộp , quản_lý lệ_phí 

1 . Cơ_quan thu lệ_phí mở tài_khoản tạm_thu ngân_sách tại Kho_bạc Nhà_nước cùng cấp để tổ_chức thu tiền lệ_phí . Hàng tuần , cơ_quan thu lệ_phí phải nộp 100 % tiền lệ_phí thu được vào tài_khoản tạm_thu ngân_sách tại Kho_bạc Nhà_nước . Chậm nhất là ngày thứ hai mươi của tháng , cơ_quan thu lệ_phí phải nộp tiền lệ_phí thu được trong tháng liền trước vào ngân_sách nhà_nước ( sau khi đã trừ số tiền lệ_phí phải trả lại cho người nộp lệ_phí ) theo chương , tiểu_mục tương_ứng tại Mục_lục ngân_sách nhà_nước . Cơ_quan thu lệ_phí thực_hiện khai , nộp lệ_phí thu được hàng tháng vào ngân_sách nhà_nước và quyết_toán năm theo quy_định của <L rel="Reference"> Luật quản_lý thuế </L> . Trường_hợp cơ_quan thu lệ_phí là Cơ_quan đại_diện Việt_Nam ở nước_ngoài , thực_hiện khai , nộp lệ_phí đăng_ký nuôi con_nuôi tại Cơ_quan đại_diện Việt_Nam ở nước_ngoài theo hướng_dẫn của Bộ Tài_chính .
2 . Trường_hợp đã thu lệ_phí đăng_ký nuôi con_nuôi , nhưng hồ_sơ chưa được chuyển về Sở Tư_pháp mà người nhận nuôi con_nuôi đề_nghị rút hồ_sơ thì cơ_quan thu lệ_phí có trách_nhiệm trả lại cho người nhận nuôi con_nuôi số tiền lệ_phí đã nộp . Trường_hợp người nộp lệ_phí tiếp_tục xin nhận con_nuôi thì số tiền lệ_phí đã nộp được bù_trừ cho số lệ_phí phải nộp đối_với hồ_sơ sau . Trường_hợp không tiếp_tục xin nhận con_nuôi thì cơ_quan thu lệ_phí trích từ tài_khoản tạm_thu ngân_sách tại Kho_bạc Nhà_nước để trả lại số lệ_phí đã nộp cho người nộp lệ_phí và được trừ vào số lệ_phí đã thu được phải nộp ngân_sách nhà_nước , thực_hiện khai và quyết_toán lệ_phí với cơ_quan quản_lý thuế theo quy_định của <L rel="Reference"> Luật quản_lý thuế </L> .
Điều 8 .  Kinh_phí thực_hiện công_tác giải_quyết việc nuôi con_nuôi ;  cấp , gia_hạn , sửa_đổi giấy_phép hoạt_động của tổ_chức con_nuôi nước_ngoài tại Việt_Nam 

1 . Kinh_phí thực_hiện công_tác giải_quyết việc nuôi con_nuôi ;  cấp , gia_hạn , sửa_đổi giấy_phép hoạt_động của tổ_chức con_nuôi nước_ngoài tại Việt_Nam do ngân_sách nhà_nước bảo_đảm theo quy_định của pháp_luật về phân_cấp ngân_sách nhà_nước . 

2 . Cơ_quan thực_hiện giải_quyết nuôi con_nuôi ; cấp , gia_hạn , sửa_đổi giấy_phép hoạt_động của tổ_chức con_nuôi nước_ngoài tại Việt_Nam có trách_nhiệm lập dự_toán thu , chi ngân_sách nhà_nước_hàng năm trình cơ_quan có thẩm_quyền theo quy_định của <L rel="Reference"> Luật ngân_sách nhà_nước </L> .
3 . Kinh_phí thực_hiện công_tác giải_quyết việc nuôi con_nuôi gồm : 

a ) Tiếp_nhận , kiểm_tra , thẩm_định hồ_sơ của người nhận con_nuôi , hồ_sơ của trẻ_em được giới_thiệu làm con_nuôi ;  lấy ý_kiến của chuyên_gia tâm_lý , y_tế , gia_đình , xã_hội để đánh_giá toàn_diện về điều_kiện của người nhận con_nuôi và của người được giới_thiệu làm con_nuôi theo quy_định của pháp_luật ; 

b ) Kinh_phí cho cơ_sở trợ_giúp xã_hội hưởng ngân_sách nhà_nước trong việc lập hồ_sơ trẻ_em tại cơ_sở trợ_giúp xã_hội đó được giới_thiệu làm con_nuôi ; 

c ) Chi_phí trang_trải cho công_tác lấy ý_kiến của những người liên_quan về việc cho trẻ_em làm con_nuôi , xác_minh nguồn_gốc của trẻ_em được cho làm con_nuôi , hoàn_tất thủ_tục giao_nhận trẻ_em được cho làm con_nuôi ; 

d ) Thông_tin liên_lạc , gửi tài_liệu , trao_đổi thư_tín với cơ_quan có thẩm_quyền để giải_quyết việc nuôi con_nuôi ; 

đ ) In_ấn , phát_hành biểu_mẫu , giấy_tờ , sổ_sách , lưu_trữ , số hóa hồ_sơ về nuôi con_nuôi ; 

e ) Chi thanh_toán cho cá_nhân trực_tiếp thực_hiện việc thu lệ_phí , bao_gồm tiền_lương , tiền công , phụ_cấp lương , các khoản đóng_góp theo quy_định được tính trên tiền_lương , trừ chi_phí trả lương cho cán_bộ công_chức được hưởng lương từ ngân_sách nhà_nước theo chế_độ quy_định ; 

g ) Chi_phí phục_vụ cho công_tác kiểm_tra , theo_dõi tình_hình phát_triển của con_nuôi ; 

h ) Chi_phí khác phục_vụ trực_tiếp giải_quyết việc nuôi con_nuôi . 

4 . Kinh_phí thực_hiện công_tác cấp , gia_hạn , sửa_đổi giấy_phép tổ_chức con_nuôi nước_ngoài tại Việt_Nam gồm : 

a ) Tiếp_nhận , kiểm_tra , thẩm_định hồ_sơ tổ_chức con_nuôi nước_ngoài xin cấp , gia_hạn , sửa_đổi giấy_phép hoạt_động tại Việt_Nam ; 

b ) Phỏng_vấn , kiểm_tra , đánh_giá tiêu_chuẩn năng_lực , kinh_nghiệm chuyên_môn của người dự_kiến đứng đầu Văn_phòng con_nuôi nước_ngoài tại Việt_Nam ; 

c ) Kiểm_tra điều_kiện , tư_cách và năng_lực pháp_lý tổ_chức con_nuôi nước_ngoài tại nước nơi tổ_chức được thành_lập ; 

d ) Tổ_chức tập_huấn nghiệp_vụ cho Văn_phòng con_nuôi nước_ngoài tại Việt_Nam ; 

đ ) Trực_tiếp kiểm_tra tình_hình phát_triển của trẻ_em Việt_Nam được nhận làm con_nuôi ở nước_ngoài ; 

e ) Chi_phí khác phục_vụ trực_tiếp giải_quyết cấp , gia_hạn , sửa_đổi giấy_phép tổ_chức con_nuôi nước_ngoài tại Việt_Nam . 

Điều 9 .  Điều_khoản chuyển_tiếp 

Trường_hợp người nộp hồ_sơ xin nhận con_nuôi đã nộp lệ_phí đăng_ký nuôi con_nuôi trong nước hoặc nước_ngoài , tổ_chức con_nuôi nước_ngoài nộp hồ_sơ xin cấp , gia_hạn , sửa_đổi giấy_phép hoạt_động của tổ_chức con_nuôi nước_ngoài tại Việt_Nam đã nộp lệ_phí cấp , gia_hạn , sửa_đổi giấy_phép hoạt_động trước ngày 01/01/2017 thì số lệ_phí thu được được quản_lý , sử_dụng theo quy_định tại <NĐ rel="Reference"> Nghị_định số 19/2011/NĐ-CP </NĐ> .
Điều 10 .  Hiệu_lực thi_hành 

1 . Nghị_định này có hiệu_lực thi_hành kể từ ngày 01 tháng 01 năm 2017 . 

2 . Bãi_bỏ khoản 1 Điều 38 ; các Điều 39 , 40 , 41 , 42 , 43 , 44 , 45 và Điều 46 <NĐ rel="PartDrop"> Nghị_định số 19/2011/NĐ-CP </NĐ> .
3 . Bãi_bỏ cụm từ “ lệ_phí đăng_ký nuôi con_nuôi ” và cụm từ “ mức thu , chế_độ quản_lý , sử_dụng lệ_phí ” tại khoản 1 Điều 1 <NĐ rel="PartDrop"> Nghị_định số 19/2011/NĐ-CP </NĐ> . Bãi_bỏ cụm từ “ khoản 1 và ” quy_định tại khoản 3 Điều 38 <NĐ rel="PartDrop"> Nghị_định số 19/2011/NĐ-CP </NĐ> .
Điều 11 .  Tổ_chức thực_hiện 

1 . Bộ Tài_chính hướng_dẫn lập dự_toán , quản_lý , sử_dụng , quyết_toán kinh_phí ngân_sách nhà_nước bảo_đảm cho công_tác nuôi con_nuôi và cấp , gia_hạn , sửa_đổi giấy_phép hoạt_động của tổ_chức con_nuôi nước_ngoài tại Việt_Nam . 

2 . Các Bộ_trưởng ;  Thủ_trưởng cơ_quan ngang Bộ ;  Thủ_trưởng cơ_quan thuộc Chính_phủ ;  Chủ_tịch Ủy_ban nhân_dân tỉnh , thành_phố trực_thuộc Trung_ương ;  tổ_chức , cá_nhân liên_quan chịu trách_nhiệm thi_hành Nghị_định này ./. 