Nghị định Về điều kiện kinh doanh dịch vụ mua bán nợ

Căn_cứ <L rel="Pursuant"> Luật tổ_chức Chính_phủ ngày 19 tháng 6 năm 2015 </L> ;
Căn_cứ <L rel="Pursuant"> Luật đầu_tư ngày 26 tháng 11 năm 2014 </L> ;
Căn_cứ <BL rel="Pursuant"> Bộ_luật dân_sự ngày 14 tháng 6 năm 2005 </BL> ;
Căn_cứ <L rel="Pursuant"> Luật doanh_nghiệp ngày 26 tháng 11 năm 2014 </L> ;
Căn_cứ <L rel="Pursuant"> Luật các tổ_chức tín_dụng ngày 16 tháng 6 năm 2010 </L> ;
Căn_cứ <PL rel="Pursuant"> Pháp_lệnh Ngoại_hối ngày 13 tháng 12 năm 2005 </PL> và <PL rel="Pursuant"> Pháp_lệnh sửa_đổi , bổ_sung một_số điều của <PL rel="Others"> Pháp_lệnh Ngoại_hối </PL> ngày 18 tháng 3 năm 2013 </PL> ;
Điều 1 .  Phạm_vi điều_chỉnh 

1 . Nghị_định này quy_định về điều_kiện kinh_doanh dịch_vụ mua_bán nợ trên phạm_vi lãnh_thổ nước Cộng_hòa xã_hội chủ_nghĩa Việt_Nam . 

2 . Tổ_chức tín_dụng , chi_nhánh ngân_hàng nước_ngoài thực_hiện hoạt_động mua_bán nợ theo quy_định của <L rel="Reference"> Luật các tổ_chức tín_dụng </L> và các quy_định của pháp_luật có liên_quan .
3 . Tổ_chức , cá_nhân thực_hiện hoạt_động mua_bán trái_phiếu thuộc phạm_vi điều_chỉnh của Luật_chứng_khoán thực_hiện theo quy_định của <L rel="Reference"> Luật_chứng_khoán </L> .
4 . Công_ty Quản_lý_tài_sản của các tổ_chức tín_dụng Việt_Nam thực_hiện hoạt_động mua_bán nợ theo quy_định của Chính_phủ về thành_lập , tổ_chức và hoạt_động của Công_ty Quản_lý_tài_sản của các tổ_chức tín_dụng Việt_Nam . 

5 . Công_ty trách_nhiệm hữu_hạn mua_bán nợ Việt_Nam thực_hiện hoạt_động mua_bán nợ theo quy_định của Chính_phủ , Thủ_tướng Chính_phủ về thành_lập và hoạt_động của Công_ty trách_nhiệm hữu_hạn mua_bán nợ Việt_Nam . 

6 . Sở giao_dịch chứng_khoán tổ_chức thị_trường giao_dịch chứng_khoán theo quy_định của <L rel="Reference"> Luật_chứng_khoán </L> .
7 . Tổ_chức , cá_nhân ( trừ các tổ_chức , cá_nhân quy_định tại khoản 2 , khoản 3 , khoản 4 , khoản 5 , khoản 6 Điều này ) hoạt_động mua_bán nợ không phải là hoạt_động kinh_doanh thực_hiện theo quy_định của <BL rel="Reference"> Bộ_luật dân_sự </BL> .
Điều 2 .  Đối_tượng áp_dụng 

1 . Doanh_nghiệp kinh_doanh dịch_vụ mua_bán nợ . 

2 . Tổ_chức , cá_nhân có nhu_cầu_kinh_doanh dịch_vụ mua_bán nợ . 

Điều 3 .  Giải_thích từ_ngữ 

1 . Nợ là nghĩa_vụ trả tài_sản của bên nợ đối_với chủ_nợ được thể_hiện trong hợp_đồng hoặc phát_sinh quyền , nghĩa_vụ theo quy_định của pháp_luật . 

2 . Mua_bán nợ là việc bên bán nợ chuyển_giao một phần hoặc toàn_bộ quyền đòi nợ và các quyền khác liên_quan đến khoản nợ cho bên mua nợ và bên mua nợ trả tiền cho bên bán nợ . 

3 . Chủ_nợ là tổ_chức kinh_tế , cá_nhân , chủ_thể giao_dịch dân_sự khác có quyền đòi nợ . 

4 . Bên nợ là tổ_chức kinh_tế , cá_nhân , chủ_thể giao_dịch dân_sự khác có nghĩa_vụ trả nợ được quy_định tại hợp_đồng hoặc phát_sinh nghĩa_vụ trả nợ theo quy_định của pháp_luật . 

5 . Chủ_thể giao_dịch dân_sự khác là các chủ_thể tham_gia quan_hệ giao_dịch dân_sự khác trừ các đối_tượng sau đây : 

a ) Tổ_chức kinh_tế , cá_nhân ; 

b ) Tổ_chức chính_trị , tổ_chức chính_trị-xã_hội ; 

c ) Cơ_quan nhà_nước , đơn_vị vũ_trang nhân_dân ; 

d ) Các tổ_chức quốc_tế hoặc chính_phủ quốc_gia khác . 

6 . Kinh_doanh dịch_vụ mua_bán nợ là việc thực_hiện liên_tục một hoặc một_số hoạt_động liên_quan đến việc mua_bán nợ nhằm mục_đích sinh_lợi , bao_gồm : Mua nợ , bán nợ , môi_giới mua_bán nợ , tư_vấn mua_bán nợ và dịch_vụ sàn giao_dịch nợ . 

7 . Hoạt_động mua_bán nợ không phải là hoạt_động kinh_doanh là hoạt_động mua_bán nợ không liên_tục , không nhằm mục_đích sinh_lợi của tổ_chức , cá_nhân , bao_gồm : 

a ) Hoạt_động bán nợ đối_với các khoản nợ của chính chủ_nợ , không bao_gồm các khoản nợ mà chủ_nợ đã mua từ các chủ_nợ khác ; 

b ) Hoạt_động mua nợ không nhằm mục_đích bán lại cho tổ_chức , cá_nhân , bao_gồm cả hoạt_động mua nợ để chuyển nợ thành vốn góp , vốn cổ_phần ;  cơ_cấu lại thời_hạn trả nợ ;  xử_lý_tài_sản bảo_đảm ; 

c ) Các hoạt_động mua_bán nợ khác không liên_tục , không nhằm mục_đích sinh_lợi . 

8 . Môi_giới mua_bán nợ là dịch_vụ làm trung_gian , dàn_xếp việc mua_bán nợ giữa các bên mua_bán nợ và được hưởng phí dịch_vụ môi_giới theo thỏa_thuận , không bao_gồm hoạt_động bán đấu_giá của các tổ_chức bán đấu_giá chuyên_nghiệp . 

9 . Tư_vấn mua_bán nợ là dịch_vụ thông_qua việc sử_dụng kiến_thức chuyên_môn phát_hiện vấn_đề , đề_xuất giải_pháp liên_quan đến hoạt_động mua , bán nợ ;  được thực_hiện độc_lập , khách_quan theo yêu_cầu của khách_hàng và được hưởng phí tư_vấn theo thỏa_thuận . 

10 .  Dịch_vụ sàn giao_dịch nợ là việc cung_cấp sàn giao_dịch nợ , tổ_chức việc mua_bán nợ ;  giới_thiệu , cung_cấp thông_tin về nợ cho các bên tham_gia có nhu_cầu giao_dịch ;  kiểm_tra hồ_sơ , giấy_tờ về nợ bảo_đảm đủ điều_kiện được giao_dịch ;  làm trung_gian cho các bên trao_đổi , đàm_phán và ký_kết_hợp_đồng mua_bán nợ . 

11 .  Sàn giao_dịch nợ là nơi tập_trung , tiến_hành thường_xuyên các hoạt_động giao_dịch mua_bán nợ , tư_vấn , môi_giới mua_bán nợ . 

12 .  Bên mua nợ là tổ_chức , cá_nhân thực_hiện mua , nhận chuyển_nhượng để trở_thành chủ_nợ mới của khoản nợ . 

13 .  Bên bán nợ là tổ_chức , cá_nhân sở_hữu khoản nợ và thực_hiện bán , chuyển_nhượng khoản nợ cho bên mua nợ . 

14 .  Bên môi_giới là doanh_nghiệp thực_hiện dịch_vụ môi_giới mua_bán nợ . 

15 .  Doanh_nghiệp kinh_doanh dịch_vụ mua_bán nợ là doanh_nghiệp có đăng_ký ngành_nghề kinh_doanh dịch_vụ mua_bán nợ ( bao_gồm cả Công_ty Quản_lý nợ và khai_thác tài_sản trực_thuộc ngân_hàng thương_mại ) . 

16 .  Người quản_lý của doanh_nghiệp kinh_doanh dịch_vụ mua_bán nợ là người quản_lý công_ty và người quản_lý doanh_nghiệp tư_nhân , bao_gồm chủ doanh_nghiệp tư_nhân , thành_viên hợp danh , Chủ_tịch Hội_đồng thành_viên , thành_viên Hội_đồng thành_viên , Chủ_tịch công_ty , Chủ_tịch Hội_đồng quản_trị , thành_viên Hội_đồng quản_trị , Giám_đốc hoặc Tổng_giám_đốc và cá_nhân giữ chức_danh quản_lý khác có thẩm_quyền nhân_danh công_ty ký_kết giao_dịch của công_ty theo quy_định tại Điều_lệ công_ty . 

Điều 4 .  Nguyên_tắc kinh_doanh dịch_vụ mua_bán nợ 

1 . Tổ_chức ( không phải là doanh_nghiệp ) , cá_nhân có nhu_cầu_kinh_doanh dịch_vụ mua_bán nợ phải thành_lập doanh_nghiệp . 

2 . Doanh_nghiệp phải đăng_ký ngành_nghề kinh_doanh dịch_vụ mua_bán nợ theo quy_định của pháp_luật . 

3 . Doanh_nghiệp thực_hiện kinh_doanh dịch_vụ mua_bán nợ phải đáp_ứng điều_kiện tương_ứng quy_định tại Điều 5 , Điều 6 , Điều 7 và Điều 8 Nghị_định này . 

4 . Bảo_đảm công_khai , minh_bạch , bình_đẳng , tuân_thủ quy_định của pháp_luật . 

Điều 5 .  Điều_kiện chung đối_với doanh_nghiệp kinh_doanh dịch_vụ mua_bán nợ 

1 . Doanh_nghiệp phải có quy_chế quản_lý nội_bộ về tổ_chức , quy_định nội_bộ về hoạt_động kinh_doanh dịch_vụ mua_bán nợ phù_hợp với quy_định của Nghị_định này . 

2 . Doanh_nghiệp phải đáp_ứng quy_định về mức vốn điều_lệ , vốn đầu_tư tối_thiểu tương_ứng theo quy_định tại khoản 2 Điều 6 , khoản 2 Điều 7 và khoản 2 Điều 8 Nghị_định này .  Trường_hợp , doanh_nghiệp thực_hiện một_số hoặc tất_cả các hoạt_động thì mức vốn điều_lệ , vốn đầu_tư tối_thiểu là mức vốn điều_lệ , vốn đầu_tư tối_thiểu cao nhất trong số các hoạt_động mà doanh_nghiệp thực_hiện . 

3 . Người quản_lý của doanh_nghiệp phải đáp_ứng các điều_kiện sau đây : 

a ) Có đầy_đủ năng_lực hành_vi dân_sự và không thuộc đối_tượng cấm quản_lý doanh_nghiệp theo quy_định của <L rel="Reference"> Luật doanh_nghiệp </L> ;
b ) Có trình_độ học_vấn từ đại_học trở lên thuộc một trong các ngành : Kinh_tế , quản_trị kinh_doanh , luật hoặc lĩnh_vực chuyên_môn mà mình sẽ đảm_nhận ; 

c ) Là người quản_lý hoặc có ít_nhất 05 năm làm_việc trực_tiếp trong lĩnh_vực tài_chính , ngân_hàng , kế_toán , kiểm_toán , pháp_luật , định giá tài_sản hoặc mua_bán nợ ; 

d ) Những người đã làm_việc trong doanh_nghiệp kinh_doanh dịch_vụ mua_bán nợ đã bị thu_hồi Giấy chứng_nhận đăng_ký doanh_nghiệp phải đáp_ứng thêm điều_kiện : Không là người quản_lý của doanh_nghiệp kinh_doanh dịch_vụ mua_bán nợ đã bị thu_hồi Giấy chứng_nhận đăng_ký doanh_nghiệp trong 03 năm trước liền kề . 

Điều 6 .  Điều_kiện đối_với doanh_nghiệp kinh_doanh dịch_vụ môi_giới mua_bán nợ , tư_vấn mua_bán nợ 

1 . Các điều_kiện quy_định tại Điều 5 Nghị_định này . 

2 . Có mức vốn điều_lệ , vốn đầu_tư tối_thiểu là 5 tỷ đồng . 

Điều 7 .  Điều_kiện đối_với doanh_nghiệp kinh_doanh hoạt_động mua_bán nợ 

2 . Có mức vốn điều_lệ , vốn đầu_tư tối_thiểu là 100 tỷ đồng . 

3 . Các khoản nợ được mua_bán phải có đầy_đủ các yếu_tố sau đây : 

a ) Không có thỏa_thuận bằng văn_bản về việc không được mua , bán khoản nợ ; 

b ) Không được sử_dụng để bảo_đảm thực_hiện nghĩa_vụ dân_sự tại thời_điểm mua_bán nợ , trừ trường_hợp có sự đồng_ý bằng văn_bản của bên nhận bảo_đảm về việc bán nợ ; 

c ) Bên mua nợ và bên nợ không phải là người có liên_quan theo quy_định của <L rel="Reference"> Luật doanh_nghiệp </L> .
4 . Việc mua_bán nợ phải được lập thành hợp_đồng_bằng văn_bản trên cơ_sở thỏa_thuận giữa các bên liên_quan , đảm_bảo các quyền và lợi_ích hợp_pháp của các bên tham_gia mua_bán nợ , trong đó quy_định cụ_thể quyền và nghĩa_vụ của bên mua nợ , bên bán nợ . 

5 . Doanh_nghiệp hoạt_động mua_bán nợ không được nhận cấp tín_dụng của tổ_chức tín_dụng , chi_nhánh ngân_hàng để mua nợ của khách_hàng vay tại chính tổ_chức tín_dụng , chi_nhánh ngân_hàng nước_ngoài đó hoặc nhận bảo_đảm của tổ_chức tín_dụng , chi_nhánh ngân_hàng để được cấp tín_dụng của tổ_chức tín_dụng , chi_nhánh ngân_hàng khác nhằm mục_đích mua nợ của khách_hàng vay tại chính tổ_chức tín_dụng , chi_nhánh ngân_hàng nước_ngoài bảo_đảm . 

6 . Bên mua nợ , bên bán nợ , bên nợ và các bên liên_quan khác phải tuân_thủ các quy_định hiện_hành của pháp_luật về quản_lý ngoại_hối trong trường_hợp mua_bán nợ hình_thành quan_hệ cho vay , vay nợ nước_ngoài và sử_dụng ngoại_hối trong giao_dịch mua_bán nợ . 

Điều 8 .  Điều_kiện đối_với doanh_nghiệp kinh_doanh dịch_vụ sàn giao_dịch nợ 

2 . Có mức vốn điều_lệ , vốn đầu_tư tối_thiểu là 500 tỷ đồng . 

3 . Đã hoạt_động kinh_doanh dịch_vụ mua_bán nợ ít_nhất 01 năm và mức doanh_thu hoạt_động kinh_doanh dịch_vụ mua_bán nợ của năm liền kề trước năm thực_hiện kinh_doanh dịch_vụ sàn giao_dịch tối_thiểu là 500 tỷ đồng . 

4 . Có ít_nhất 02 nhân_viên có chứng_chỉ kiểm_toán_viên hoặc ít_nhất 02 nhân_viên có thẻ thẩm_định viên về giá theo quy_định của pháp_luật . 

5 . Có quy_chế hoạt_động của sàn giao_dịch nợ , tối_thiểu bao_gồm : 

a ) Quy_trình , thủ_tục , trách_nhiệm của các thành_viên tham_gia sàn giao_dịch nợ và quyền_hạn , nghĩa_vụ của doanh_nghiệp cung_cấp sàn giao_dịch nợ ; 

b ) Điều_kiện các khoản nợ dự_kiến được niêm_yết trên sàn giao_dịch ; 

c ) Tổ_chức quản_lý , giám_sát giao_dịch , trong đó có quy_định về cung_cấp , lưu_trữ thông_tin về các khoản nợ dự_kiến được niêm_yết trên sàn giao_dịch ; 

d ) Thời_gian , phương_thức xác_lập và hủy bỏ giao_dịch ; 

đ ) Phương_thức thanh_toán và quy_định bảo_đảm thanh_toán cho các bên ; 

e ) Xử_lý tranh_chấp . 

6 . Có cơ_sở , vật_chất kỹ_thuật , hệ_thống công_nghệ thông_tin phù_hợp để tiếp_nhận , cập_nhật , cung_cấp thông_tin về hoạt_động mua_bán nợ giữa các thành_viên tham_gia sàn giao_dịch . 

7 . Phải thực_hiện kiểm_toán độc_lập hằng năm theo quy_định của pháp_luật . 

Điều 9 .  Trách_nhiệm của Bộ Tài_chính 

1 . Chịu trách_nhiệm trước Chính_phủ về quản_lý nhà_nước đối_với doanh_nghiệp kinh_doanh dịch_vụ mua_bán nợ . 

2 . Thực_hiện quản_lý , kiểm_tra , thanh_tra , giám_sát theo thẩm_quyền hoạt_động kinh_doanh dịch_vụ mua_bán nợ . 

3 . Hướng_dẫn thi_hành Nghị_định này . 

Điều 10 .  Trách_nhiệm của Ủy_ban nhân_dân tỉnh , thành_phố trực_thuộc trung_ương 

1 . Thực_hiện kiểm_tra , thanh_tra việc chấp_hành quy_định của pháp_luật về hoạt_động kinh_doanh dịch_vụ mua_bán nợ trên địa_bàn tỉnh , thành_phố và xử_lý vi_phạm theo thẩm_quyền đối_với những hành_vi vi_phạm hoạt_động kinh_doanh dịch_vụ mua_bán nợ . 

2 . Báo_cáo Bộ Tài_chính về tình_hình kinh_doanh dịch_vụ mua_bán nợ trên địa_bàn tỉnh , thành_phố theo định_kỳ , đột_xuất . 

Điều 11 .  Trách_nhiệm của cơ_quan đăng_ký kinh_doanh 

1 . Tiếp_nhận , xử_lý hồ_sơ đăng_ký doanh_nghiệp , đăng_ký thay_đổi nội_dung Giấy chứng_nhận đăng_ký doanh_nghiệp đối_với hoạt_động kinh_doanh dịch_vụ mua_bán nợ . 

2 . Báo_cáo Ủy_ban nhân_dân tỉnh , thành_phố trực_thuộc trung_ương về tình_hình cấp , bổ_sung Giấy chứng_nhận đăng_ký kinh_doanh đối_với hoạt_động kinh_doanh dịch_vụ mua_bán nợ theo định_kỳ , đột_xuất . 

Điều 12 .  Trách_nhiệm của Ngân_hàng Nhà_nước Việt_Nam 

Ngân_hàng Nhà_nước Việt_Nam phối_hợp với Bộ Tài_chính thực_hiện kiểm_tra , thanh_tra , giám_sát theo thẩm_quyền hoạt_động kinh_doanh dịch_vụ mua_bán nợ theo quy_định của Nghị_định này đối_với công_ty quản_lý nợ và khai_thác tài_sản trực_thuộc ngân_hàng thương_mại . 

Điều 13 .  Hiệu_lực thi_hành 

Nghị_định này có hiệu_lực thi_hành từ ngày 01 tháng 7 năm 2016 . 

Điều 14 .  Điều_khoản chuyển_tiếp 

1 . Trường_hợp đáp_ứng đủ điều_kiện theo quy_định tại Nghị_định này , doanh_nghiệp phải có văn_bản gửi cơ_quan đăng_ký kinh_doanh để báo_cáo . 

2 . Trường_hợp không đáp_ứng đủ điều_kiện theo quy_định tại Nghị_định này , doanh_nghiệp phải có văn_bản gửi cơ_quan đăng_ký kinh_doanh để báo_cáo ;  có biện_pháp đảm_bảo tuân_thủ quy_định tại Nghị_định này , trong đó bao_gồm cả biện_pháp chấm_dứt hoạt_động kinh_doanh dịch_vụ mua_bán nợ . 

Điều 15 .  Trách_nhiệm thi_hành 

Các Bộ_trưởng , Thủ_trưởng cơ_quan ngang bộ , Thủ_trưởng cơ_quan thuộc Chính_phủ , Chủ_tịch Ủy_ban nhân_dân tỉnh , thành_phố trực_thuộc trung_ương và các đối_tượng áp_dụng của Nghị_định chịu trách_nhiệm thi_hành Nghị_định này ./. 