Nghị định Về quản lý vật liệu xây dựng

Căn_cứ <L rel="Pursuant"> Luật tổ_chức Chính_phủ ngày 25 tháng 12 năm 2001 </L> ;
Căn_cứ <L rel="Pursuant"> Luật xây_dựng ngày 26 tháng 11 năm 2003 </L> ;
Căn_cứ <L rel="Pursuant"> Luật khoáng_sản ngày 20 tháng 03 năm 1996 </L> và <L rel="Pursuant"> Luật sửa_đổi , bổ_sung một_số điều của <L rel="Others"> Luật khoáng_sản </L> ngày 14 tháng 06 năm 2005 </L> ;
Căn_cứ <L rel="Pursuant"> Luật thương_mại ngày 14 tháng 06 năm 2005 </L> ;
Căn_cứ <L rel="Pursuant"> Luật đầu_tư số ngày 29 tháng 11 năm 2005 </L> ;
Căn_cứ <L rel="Pursuant"> Luật bảo_vệ môi_trường ngày 29 tháng 11 năm 2005 </L> ;
Căn_cứ <L rel="Pursuant"> Luật tiêu_chuẩn và quy_chuẩn kỹ_thuật ngày 29 tháng 06 năm 2006 </L> ;
Điều 1 .  Phạm_vi điều_chỉnh 

Nghị_định này điều_chỉnh các hoạt_động trong lĩnh_vực vật_liệu xây_dựng bao_gồm : quy_hoạch phát_triển vật_liệu xây_dựng ;  khai_thác , chế_biến khoáng_sản làm vật_liệu xây_dựng ;  đầu_tư , sản_xuất , kinh_doanh vật_liệu xây_dựng ( trừ khai_thác , chế_biến khoáng_sản kim_loại và sản_xuất vật_liệu xây_dựng không có nguồn_gốc từ khoáng_sản ) . 

Điều 2 .  Đối_tượng áp_dụng 

Nghị_định này áp_dụng đối_với tổ_chức , cá_nhân trong nước và nước_ngoài hoạt_động trong lĩnh_vực vật_liệu xây_dựng tại Việt_Nam . 

Điều 3 .  Giải_thích từ_ngữ 

1 . Vật_liệu xây_dựng là sản_phẩm có nguồn_gốc hữu_cơ , vô_cơ , kim_loại được sử_dụng để tạo nên công_trình xây_dựng , trừ các trang_thiết_bị điện . 

2 . Khoáng_sản làm vật_liệu xây_dựng bao_gồm : khoáng_sản để sản_xuất vật_liệu xây_dựng , khoáng_sản làm nguyên_liệu sản_xuất xi_măng . 

3 . Sứ vệ_sinh là sản_phẩm có nguồn_gốc từ gốm sứ dùng để lắp_đặt trong các công_trình vệ_sinh , phòng_thí_nghiệm và các phòng chuyên_dụng khác . 

4 . Vật_liệu ốp_lát là vật_liệu xây_dựng được sử_dụng để ốp , lát các công_trình xây_dựng . 

Điều 4 .  Chính_sách của nhà_nước về phát_triển vật_liệu xây_dựng 

1 . Nhà_nước đầu_tư , có chính_sách khuyến_khích tổ_chức , cá_nhân thuộc các thành_phần kinh_tế tham_gia đầu_tư phát_triển hạ_tầng kỹ_thuật bảo_đảm đồng_bộ và phù_hợp với quy_hoạch phát_triển vật_liệu xây_dựng trong từng thời_kỳ . 

2 . Các hoạt_động trong lĩnh_vực vật_liệu xây_dựng được ưu_đãi đầu_tư hoặc đặc_biệt ưu_đãi đầu_tư và những dự_án đầu_tư thuộc lĩnh_vực vật_liệu xây_dựng trên địa_bàn ưu_đãi đầu_tư được hưởng ưu_đãi đầu_tư theo quy_định của pháp_luật về đầu_tư . 

Điều 5 .  Yêu_cầu về công_nghệ khai_thác , chế_biến , sản_xuất vật_liệu xây_dựng 

Công_nghệ , thiết_bị để sản_xuất vật_liệu xây_dựng , khai_thác , chế_biến khoáng_sản làm vật_liệu xây_dựng , tái_chế các chất_thải để làm nguyên_liệu , nhiên_liệu , phụ_gia phải bảo_đảm hiện_đại , tiên_tiến , có mức tiêu_hao nguyên_liệu , nhiên_liệu , năng_lượng thấp , mức_độ ô_nhiễm môi_trường đạt tiêu_chuẩn của khu_vực hoặc thế_giới . 

Điều 6 .  Tiêu_chuẩn và quy_chuẩn kỹ_thuật sản_phẩm vật_liệu xây_dựng 

1 . Đối_với vật_liệu phải theo quy_chuẩn kỹ_thuật thì chất_lượng phải tuân theo quy_chuẩn đó . 

2 . Các hoạt_động trong lĩnh_vực vật_liệu xây_dựng phải tuân_thủ các quy_định của pháp_luật về tiêu_chuẩn và quy_chuẩn kỹ_thuật . 

Điều 7 .  Yêu_cầu về bảo_vệ môi_trường 

Hoạt_động khai_thác , chế_biến khoáng_sản làm vật_liệu xây_dựng ;  sản_xuất , kinh_doanh vật_liệu xây_dựng phải đáp_ứng các yêu_cầu của pháp_luật về bảo_vệ môi_trường . 

Điều 8 .  Các hành_vi bị cấm 

1 . Sản_xuất , kinh_doanh hàng giả ;  giả_mạo nhãn_mác , dấu hợp chuẩn , dấu hợp quy của vật_liệu xây_dựng . 

2 . Nhập_khẩu , kinh_doanh các vật_liệu xây_dựng nhập_khẩu không có tiêu_chuẩn chất_lượng và xuất_xứ không rõ_ràng . 

3 . Cung_cấp thông_tin sai sự_thật về chất_lượng , xuất_xứ sản_phẩm vật_liệu xây_dựng . 

4 . Các hoạt_động khai_thác , chế_biến khoáng_sản làm vật_liệu xây_dựng , khoáng_sản làm vật_liệu xây_dựng thông_thường không có Giấy_phép khai_thác . 

5 . Khai_thác đất nông_nghiệp , cát sông làm vật_liệu xây_dựng không theo quy_hoạch . 

6 . Sản_xuất , kinh_doanh , sử_dụng sợi amiăng nhóm amfibole để sản_xuất vật_liệu xây_dựng . 

7 . Đầu_tư các công_trình xây_dựng kiên_cố không nhằm mục_đích khai_thác mỏ , trên diện_tích khu mỏ đã được quy_hoạch thăm_dò , khai_thác làm vật_liệu xây_dựng , trừ trường_hợp được Thủ_tướng Chính_phủ cho phép . 

8 . Lợi_dụng hoạt_động quản_lý để cản_trở bất_hợp_pháp hoạt_động của tổ_chức , cá_nhân trong việc khai_thác , chế_biến khoáng_sản làm vật_liệu xây_dựng , sản_xuất , kinh_doanh vật_liệu xây_dựng . 

Chương_II 

QUY_HOẠCH PHÁT_TRIỂN VẬT_LIỆU XÂY_DỰNG 

Mục 1 

CÁC QUY_ĐỊNH CHUNG 

Điều 9 .  Phân_loại quy_hoạch phát_triển vật_liệu xây_dựng 

1 . Quy_hoạch chung phát_triển vật_liệu xây_dựng bao_gồm : 

a ) Quy_hoạch tổng_thể phát_triển vật_liệu xây_dựng Việt_Nam ; 

b ) Quy_hoạch phát_triển vật_liệu xây_dựng vùng là quy_hoạch chỉ áp_dụng cho những vùng đặc_thù có tiềm_năng lớn để phát_triển vật_liệu xây_dựng , được phân_bố ở những khu_vực giáp_ranh của các tỉnh liền kề , cần có sự phối_hợp chung thống_nhất ; 

c ) Quy_hoạch phát_triển vật_liệu xây_dựng của tỉnh , thành_phố trực_thuộc trung_ương ( sau đây gọi là quy_hoạch phát_triển vật_liệu xây_dựng địa_phương ) . 

2 . Quy_hoạch phát_triển sản_phẩm vật_liệu xây_dựng chủ_yếu bao_gồm : 

a ) Quy_hoạch phát_triển xi_măng ; 

b ) Quy_hoạch phát_triển kính xây_dựng ; 

c ) Quy_hoạch phát_triển vật_liệu ốp_lát ; 

d ) Quy_hoạch phát_triển sứ vệ_sinh . 

Điều 10 .  Phân_kỳ , thời_gian của quy_hoạch phát_triển vật_liệu xây_dựng 

Quy_hoạch chung phát_triển vật_liệu xây_dựng , quy_hoạch phát_triển sản_phẩm vật_liệu xây_dựng chủ_yếu được lập cho thời_kỳ là 10 năm , định_hướng phát_triển cho 05 đến 10 năm tiếp_theo và thể_hiện cho từng thời_kỳ 05 năm . 

Điều 11 .  Điều_chỉnh , bổ_sung quy_hoạch phát_triển vật_liệu xây_dựng 

1 . Việc điều_chỉnh , bổ_sung quy_hoạch phát_triển vật_liệu xây_dựng được thực_hiện theo nguyên_tắc sau : 

a ) Định_kỳ xem_xét , điều_chỉnh 05 năm một lần đối_với quy_hoạch chung phát_triển vật_liệu xây_dựng ;  03 năm một lần đối_với quy_hoạch phát_triển sản_phẩm vật_liệu xây_dựng chủ_yếu ; 

b ) Căn_cứ kết_quả rà_soát , đánh_giá thực_hiện các quy_hoạch phát_triển vật_liệu xây_dựng hàng năm . 

2 . Việc điều_chỉnh , bổ_sung quy_hoạch phát_triển vật_liệu xây_dựng phải bảo_đảm tính kế_thừa , chỉ điều_chỉnh những nội_dung không còn phù_hợp với tình_hình thực_tế và bổ_sung nội_dung cho phù_hợp tình_hình phát_triển kinh_tế-xã_hội . 

3 . Cơ_quan có thẩm_quyền phê_duyệt quy_hoạch phát_triển vật_liệu xây_dựng là cơ_quan có thẩm_quyền điều_chỉnh , bổ_sung quy_hoạch phát_triển vật_liệu xây_dựng . 

Điều 12 .  Kinh_phí cho công_tác quy_hoạch phát_triển vật_liệu xây_dựng 

1 . Chi_phí cho công_tác quy_hoạch phát_triển vật_liệu xây_dựng bao_gồm chi_phí cho lập quy_hoạch mới , điều_chỉnh , bổ_sung và công_tác quản_lý quy_hoạch đã được cơ_quan có thẩm_quyền phê_duyệt . 

2 . Kinh_phí cho công_tác quy_hoạch phát_triển vật_liệu xây_dựng do ngân_sách nhà_nước bảo_đảm . 

3 . Bộ Xây_dựng chủ_trì , phối_hợp với Bộ Tài_chính , Bộ Kế_hoạch và Đầu_tư lập và ban_hành định_mức , đơn_giá lập , thẩm_định quy_hoạch phát_triển vật_liệu xây_dựng . 

Điều 13 .  Quản_lý quy_hoạch phát_triển vật_liệu xây_dựng 

1 . Chính_phủ thống_nhất quản_lý nhà_nước đối_với công_tác quy_hoạch phát_triển vật_liệu xây_dựng trong cả nước . 

2 . Bộ Xây_dựng chịu trách_nhiệm trước Chính_phủ về công_tác quản_lý quy_hoạch tổng_thể phát_triển vật_liệu xây_dựng Việt_Nam , quy_hoạch phát_triển vật_liệu xây_dựng vùng và quy_hoạch phát_triển một_số sản_phẩm vật_liệu xây_dựng chủ_yếu . 

3 . Ủy_ban nhân_dân cấp tỉnh chịu trách_nhiệm quản_lý Nhà_nước về công_tác quản_lý quy_hoạch phát_triển vật_liệu xây_dựng địa_phương trên địa_bàn . 

4 . Các Bộ , ngành , địa_phương chịu trách_nhiệm phối_hợp với Bộ Xây_dựng trong công_tác quản_lý quy_hoạch phát_triển vật_liệu xây_dựng . 

5 . Trong vòng 30 ngày , kể từ khi quy_hoạch được phê_duyệt cơ_quan tổ_chức lập quy_hoạch phải tổ_chức công_bố quy_hoạch trên các phương_tiện thông_tin đại_chúng và tổ_chức hội_nghị giới_thiệu quy_hoạch để công_dân , doanh_nghiệp và các nhà đầu_tư có_thể dễ_dàng tiếp_cận , nghiên_cứu , đầu_tư , khai_thác . 

6 . Định_kỳ hàng năm và đột_xuất Bộ Xây_dựng có trách_nhiệm báo_cáo Thủ_tướng Chính_phủ về tình_hình thực_hiện các quy_hoạch được phân_công quản_lý ;  Ủy_ban nhân_dân cấp tỉnh có trách_nhiệm gửi báo_cáo tình_hình thực_hiện quy_hoạch cho Bộ Xây_dựng để tổng_hợp báo_cáo Thủ_tướng Chính_phủ .  Các vấn_đề phát_sinh trong quá_trình thực_hiện quy_hoạch phải được xem_xét , báo_cáo cấp có thẩm_quyền xử_lý . 

Mục 2 

QUY_HOẠCH CHUNG PHÁT_TRIỂN VẬT_LIỆU XÂY_DỰNG 

Điều 14 .  Căn_cứ lập quy_hoạch chung 

1 . Căn_cứ lập quy_hoạch tổng_thể phát_triển vật_liệu xây_dựng Việt_Nam : 

a ) Chiến_lược , quy_hoạch tổng_thể phát_triển kinh_tế-xã_hội của cả nước ; 

b ) Tiềm_năng về tài_nguyên , khoáng_sản làm vật_liệu xây_dựng của cả nước , kết_quả điều_tra cơ_bản , thăm_dò , khảo_sát khoáng_sản và các số_liệu thu_thập khác về tài_nguyên khoáng_sản làm vật_liệu xây_dựng ; 

c ) Khả_năng đáp_ứng về lao_động , công_nghệ , thị_trường . 

2 . Căn_cứ lập quy_hoạch phát_triển vật_liệu xây_dựng vùng : 

a ) Tiềm_năng về tài_nguyên , khoáng_sản làm vật_liệu xây_dựng , kết_quả điều_tra cơ_bản , thăm_dò , khảo_sát khoáng_sản và các số_liệu thu_thập khác về tài_nguyên khoáng_sản làm vật_liệu xây_dựng của vùng ; 

b ) Khả_năng đáp_ứng về lao_động , công_nghệ , thị_trường . 

3 . Căn_cứ lập quy_hoạch phát_triển vật_liệu xây_dựng địa_phương : 

a ) Quy_hoạch tổng_thể phát_triển vật_liệu xây_dựng Việt_Nam , các quy_hoạch phát_triển sản_phẩm vật_liệu xây_dựng chủ_yếu , quy_hoạch phát_triển vật_liệu xây_dựng vùng ( đối_với trường_hợp địa_phương thuộc vùng được lập quy_hoạch ) ; 

b ) Chiến_lược , quy_hoạch tổng_thể phát_triển kinh_tế-xã_hội của địa_phương ; 

c ) Tiềm_năng về tài_nguyên , khoáng_sản làm vật_liệu xây_dựng của địa_phương , hệ_thống số_liệu , kết_quả điều_tra cơ_bản , thăm_dò , khảo_sát khoáng_sản làm vật_liệu xây_dựng thông_thường và các số_liệu thu_thập khác về tài_nguyên khoáng_sản làm vật_liệu xây_dựng trên địa_bàn địa_phương ; 

d ) Khả_năng đáp_ứng về lao_động , công_nghệ , thị_trường . 

Điều 15 .  Trình_tự_lập quy_hoạch chung 

1 . Ghi_danh_mục , lập kế_hoạch vốn , xây_dựng đề_cương trình cấp có thẩm_quyền phê_duyệt . 

2 . Triển_khai lập quy_hoạch theo các bước : 

a ) Tổng_hợp các kết_quả điều_tra , phân_tích , đánh_giá tài_nguyên khoáng_sản làm vật_liệu xây_dựng , các yếu_tố , nguồn_lực , điều_kiện phát_triển và tác_động của chúng đến quy_hoạch chung phát_triển vật_liệu xây_dựng ; 

b ) Phân_tích đánh_giá hiện_trạng sản_xuất , thị_trường vật_liệu xây_dựng ; 

c ) Xây_dựng báo_cáo tổng_hợp ; 

d ) Lấy ý_kiến của tổ_chức , chuyên_gia có liên_quan ; 

đ ) Trình cấp có thẩm_quyền để thẩm_định và phê_duyệt . 

Điều 16 .  Nội_dung chính của quy_hoạch chung 

1 . Quy_hoạch tổng_thể phát_triển vật_liệu xây_dựng Việt_Nam gồm một_số nội_dung chính sau đây : 

a ) Xác_định vị_trí , vai_trò của ngành đối_với nền kinh_tế quốc dân và các mục_tiêu phát_triển của ngành ; 

b ) Phân_tích , dự_báo nhu_cầu các yếu_tố phát_triển ngành , các tiềm_năng về tài_nguyên khoáng_sản làm vật_liệu xây_dựng , các nguồn_lực , thị_trường , các yếu_tố công_nghệ và các yêu_cầu về năng_lực cạnh_tranh của ngành ; 

c ) Phân_tích , đánh_giá hiện_trạng phát_triển của ngành vật_liệu xây_dựng cả nước , hiện_trạng thăm_dò , khai_thác , sử_dụng tiềm_năng tài_nguyên khoáng_sản làm vật_liệu xây_dựng , các nguồn_lực đầu_tư cho phát_triển , các cơ_chế chính_sách , giải_pháp về quản_lý và huy_động nguồn_lực , thực_trạng phân_bố ngành trên các vùng lãnh_thổ , cơ_cấu chủng_loại , sản_phẩm chủ_yếu , đầu_tư , công_nghệ , lao_động , tổ_chức sản_xuất và năng_lực cạnh_tranh ; 

d ) Luận_chứng các phương_án khai_thác sử_dụng tiết_kiệm , hiệu_quả tiềm_năng tài_nguyên khoáng_sản làm vật_liệu xây_dựng ; 

đ ) Luận_chứng các phương_án phân_bổ ngành trên các vùng lãnh_thổ , phương_án phát_triển cơ_cấu chủng_loại , sản_phẩm chủ_yếu , đầu_tư , công_nghệ , lao_động ; 

e ) Xác_định các giải_pháp về cơ_chế , chính_sách và đề_xuất các phương_án thực_hiện . 

2 . Nội_dung quy_hoạch phát_triển vật_liệu xây_dựng vùng : 

Quy_hoạch phát_triển vật_liệu xây_dựng vùng bao_gồm các nội_dung quy_định tại khoản 1 Điều này trong phạm_vi vùng quy_hoạch . 

3 . Nội_dung quy_hoạch phát_triển vật_liệu xây_dựng địa_phương : 

Ngoài các nội_dung quy_định tại khoản 1 Điều này , Quy_hoạch phát_triển vật_liệu xây_dựng địa_phương còn có các nội_dung sau : 

a ) Dự_báo nhu_cầu vật_liệu xây_dựng thông_thường của địa_phương và thị_trường một_số chủng_loại vật_liệu xây_dựng mà địa_phương có thế mạnh ; 

b ) Dự_kiến danh_mục các dự_án đầu_tư , phương_án phân_bố đầu_tư , quy_mô đầu_tư và tiến_độ đầu_tư đối_với vật_liệu xây_dựng thông_thường và một_số chủng_loại vật_liệu xây_dựng địa_phương có thế mạnh , trong đó có các sản_phẩm vật_liệu xây_dựng chủ_yếu . 

Nội_dung quy_hoạch phát_triển vật_liệu xây_dựng địa_phương phải phù_hợp với quy_hoạch tổng_thể phát_triển vật_liệu xây_dựng Việt_Nam , quy_hoạch phát_triển các sản_phẩm vật_liệu xây_dựng chủ_yếu , quy_hoạch phát_triển vật_liệu xây_dựng vùng . 

Điều 17 .  Hồ_sơ quy_hoạch chung 

1 . Hồ_sơ quy_hoạch trình cơ_quan có thẩm_quyền phê_duyệt gồm : 

a ) Báo_cáo chính bao_gồm thuyết_minh , căn_cứ pháp_lý và tờ_trình phê_duyệt quy_hoạch chung phát_triển vật_liệu xây_dựng kèm theo dự_thảo quyết_định phê_duyệt quy_hoạch ; 

b ) Các bản_đồ bao_gồm : bản_đồ phân_bố tài_nguyên khoáng_sản làm vật_liệu xây_dựng , bản_đồ hiện_trạng sản_xuất vật_liệu xây_dựng và bản_đồ phương_án quy_hoạch ; 

c ) Các ý_kiến phản_biện , các góp_ý của các cơ_quan , cá_nhân ;  biên_bản , kết_luận của Hội_đồng thẩm_định ; 

d ) Các phụ_lục bao_gồm : Phụ_lục tài_nguyên khoáng_sản làm vật_liệu xây_dựng ;  Phụ_lục các cơ_sở sản_xuất vật_liệu xây_dựng hiện có ;  Phụ_lục các phương_pháp tính_toán nhu_cầu vật_liệu xây_dựng ;  Phụ_lục danh_mục các dự_án dự_kiến đầu_tư_sản_xuất vật_liệu xây_dựng thông_thường và một_số chủng_loại vật_liệu xây_dựng địa_phương có thế mạnh ( Phụ_lục này chỉ dành riêng cho quy_hoạch phát_triển vật_liệu xây_dựng địa_phương ) . 

2 . Các nội_dung hồ_sơ quy_hoạch quy_định tại khoản 1 Điều này được lưu_trữ và bảo_quản . 

Điều 18 .  Trách_nhiệm lập quy_hoạch chung 

1 . Bộ Xây_dựng tổ_chức lập quy_hoạch tổng_thể phát_triển vật_liệu xây_dựng Việt_Nam , quy_hoạch phát_triển vật_liệu xây_dựng vùng . 

2 . Ủy_ban nhân_dân cấp tỉnh tổ_chức lập quy_hoạch phát_triển vật_liệu xây_dựng địa_phương . 

Điều 19 .  Thẩm_định , phê_duyệt quy_hoạch chung 

1 . Quy_hoạch phát_triển vật_liệu xây_dựng phải được Hội_đồng thẩm_định có thẩm_quyền thẩm_định trước khi trình cơ_quan có thẩm_quyền phê_duyệt . 

2 . Hội_đồng thẩm_định : 

a ) Bộ Xây_dựng tổ_chức Hội_đồng thẩm_định để thẩm_định các quy_hoạch quy_định tại điểm a và điểm b khoản 1 Điều 9 Nghị_định này .  Thành_phần Hội_đồng thẩm_định gồm đại_diện các Bộ : Xây_dựng , Kế_hoạch và Đầu_tư , Tài_chính , Tài_nguyên và Môi_trường , Công_nghiệp , Giao_thông vận_tải và các Bộ ngành liên_quan khác ;  các chuyên_gia có trình_độ chuyên_môn về lĩnh_vực vật_liệu xây_dựng , có kinh_nghiệm trong công_tác quy_hoạch ;  đại_diện của tổ_chức , Hội và Hiệp_hội nghề_nghiệp về vật_liệu xây_dựng ; 

b ) Ủy_ban nhân_dân cấp tỉnh tổ_chức Hội_đồng thẩm_định để thẩm_định quy_hoạch quy_định tại điểm c khoản 1 Điều 9 Nghị_định này .  Thành_phần Hội_đồng thẩm_định gồm đại_diện Ủy_ban nhân_dân cấp tỉnh , đại_diện các sở : Xây_dựng , Kế_hoạch và Đầu_tư , Tài_chính , Tài_nguyên và Môi_trường , Công_nghiệp , Giao_thông vận_tải và các Sở , ngành liên_quan khác ;  các chuyên_gia có trình_độ chuyên_môn về lĩnh_vực vật_liệu xây_dựng , có kinh_nghiệm trong công_tác quy_hoạch ;  đại_diện của tổ_chức , Hội và Hiệp_hội nghề_nghiệp về vật_liệu xây_dựng . 

Trường_hợp cần_thiết , Ủy_ban nhân_dân cấp tỉnh có_thể mời đại_diện của Bộ Xây_dựng và các Bộ , ngành liên_quan tham_gia Hội_đồng thẩm_định . 

3 . Thẩm_quyền phê_duyệt : 

a ) Thủ_tướng Chính_phủ phê_duyệt quy_hoạch tổng_thể phát_triển vật_liệu xây_dựng Việt_Nam ;  quy_hoạch phát_triển vật_liệu xây_dựng vùng ; 

b ) Chủ_tịch Ủy_ban nhân_dân cấp tỉnh phê_duyệt quy_hoạch phát_triển vật_liệu xây_dựng của địa_phương . 

Điều 20 .  Nội_dung thẩm_định quy_hoạch chung 

1 . Tính xác_thực , độ tin_cậy của các thông_tin , số_liệu , tài_liệu về tiềm_năng tài_nguyên khoáng_sản như trữ_lượng , chất_lượng , vị_trí , phạm_vi của mỏ . 

2 . Sự phù_hợp của quy_hoạch với chiến_lược phát_triển kinh_tế-xã_hội ;  tính thống_nhất với các quy_hoạch khác liên_quan . 

3 . Mục_tiêu , quan_điểm , định_hướng thăm_dò khai_thác , chế_biến khoáng_sản , phát_triển vật_liệu xây_dựng theo từng giai_đoạn , các chỉ_tiêu phát_triển tổng_hợp , phương_án bố_trí hợp_lý các nguồn_lực , phương_án quy_hoạch . 

4 . Các giải_pháp và biện_pháp kinh_tế đồng_bộ để bảo_quản , duy_trì , khai_thác hiệu_quả các nguồn_lực . 

Mục 3 

QUY_HOẠCH PHÁT_TRIỂN 

SẢN_PHẨM VẬT_LIỆU XÂY_DỰNG CHỦ_YẾU 

Điều 21 .  Căn_cứ lập quy_hoạch phát_triển sản_phẩm vật_liệu xây_dựng chủ_yếu 

1 . Chiến_lược , quy_hoạch tổng_thể phát_triển kinh_tế-xã_hội của cả nước và các thông_tin liên_quan khác . 

2 . Các quy_hoạch chung phát_triển vật_liệu xây_dựng . 

3 . Các tài_liệu điều_tra thị_trường trong nước , khu_vực , thế_giới và các thông_tin liên_quan khác về các sản_phẩm liên_quan . 

Điều 22 .  Trình_tự_lập quy_hoạch phát_triển sản_phẩm vật_liệu xây_dựng chủ_yếu 

a ) Tổng_hợp các kết_quả điều_tra tiềm_năng khoáng_sản , các yếu_tố , nguồn_lực , điều_kiện phát_triển và tác_động của thị_trường trong nước , khu_vực , thế_giới đến quy_hoạch phát_triển sản_phẩm vật_liệu xây_dựng chủ_yếu được lập quy_hoạch ; 

b ) Phân_tích đánh_giá hiện_trạng sản_xuất , tính_toán cân_đối cung_cầu ; 

Điều 23 .  Nội_dung chính của quy_hoạch phát_triển sản_phẩm vật_liệu xây_dựng chủ_yếu 

1 . Mục_tiêu , quan_điểm , chiến_lược phát_triển sản_phẩm vật_liệu xây_dựng chủ_yếu . 

2 . Phân_tích , đánh_giá những thông_tin , số_liệu về tiềm_năng tài_nguyên khoáng_sản làm vật_liệu xây_dựng của cả nước về các sản_phẩm liên_quan và các nguồn_lực khác mà Việt_Nam có thế mạnh để phát_triển vật_liệu xây_dựng . 

3 . Dự_báo thị_trường vật_liệu xây_dựng trong nước , khu_vực và thế_giới , dự_báo xuất_nhập_khẩu về vật_liệu xây_dựng . 

4 . Xây_dựng các phương_pháp tính_toán nhu_cầu thị_trường theo các mốc thời_gian . 

5 . Đề_xuất các nguyên_tắc và các phương_án cân_đối_cung-cầu đối_với sản_phẩm vật_liệu xây_dựng chủ_yếu theo các mốc thời_gian . 

6 . Lựa_chọn các giải_pháp công_nghệ . 

7 . Dự_kiến danh_mục các dự_án đầu_tư , phương_án phân_bố đầu_tư , quy_mô đầu_tư và tiến_độ đầu_tư . 

8 . Tính_toán nhu_cầu vốn , lao_động . 

9 . Giải_pháp bảo_đảm cân_đối_cung-cầu . 

10 .  Trách_nhiệm của các cơ_quan liên_quan và các cơ_chế , chính_sách , cơ_chế phối_hợp liên_ngành , liên tỉnh để thực_hiện quy_hoạch . 

Điều 24 .  Hồ_sơ quy_hoạch phát_triển sản_phẩm vật_liệu xây_dựng chủ_yếu 

a ) Báo_cáo chính bao_gồm căn_cứ pháp_lý , thuyết_minh , tờ_trình phê_duyệt quy_hoạch kèm theo dự_thảo quyết_định phê_duyệt quy_hoạch ; 

b ) Các bản_đồ liên_quan đến từng sản_phẩm vật_liệu xây_dựng được lập quy_hoạch : Bản_đồ hiện_trạng sản_xuất ;  bản_đồ phương_án quy_hoạch ; 

d ) Các phụ_lục liên_quan : Phụ_lục về tài_nguyên khoáng_sản làm nguyên_liệu ;  Phụ_lục về các cơ_sở sản_xuất_hiện có , Phụ_lục về phương_pháp tính_toán nhu_cầu thị_trường và cân_đối_cung-cầu , Phụ_lục về tài_liệu điều_tra tình_hình thị_trường các nước khu_vực và thế_giới , dự_báo xuất_nhập_khẩu của sản_phẩm trong hội_nhập quốc_tế , Phụ_lục về danh_mục các dự_án dự_kiến đầu_tư theo các mốc thời_gian , địa_điểm , quy_mô công_suất . 

2 . Các nội_dung hồ_sơ quy_hoạch được lưu_trữ và bảo_quản . 

Điều 25 .  Trách_nhiệm lập quy_hoạch phát_triển sản_phẩm vật_liệu xây_dựng chủ_yếu 

Bộ Xây_dựng tổ_chức , chỉ_đạo lập quy_hoạch phát_triển sản_phẩm vật_liệu xây_dựng chủ_yếu : xi_măng , vật_liệu ốp_lát , kính xây_dựng , sứ vệ_sinh . 

Điều 26 .  Thẩm_định , phê_duyệt quy_hoạch phát_triển sản_phẩm vật_liệu xây_dựng chủ_yếu 

1 . Quy_hoạch phát_triển sản_phẩm vật_liệu xây_dựng chủ_yếu phải được Hội_đồng thẩm_định có thẩm_quyền thẩm_định trước khi trình cơ_quan có thẩm_quyền phê_duyệt . 

Bộ Xây_dựng tổ_chức Hội_đồng thẩm_định để thẩm_định các quy_hoạch phát_triển sản_phẩm vật_liệu xây_dựng chủ_yếu theo quy_định sau : 

a ) Hội_đồng thẩm_định quy_hoạch phát_triển xi_măng gồm các thành_phần theo quy_định tại điểm a khoản 2 Điều 19 Nghị_định này ; 

b ) Thành_phần Hội_đồng thẩm_định các quy_hoạch phát_triển : kính xây_dựng , vật_liệu ốp_lát , sứ vệ_sinh do Bộ Xây_dựng quyết_định . 

a ) Thủ_tướng Chính_phủ phê_duyệt quy_hoạch phát_triển xi_măng ; 

b ) Bộ_trưởng Bộ Xây_dựng phê_duyệt các quy_hoạch phát_triển : vật_liệu ốp_lát , kính xây_dựng , sứ vệ_sinh . 

Điều 27 .  Nội_dung thẩm_định quy_hoạch phát_triển sản_phẩm vật_liệu xây_dựng chủ_yếu 

1 . Cơ_sở pháp_lý , cơ_sở khoa_học , độ tin_cậy của các thông_tin , số_liệu , tài_liệu để xây_dựng quy_hoạch . 

3 . Mục_tiêu , quan_điểm , định_hướng phát_triển theo từng giai_đoạn của sản_phẩm vật_liệu xây_dựng chủ_yếu , các chỉ_tiêu phát_triển tổng_hợp , phương_án bố_trí hợp_lý các nguồn_lực và các nội_dung chính khác của quy_hoạch . 

4 . Phương_án cân_đối_cung-cầu của sản_phẩm vật_liệu xây_dựng chủ_yếu . 

5 . Danh_mục dự_án đầu_tư dự_kiến theo các mốc thời_gian , các phụ_lục liên_quan . 

6 . Các giải_pháp , biện_pháp thực_hiện phương_án quy_hoạch ;  các giải_pháp , biện_pháp đảm_bảo cân_đối_cung-cầu , bình_ổn thị_trường . 

Chương_III 

HOẠT_ĐỘNG SẢN_XUẤT KINH_DOANH VẬT_LIỆU XÂY_DỰNG 

Điều 28 .  Điều_kiện của cơ_quan , tổ_chức lập quy_hoạch phát_triển vật_liệu xây_dựng 

1 . Có chức_năng tư_vấn về vật_liệu xây_dựng theo quy_định của pháp_luật . 

2 . Có chủ_nhiệm dự_án quy_hoạch là kỹ_sư hoặc trình_độ tương_đương trở lên và có thời_gian tham_gia_công_tác quy_hoạch vật_liệu xây_dựng ít_nhất là năm ( 5 ) năm . 

Điều 29 .  Điều_kiện hoạt_động khai_thác khoáng_sản làm vật_liệu xây_dựng 

1 . Có Giấy_phép khai_thác khoáng_sản được cơ_quan nhà_nước có thẩm_quyền cấp . 

2 . Có dự_án đầu_tư đã được phê_duyệt ;  thiết_kế khai_thác mỏ được phê_duyệt . 

3 . Điều_kiện về năng_lực và công_nghệ : 

a ) Dự_án đầu_tư phải lựa_chọn công_nghệ tiên_tiến đảm_bảo sản_xuất ra sản_phẩm_chất_lượng cao , tiết_kiệm tài_nguyên , bảo_vệ môi_trường ; 

b ) Quy_mô , công_nghệ , thiết_bị khai_thác khoáng_sản làm vật_liệu xây_dựng phải phù_hợp với báo_cáo đầu_tư đã được phê_duyệt ;  phù_hợp với đặc_điểm của từng loại khoáng_sản để nâng cao tối_đa_hệ_số thu_hồi khoáng_sản chính , khoáng_sản đi kèm ; 

c ) Đối_với hoạt_động khai_thác phải có ban điều_hành dự_án theo quy_định của pháp_luật về khoáng_sản ; 

d ) Có đủ các điều_kiện để thực_hiện công_tác bảo_vệ môi_trường , môi_sinh , có phương_án hoàn_nguyên cho mỗi phân_kỳ khai_thác theo quy_định của pháp_luật về bảo_vệ môi_trường ; 

đ ) Có giải_pháp bảo_đảm an_toàn và vệ_sinh lao_động theo quy_định của pháp_luật về lao_động . 

4 . Đối_với các mỏ khoáng_sản nằm trên ranh_giới của các địa_phương thì các phương_án khai_thác phải được chính_quyền của các địa_phương liên_quan chấp_thuận về công_nghệ khai_thác đảm_bảo an_toàn , vệ_sinh môi_trường , tiết_kiệm tài_nguyên ;  công_suất , tiến_độ ;  phân_chia khu_vực cho các đối_tác cùng tham_gia đầu_tư khai_thác và các nghĩa_vụ liên_quan khác . 

5 . Trường_hợp khai_thác khoáng_sản không thuộc quy_hoạch thăm_dò , khai_thác , chế_biến , sử_dụng khoáng_sản làm vật_liệu xây_dựng và không thuộc diện dự_trữ tài_nguyên khoáng_sản quốc_gia cần phải tuân_thủ theo Giấy_phép khai_thác khoáng_sản được cơ_quan nhà_nước có thẩm_quyền cấp ; 

Điều 30 .  Yêu_cầu về chế_biến , sản_xuất vật_liệu xây_dựng 

1 . Phải tuân_thủ các quy_định của pháp_luật về môi_trường , pháp_luật lao_động và các pháp_luật liên_quan khác . 

Trường_hợp sử_dụng chất_thải làm nguyên_liệu , nhiên_liệu , phụ_gia để sản_xuất vật_liệu xây_dựng thì công_nghệ sản_xuất , kho_bãi lưu_giữ chất_thải , phương_tiện vận_chuyển phải đáp_ứng các quy_định về môi_trường . 

2 . Có bộ_máy nhân_lực được đào_tạo , đủ năng_lực vận_hành thiết_bị công_nghệ và kiểm_soát chất_lượng sản_phẩm . 

3 . Bộ Xây_dựng hướng_dẫn thực_hiện nội_dung quy_định tại khoản 2 Điều này đối_với các chuyên_ngành chế_biến , sản_xuất vật_liệu xây_dựng . 

Điều 31 .  Kinh_doanh vật_liệu xây_dựng 

1 . Kinh_doanh vật_liệu xây_dựng thực_hiện theo quy_định của pháp_luật về thương_mại . 

2 . Bộ Xây_dựng hướng_dẫn cụ_thể việc kinh_doanh vật_liệu xây_dựng . 

Điều 32 .  Điều_kiện về chất_lượng đối_với sản_phẩm vật_liệu xây_dựng đưa ra thị_trường 

1 . Sản_phẩm vật_liệu xây_dựng sản_xuất trong nước đưa ra thị_trường phải đáp_ứng các yêu_cầu sau : 

a ) Sản_phẩm vật_liệu xây_dựng phải đạt tiêu_chuẩn đã công_bố .  Đối_với sản_phẩm thuộc danh_mục phải tuân theo quy_chuẩn kỹ_thuật thì phải bảo_đảm chất_lượng theo quy_chuẩn kỹ_thuật ; 

b ) Những sản_phẩm vật_liệu xây_dựng chưa có tiêu_chuẩn quốc_gia thì nhà sản_xuất phải có trách_nhiệm công_bố tiêu_chuẩn áp_dụng và phải chịu trách_nhiệm về chất_lượng sản_phẩm do mình sản_xuất ; 

c ) Sản_phẩm vật_liệu xây_dựng có nhãn và nhãn phải bảo_đảm ghi đầy_đủ nội_dung theo quy_định của pháp_luật về nhãn hàng_hóa . 

2 . Sản_phẩm vật_liệu xây_dựng nhập_khẩu phải công_bố tiêu_chuẩn áp_dụng và đáp_ứng quy_định tại điểm c khoản 1 Điều này . 

Điều 33 .  Quyền và nghĩa_vụ của tổ_chức , cá_nhân hoạt_động khai_thác khoáng_sản làm vật_liệu xây_dựng 

1 . Quyền của tổ_chức , cá_nhân : 

Có các quyền theo quy_định của pháp_luật về khoáng_sản . 

2 . Nghĩa_vụ của tổ_chức , cá_nhân : 

a ) Thực_hiện các nghĩa_vụ theo quy_định của <L rel="Reference"> Luật Khoáng_sản </L> , <L rel="Reference"> Luật Bảo_vệ môi_trường </L> và các quy_định khác của pháp_luật ;
b ) Hoạt_động khai_thác phải phù_hợp với quyết_định phê_duyệt ; 

c ) Bảo_vệ , tiết_kiệm tài_nguyên khoáng_sản , bảo_vệ môi_trường và cảnh_quan trong và sau khi khai_thác ; 

d ) Bồi_thường thiệt_hại do hoạt_động khai_thác gây ra theo quy_định của pháp_luật ; 

đ ) Thực_hiện các quy_định về quản_lý hành_chính , trật_tự và an_toàn xã_hội và thực_hiện các nghĩa_vụ khác theo quy_định của pháp_luật ; 

e ) Tuân_thủ các quy_định về thanh_tra , kiểm_tra của cơ_quan nhà_nước có thẩm_quyền . 

Điều 34 .  Quyền và nghĩa_vụ của tổ_chức , cá_nhân chế_biến khoáng_sản , sản_xuất vật_liệu xây_dựng 

a ) Lựa_chọn , quyết_định về công_nghệ chế_biến khoáng_sản , sản_xuất vật_liệu xây_dựng theo quy_định của pháp_luật ; 

b ) Lựa_chọn , quyết_định và công_bố tiêu_chuẩn chất_lượng sản_phẩm vật_liệu xây_dựng do mình sản_xuất ; 

c ) Quyết_định về việc tổ_chức và các biện_pháp kiểm_soát nội_bộ về chất_lượng sản_phẩm và môi_trường theo tiêu_chuẩn chất_lượng và môi_trường ; 

d ) Quyết_định_giá và kinh_doanh sản_phẩm vật_liệu xây_dựng do mình sản_xuất . 

a ) Công_bố tiêu_chuẩn áp_dụng , chịu trách_nhiệm về chất_lượng sản_phẩm do mình sản_xuất ; 

b ) Thực_hiện đúng và đầy_đủ các nội_dung của quyết_định phê_duyệt đầu_tư ; 

c ) Thực_hiện đúng và đầy_đủ các nội_dung nêu trong báo_cáo đánh_giá tác_động môi_trường và các yêu_cầu của quyết_định phê_duyệt báo_cáo đánh_giá tác_động môi_trường hoặc các nội_dung ghi trong bản cam_kết bảo_vệ môi_trường và các quy_định khác của pháp_luật về bảo_vệ môi_trường và các quy_định tại Nghị_định này ; 

d ) Cung_cấp đầy_đủ thông_tin , hướng_dẫn sử_dụng , vận_chuyển , lưu_giữ , bảo_quản vật_liệu xây_dựng ; 

đ ) Ngừng sản_xuất ngay và có biện_pháp khắc_phục hậu_quả khi phát_hiện sản_phẩm vật_liệu xây_dựng không đạt tiêu_chuẩn chất_lượng và có nguy_cơ gây thiệt_hại cho người kinh_doanh và người sử_dụng ;  bồi_thường thiệt_hại cho người kinh_doanh và người sử_dụng do việc sử_dụng sản_phẩm vật_liệu xây_dựng không đạt tiêu_chuẩn chất_lượng gây ra ; 

e ) Tuân_thủ các quy_định về thanh_tra , kiểm_tra của cơ_quan nhà_nước có thẩm_quyền ; 

g ) Cung_cấp thông_tin về chất_lượng sản_phẩm , môi_trường cho các cơ_quan quản_lý có thẩm_quyền theo quy_định của pháp_luật . 

Điều 35 .  Quyền và nghĩa_vụ của tổ_chức , cá_nhân kinh_doanh vật_liệu xây_dựng 

a ) Có các quyền của thương_nhân kinh_doanh hàng_hóa theo quy_định của pháp_luật về thương_mại ; 

b ) Quyết_định về việc tổ_chức và các biện_pháp kiểm_soát nội_bộ về chất_lượng vật_liệu xây_dựng ; 

2 . Nghĩa_vụ của nhà xuất_khẩu vật_liệu xây_dựng : 

a ) Bảo_đảm chất_lượng vật_liệu xây_dựng phù_hợp với hợp_đồng thương_mại ; 

b ) Tuân_thủ các yêu_cầu về chất_lượng vật_liệu xây_dựng xuất_khẩu quy_định trong các điều_ước quốc_tế mà Việt_Nam cam_kết ; 

c ) Trường_hợp vật_liệu xây_dựng được tái_nhập để sử_dụng trong nước , nhà xuất_khẩu phải thực_hiện nghĩa_vụ như nhà_nhập_khẩu quy_định tại khoản 3 Điều này . 

3 . Nghĩa_vụ của nhà_nhập_khẩu vật_liệu xây_dựng : 

a ) Chịu trách_nhiệm về chất_lượng vật_liệu xây_dựng do mình nhập_khẩu ; 

b ) Tổ_chức và kiểm_soát quá_trình vận_chuyển , lưu_giữ , bảo_quản để duy_trì chất_lượng sản_phẩm và yêu_cầu về bảo_vệ môi_trường ; 

c ) Chịu trách_nhiệm việc tái_xuất vật_liệu xây_dựng nhập_khẩu không phù_hợp với quy_chuẩn kỹ_thuật ; 

d ) Vật_liệu xây_dựng nhập_khẩu không đảm_bảo quy_chuẩn kỹ_thuật nhưng không tái_xuất được và không tái_chế được thì nhà_nhập_khẩu phải tiêu_hủy trong thời_hạn quy_định và chịu toàn_bộ chi_phí cho việc tiêu_hủy ; 

đ ) Cung_cấp đầy_đủ thông_tin , các điều_kiện phải thực_hiện khi vận_chuyển , lưu_giữ , bảo_quản sản_phẩm vật_liệu xây_dựng cho người kinh_doanh và người sử_dụng ; 

4 . Nghĩa_vụ của người kinh_doanh vật_liệu xây_dựng : 

a ) Tuân_thủ các yêu_cầu về kinh_doanh vật_liệu xây_dựng theo quy_định tại Điều 31 Nghị_định này ; 

b ) Chịu trách_nhiệm đối_với sản_phẩm vật_liệu xây_dựng do mình bán ; 

c ) Tổ_chức và kiểm_soát quá_trình vận_chuyển , lưu_giữ , bảo_quản vật_liệu xây_dựng để duy_trì chất_lượng ; 

d ) Cung_cấp đầy_đủ thông_tin , các điều_kiện phải thực_hiện khi vận_chuyển , cất_giữ , bảo_quản sản_phẩm vật_liệu xây_dựng cho người mua ; 

đ ) Khi nhận được thông_tin về chất_lượng sản_phẩm vật_liệu xây_dựng không đạt tiêu_chuẩn chất_lượng quy_định từ nhà sản_xuất , nhà nhập_khẩu , phải kịp_thời cung_cấp đầy_đủ thông_tin này và biện_pháp xử_lý cho người mua ; 

e ) Tuân_thủ quy_hoạch mạng_lưới kinh_doanh vật_liệu xây_dựng có điều_kiện ở các đô_thị ( nếu có ) ; 

g ) Tuân_thủ các quy_định về thanh_tra , kiểm_tra của cơ_quan nhà_nước có thẩm_quyền . 

Chương_IV 

KIỂM_TRA , THANH_TRA VÀ XỬ_LÝ VI_PHẠM 

Điều 36 .  Kiểm_tra , thanh_tra các hoạt_động trong lĩnh_vực vật_liệu xây_dựng 

1 . Nội_dung kiểm_tra , thanh_tra : 

a ) Việc thực_hiện quy_hoạch vật_liệu xây_dựng ; 

b ) Hoạt_động khai_thác , chế_biến khoáng_sản , sản_xuất vật_liệu xây_dựng ; 

c ) Chất_lượng sản_phẩm vật_liệu xây_dựng sản_xuất trong nước , xuất_khẩu , nhập_khẩu và lưu_thông trên thị_trường ; 

d ) Sự đáp_ứng tiêu_chuẩn môi_trường của các cơ_sở sản_xuất , kinh_doanh vật_liệu xây_dựng ; 

đ ) Điều_kiện kinh_doanh vật_liệu xây_dựng . 

2 . Hình_thức kiểm_tra : 

a ) Kiểm_tra định_kỳ ; 

b ) Kiểm_tra đột_xuất khi có khiếu_nại , tố_cáo . 

3 . Hình_thức thanh_tra : 

a ) Thanh_tra theo kế_hoạch ; 

b ) Thanh_tra đột_xuất : trong trường_hợp có dấu_hiệu vi_phạm hoặc có khiếu_nại , tố_cáo . 

4 . Cơ_quan kiểm_tra , thanh_tra : 

a ) Bộ Xây_dựng tổ_chức kiểm_tra , thanh_tra việc thực_hiện các nội_dung quy_định tại khoản 1 Điều này ;  phối_hợp với Tổng_cục Hải_quan kiểm_tra chất_lượng sản_phẩm vật_liệu xây_dựng xuất_khẩu , nhập_khẩu ; 

b ) Ủy_ban nhân_dân cấp tỉnh chỉ_đạo các cơ_quan_chức_năng của tỉnh tổ_chức thực_hiện việc kiểm_tra , thanh_tra các hoạt_động trong lĩnh_vực vật_liệu xây_dựng theo thẩm_quyền trên phạm_vi địa_phương . 

Điều 37 .  Xử_lý vi_phạm 

1 . Tổ_chức , cá_nhân hoạt_động trong lĩnh_vực vật_liệu xây_dựng trên lãnh_thổ Việt_Nam có những hành_vi vi_phạm các quy_định của Nghị_định này tùy theo mức_độ sẽ bị xử_phạt vi_phạm hành_chính , nếu gây thiệt_hại thì phải bồi_thường hoặc truy_cứu trách_nhiệm hình_sự theo quy_định của pháp_luật . 

2 . Người lợi_dụng chức_vụ , quyền_hạn cản_trở các tổ_chức , cá_nhân hoạt_động hợp_pháp trong lĩnh_vực vật_liệu xây_dựng trên lãnh_thổ Việt_Nam hoặc trục_lợi cá_nhân sẽ bị xử_lý kỷ_luật , nếu gây thiệt_hại thì phải bồi_thường hoặc truy_cứu trách_nhiệm hình_sự theo quy_định của pháp_luật . 

Điều 38 .  Xử_lý các tồn_tại về công_nghệ sản_xuất được đầu_tư trước khi Nghị_định có hiệu_lực 

1 . Ủy_ban nhân_dân cấp tỉnh kiểm_tra , chỉ_đạo nhà sản_xuất xây_dựng phương_án tổng_thể hoàn_thiện công_nghệ và xử_lý môi_trường theo tiến_độ cụ_thể ;  phê_duyệt phương_án và giám_sát việc triển_khai thực_hiện phương_án đã được phê_duyệt ; 

2 . Trường_hợp không có phương_án khắc_phục thì phải chuyển_đổi sản_xuất , ứng_dụng công_nghệ tiên_tiến hơn hoặc ngừng sản_xuất . 

Chương_V 

TỔ_CHỨC THỰC_HIỆN 

Điều 39 .  Trách_nhiệm của Bộ Xây_dựng 

1 . Xây_dựng , ban_hành hoặc trình cơ_quan nhà_nước ban_hành , tổ_chức triển_khai thực_hiện các văn_bản quy_phạm pháp_luật về vật_liệu xây_dựng ;  xây_dựng quy_hoạch phát_triển , các chương_trình quốc_gia thuộc lĩnh_vực vật_liệu xây_dựng và hướng_dẫn thực_hiện về phân_kỳ thời_gian lập các loại quy_hoạch phát_triển vật_liệu xây_dựng ; 

2 . Xây_dựng và ban_hành các quy_chuẩn kỹ_thuật quốc_gia về vật_liệu xây_dựng ; 

3 . Thống_nhất quản_lý các hoạt_động thẩm_định , đánh_giá về công_nghệ sản_xuất và chất_lượng sản_phẩm vật_liệu xây_dựng ; 

4 . Các nhiệm_vụ khác đã được quy_định của pháp_luật liên_quan đến lĩnh_vực vật_liệu xây_dựng . 

Điều 40 .  Trách_nhiệm của các Bộ , ngành liên_quan 

Bộ Kế_hoạch và Đầu_tư , Bộ Tài_chính , Bộ Tài_nguyên và Môi_trường , Bộ Công_nghiệp , Bộ Giao_thông vận_tải , Bộ Thương_mại , Bộ Khoa_học và Công_nghệ và các Bộ , ngành khác theo chức_năng nhiệm_vụ được phân_công có trách_nhiệm phối_hợp với Bộ Xây_dựng thực_hiện quản_lý nhà_nước các hoạt_động trong lĩnh_vực vật_liệu xây_dựng và bảo_đảm tính đồng_bộ giữa phát_triển vật_liệu xây_dựng với phát_triển hạ_tầng kỹ_thuật . 

Điều 41 .  Trách_nhiệm của Ủy_ban nhân_dân cấp tỉnh 

1 . Ban_hành theo thẩm_quyền văn_bản quy_phạm pháp_luật về quản_lý các hoạt_động trong lĩnh_vực vật_liệu xây_dựng ; 

2 . Tổ_chức thực_hiện các văn_bản quy_phạm pháp_luật về quản_lý các hoạt_động trong lĩnh_vực vật_liệu xây_dựng ; 

3 . Theo_dõi , thống_kê , tổng_hợp tình_hình về hoạt_động trong lĩnh_vực vật_liệu xây_dựng tại địa_phương ; 

4 . Tuyên_truyền , phổ_biến và tổ_chức hướng_dẫn pháp_luật , cung_cấp thông_tin về lĩnh_vực vật_liệu xây_dựng tại địa_phương ; 

5 . Các nhiệm_vụ khác theo quy_định của pháp_luật . 

Điều 42 .  Hiệu_lực thi_hành 

1 . Nghị_định này có hiệu_lực thi_hành sau 15 ngày , kể từ ngày đăng Công_báo . 

2 . Các Bộ_trưởng , Thủ_trưởng cơ_quan ngang Bộ , Thủ_trưởng cơ_quan thuộc Chính_phủ , Chủ_tịch Ủy_ban nhân_dân các tỉnh , thành_phố trực_thuộc Trung_ương và tổ_chức , cá_nhân liên_quan chịu trách_nhiệm thi_hành Nghị_định này ./. 