Nghị định Quy định hình thức xử phạt trục xuất, biện pháp tạm giữ người, áp giải người vi phạm theo thủ tục hành chính và quản lý người nước ngoài vi phạm pháp luật Việt Nam trong thời gian làm thủ tục trục xuất

Căn_cứ <L rel="Pursuant"> Luật Tổ_chức Chính_phủ ngày 25 tháng 12 năm 2001 </L> ;
Căn_cứ <L rel="Pursuant"> Luật_Phòng , chống bạo_lực gia_đình ngày 21 tháng 11 năm 2007 </L> ;
Căn_cứ <L rel="Pursuant"> Luật Xử_lý vi_phạm hành_chính ngày 20 tháng 6 năm 2012 </L> ;
Điều 1 .  Phạm_vi điều_chỉnh 

1 . Đối_tượng , thẩm_quyền , thủ_tục tạm giữ , áp_giải người theo thủ_tục hành_chính , các trường_hợp áp_dụng biện_pháp tạm giữ , áp_giải người theo thủ_tục hành_chính và những quy_định khác có liên_quan đến việc áp_dụng biện_pháp tạm giữ , áp_giải người theo thủ_tục hành_chính . 

2 . Đối_tượng bị trục_xuất , thủ_tục áp_dụng hình_thức xử_phạt trục_xuất , biện_pháp quản_lý người vi_phạm trong thời_gian làm thủ_tục trục_xuất , quyền và nghĩa_vụ của người bị áp_dụng hình_thức xử_phạt trục_xuất và trách_nhiệm của các cơ_quan , tổ_chức trong việc tổ_chức thi_hành hình_thức xử_phạt trục_xuất . 

Điều 2 .  Đối_tượng áp_dụng 

1 . Người có hành_vi vi_phạm bị tạm giữ theo thủ_tục hành_chính trong các trường_hợp quy_định tại Điều 11 Nghị_định này . 

2 . Người nước_ngoài bị áp_dụng hình_thức xử_phạt trục_xuất quy_định tại các <NĐ rel="Reference"> Nghị_định xử_phạt vi_phạm hành_chính </NĐ> .
3 . Người có thẩm_quyền xử_phạt trục_xuất , người có thẩm_quyền áp_dụng các biện_pháp ngăn_chặn và bảo_đảm xử_lý vi_phạm hành_chính . 

4 . Các cơ_quan , tổ_chức khác có liên_quan đến việc áp_dụng hình_thức xử_phạt trục_xuất và các biện_pháp ngăn_chặn và bảo_đảm xử_lý vi_phạm hành_chính . 

Điều 3 .  Nguyên_tắc áp_dụng 

1 . Việc tạm giữ , áp_giải người theo thủ_tục hành_chính và áp_dụng hình_thức xử_phạt trục_xuất phải bảo_đảm đúng đối_tượng , đúng thủ_tục , thẩm_quyền và thời_hạn quy_định tại <L rel="Reference"> Luật xử_lý vi_phạm hành_chính </L> , Nghị_định này và các quy_định khác của pháp_luật có liên_quan .
2 . Nghiêm_cấm mọi hành_vi xâm_phạm đến tính_mạng , sức_khỏe , danh_dự , nhân_phẩm , tài_sản của người bị tạm giữ , áp_giải theo thủ_tục hành_chính và người bị áp_dụng hình_thức xử_phạt trục_xuất . 

3 . Trong mọi trường_hợp , việc tạm giữ , áp_giải người theo thủ_tục hành_chính , áp_dụng hình_thức xử_phạt trục_xuất phải có quyết_định bằng văn_bản của người có thẩm_quyền quy_định tại Điều 12 , Điều 25 , Điều 7 , Nghị_định này ;  phải giao cho người bị tạm giữ , áp_giải , người bị áp_dụng hình_thức xử_phạt trục_xuất một bản .  Người ra quyết_định áp_dụng biện_pháp tạm giữ , áp_giải người theo thủ_tục hành_chính , áp_dụng hình_thức xử_phạt trục_xuất phải chịu trách_nhiệm đối_với quyết_định của mình . 

Điều 4 .  Kinh_phí bảo_đảm 

1 . Kinh_phí bảo_đảm cho việc áp_dụng biện_pháp tạm giữ , áp_giải người theo thủ_tục hành_chính và áp_dụng hình_thức xử_phạt trục_xuất , bao_gồm : 

a ) Các khoản chi cho việc đầu_tư xây_dựng , sửa_chữa , nâng_cấp cơ_sở vật_chất tạm giữ ;  mua_sắm đồ_dùng , phương_tiện , vũ_khí , công_cụ hỗ_trợ và các điều_kiện khác phục_vụ cho việc tạm giữ , áp_giải người theo thủ_tục hành_chính ;  chi cho việc ăn_uống , khám , chữa bệnh cho người bị tạm giữ , chi_phí cho việc tổ_chức mai_táng khi người bị tạm giữ , áp_giải chết trong thời_gian bị tạm giữ , áp_giải đối_với trường_hợp bản_thân hoặc gia_đình họ không tự bảo_đảm được và các khoản chi_phí khác phục_vụ cho việc tạm giữ người theo thủ_tục hành_chính ; 

b ) Lập hồ_sơ đề_nghị áp_dụng hình_thức xử_phạt trục_xuất , quản_lý người nước_ngoài trong thời_gian làm thủ_tục trục_xuất , truy_tìm người bị trục_xuất bỏ trốn và thi_hành quyết_định trục_xuất . 

2 . Kinh_phí bảo_đảm cho việc áp_dụng biện_pháp tạm giữ , áp_giải người theo thủ_tục hành_chính và áp_dụng hình_thức xử_phạt trục_xuất do ngân_sách nhà_nước cấp . Việc lập , chấp_hành và quyết_toán kinh_phí từ nguồn ngân_sách nhà_nước thực_hiện theo quy_định của <L rel="Reference"> Luật ngân_sách nhà_nước </L> và các văn_bản hướng_dẫn thi_hành .
3 . Các khoản chi cho ăn , ở , khám , chữa bệnh tại cơ_sở lưu_trú quy_định tại Khoản 3 Điều 30 Nghị_định này và phương_tiện xuất_cảnh do người bị trục_xuất chi_trả .  Trong trường_hợp người bị trục_xuất không có khả_năng chi_trả thì Cục Quản_lý xuất nhập_cảnh Công_an cấp tỉnh ( nơi lập hồ_sơ quản_lý đối_tượng ) yêu_cầu cơ_quan đại_diện ngoại_giao , cơ_quan lãnh_sự của nước mà người đó là công_dân hoặc cơ_quan , tổ_chức , cá_nhân mời người nước_ngoài vào Việt_Nam chi_trả .  Trường_hợp cá_nhân , cơ_quan , tổ_chức nêu trên không có điều_kiện , khả_năng chi_trả thì Cục Quản_lý xuất nhập_cảnh Bộ Công_an hoặc Công_an cấp tỉnh nơi lập hồ_sơ quản_lý đối_tượng chi_trả từ nguồn ngân_sách nhà_nước . 

Điều 5 .  Thẩm_quyền áp_dụng hình_thức xử_phạt trục_xuất 

Người có thẩm_quyền quyết_định áp_dụng hình_thức xử_phạt trục_xuất theo thủ_tục hành_chính được thực_hiện theo quy_định tại Điểm đ Khoản 5 , Khoản 7 Điều 39 <L rel="Reference"> Luật xử_lý vi_phạm hành_chính </L> .
Điều 6 .  Trình_tự , thủ_tục lập hồ_sơ đề_nghị áp_dụng hình_thức xử_phạt trục_xuất 

1 . Cơ_quan phát_hiện vi_phạm xét thấy người nước_ngoài thực_hiện_hành_vi vi_phạm pháp_luật đủ điều_kiện áp_dụng hình_thức xử_phạt trục_xuất , phải gửi ngay tài_liệu , tang_vật , phương_tiện bị tạm giữ ( nếu có ) liên_quan đến vụ vi_phạm đến cơ_quan quản_lý xuất nhập_cảnh Công_an cấp tỉnh nơi người nước_ngoài đăng_ký thường_trú , tạm_trú hoặc nơi xảy ra hành_vi vi_phạm để lập hồ_sơ đề_nghị áp_dụng hình_thức xử_phạt trục_xuất .  Đối_với trường_hợp vi_phạm do cơ_quan ở Trung_ương , đơn_vị nghiệp_vụ thuộc Bộ Công_an phát_hiện thì hồ_sơ vi_phạm được gửi đến Cục Quản_lý xuất nhập_cảnh để lập hồ_sơ áp_dụng hình_thức xử_phạt trục_xuất . 

2 . Trong thời_hạn bảy ngày , kể từ ngày nhận được hồ_sơ vi_phạm , cơ_quan quản_lý xuất nhập_cảnh Công_an cấp tỉnh , phòng nghiệp_vụ thuộc Cục Quản_lý xuất nhập_cảnh có trách_nhiệm hoàn_chỉnh hồ_sơ đề_nghị áp_dụng hình_thức xử_phạt trục_xuất .  Hồ_sơ gồm có : 

a ) Tóm_tắt lý_lịch và hành_vi vi_phạm pháp_luật của người bị đề_nghị trục_xuất ; 

b ) Tài_liệu , chứng_cứ về hành_vi vi_phạm_pháp luật hành_chính ; 

c ) Các hình_thức xử_lý đã áp_dụng ( đối_với trường_hợp vi_phạm nhiều lần hoặc tái_phạm ) ; 

d ) Văn_bản đề_nghị trục_xuất . 

Điều 7 .  Quyết_định xử_phạt trục_xuất 

1 . Trong thời_hạn ba ngày , kể từ ngày nhận được báo_cáo đề_nghị trục_xuất của cơ_quan quản_lý xuất nhập_cảnh Công_an cấp tỉnh hoặc phòng nghiệp_vụ thuộc Cục Quản_lý xuất nhập_cảnh , chuyển đến Giám_đốc Công_an cấp tỉnh , Cục_trưởng Cục Quản_lý xuất nhập_cảnh xem_xét , ra quyết_định xử_phạt trục_xuất đối_với người nước_ngoài vi_phạm hành_chính .  Nếu không đủ điều_kiện áp_dụng hình_thức xử_phạt trục_xuất thì phải thông_báo ngay cho cơ_quan phát_hiện vi_phạm biết . 

2 . Quyết_định xử_phạt trục_xuất phải ghi rõ những nội_dung sau : 

a ) Ngày , tháng , năm ra quyết_định xử_phạt trục_xuất ; 

b ) Họ , tên , chức_vụ của người ra quyết_định xử_phạt trục_xuất ; 

c ) Họ , tên , ngày , tháng , năm_sinh , quốc_tịch , nghề_nghiệp , số hộ_chiếu/giấy_tờ thay_thế hộ_chiếu của người bị trục_xuất ; 

d ) Hành_vi vi_phạm hành_chính của người bị trục_xuất ; 

đ ) Điều_khoản của văn_bản quy_phạm pháp_luật được áp_dụng ;  hình_thức xử_phạt chính , hình_thức xử_phạt bổ_sung , các biện_pháp khắc_phục hậu_quả ( nếu có ) ; 

e ) Thời_gian thi_hành quyết_định xử_phạt trục_xuất ; 

g ) Nơi bị trục_xuất đến ; 

h ) Cửa_khẩu thi_hành quyết_định xử_phạt trục_xuất ; 

i ) Cơ_quan chịu trách_nhiệm tổ_chức thi_hành quyết_định xử_phạt trục_xuất ; 

k ) Nơi ở bắt_buộc của người nước_ngoài trong thời_gian làm thủ_tục trục_xuất ; 

l ) Chữ_ký của người ra quyết_định xử_phạt trục_xuất . 

3 . Quyết_định xử_phạt trục_xuất phải được gửi cho người bị trục_xuất và Bộ Ngoại_giao Việt_Nam , cơ_quan lãnh_sự , cơ_quan đại_diện ngoại_giao của nước mà người bị trục_xuất là công_dân hoặc nước mà người đó cư_trú cuối_cùng trước khi đến Việt_Nam trước khi thi_hành .  Quyết_định xử_phạt trục_xuất phải được thể_hiện bằng cả tiếng Việt và tiếng Anh . 

Điều 8 .  Quyền , nghĩa_vụ của người bị trục_xuất 

1 . Quyền của người bị trục_xuất : 

a ) Được biết lý_do bị trục_xuất , nhận quyết_định trục_xuất chậm nhất 48 giờ trước khi thi_hành ; 

b ) Được liên_hệ với cơ_quan đại_diện ngoại_giao , lãnh_sự của nước mà mình là công_dân để được bảo_vệ , trợ_giúp ; 

c ) Được thực_hiện các chế_độ quy_định tại Điều 31 Nghị_định này trong thời_gian chờ làm thủ_tục trục_xuất ; 

d ) Được mang theo tài_sản hợp_pháp của mình ra khỏi lãnh_thổ Việt_Nam ; 

đ ) Được khiếu_nại , tố_cáo theo quy_định của pháp_luật về giải_quyết khiếu_nại , tố_cáo . 

2 . Nghĩa_vụ của người bị trục_xuất : 

a ) Thực_hiện đầy_đủ các quy_định ghi trong quyết_định trục_xuất ; 

b ) Xuất_trình giấy_tờ tùy_thân theo yêu_cầu của cơ_quan quản_lý xuất nhập_cảnh ; 

c ) Tuân_thủ các quy_định của pháp_luật Việt_Nam , chịu sự quản_lý của cơ_quan Công_an trong thời_gian làm thủ_tục trục_xuất ; 

d ) Nhanh_chóng chấp_hành đầy_đủ các nghĩa_vụ về dân_sự , hành_chính , kinh_tế theo quy_định của pháp_luật ( nếu có ) . Trường_hợp không tự_nguyện chấp_hành , sẽ bị áp_dụng biện_pháp ngăn_chặn và bảo_đảm xử_lý vi_phạm hành_chính theo quy_định tại Chương I , Phần thứ_tư của <L rel="Reference"> Luật xử_lý vi_phạm hành_chính </L> ;
đ ) Hoàn_thành các thủ_tục cần_thiết để rời khỏi lãnh_thổ Việt_Nam . 

Điều 9 .  Hoãn thi_hành quyết_định xử_phạt trục_xuất 

1 . Người bị trục_xuất được hoãn thi_hành quyết_định xử_phạt trục_xuất trong những trường_hợp sau đây : 

a ) Bị bệnh nặng , phải cấp_cứu hoặc vì lý_do sức_khỏe khác không_thể thực_hiện được quyết_định xử_phạt trục_xuất có chứng_nhận của bệnh_viện hoặc trung_tâm y_tế từ cấp huyện trở lên hoặc các trường_hợp bất_khả_kháng khác ; 

b ) Phải thực_hiện nghĩa_vụ về dân_sự , hành_chính , kinh_tế theo quy_định của pháp_luật . 

2 . Trên_cơ_sở đề_nghị của cơ_quan quản_lý xuất nhập_cảnh Công_an cấp tỉnh , Giám_đốc Công_an cấp tỉnh xem_xét , ra quyết_định hoãn thi_hành quyết_định xử_phạt trục_xuất . 

3 . Trên_cơ_sở đề_nghị của trưởng_phòng nghiệp_vụ thuộc Cục Quản_lý xuất nhập_cảnh , Cục_trưởng Cục Quản_lý xuất nhập_cảnh xem_xét , ra quyết_định hoãn thi_hành quyết_định xử_phạt trục_xuất . 

4 . Khi điều_kiện hoãn không còn thì quyết_định xử_phạt trục_xuất được tiếp_tục thi_hành . 

Điều 10 .  Hồ_sơ thi_hành quyết_định xử_phạt trục_xuất 

1 . Hồ_sơ thi_hành quyết_định xử_phạt trục_xuất , bao_gồm : 

a ) Quyết_định xử_phạt trục_xuất theo thủ_tục hành_chính ; 

b ) Bản_sao hộ_chiếu hoặc bản_sao giấy_tờ tùy_thân khác thay hộ_chiếu của người bị trục_xuất ; 

c ) Giấy_tờ chứng_nhận đã chấp_hành xong các nghĩa_vụ khác ( nếu có ) ; 

d ) Các tài_liệu khác có liên_quan . 

2 . Cơ_quan quản_lý xuất nhập_cảnh Công_an cấp tỉnh hoặc phòng nghiệp_vụ thuộc Cục Quản_lý xuất nhập_cảnh Bộ Công_an có trách_nhiệm lập hồ_sơ theo quy_định tại Khoản 1 Điều này . 

Điều 11 .  Tạm giữ người theo thủ_tục hành_chính 

1 . Gây_rối trật_tự công_cộng . 

2 . Gây thương_tích cho người khác . 

3 . Người có hành_vi vi_phạm_quy_định tại Khoản 5 Điều 20 <L rel="Reference"> Luật_phòng , chống bạo_lực gia_đình </L> và Khoản 1 Điều 12 <NĐ rel="Reference"> Nghị_định số 08/2009/NĐ-CP ngày 04 tháng 02 năm 2009 </NĐ> quy_định chi_tiết và hướng_dẫn thi_hành một_số điều của <L rel="Others"> Luật_phòng , chống bạo_lực gia_đình </L> .
Điều 12 .  Thẩm_quyền tạm giữ 

Những người có thẩm_quyền quyết_định việc tạm giữ người theo thủ_tục hành_chính được thực_hiện theo quy_định tại Điều 123 <L rel="Reference"> Luật xử_lý vi_phạm hành_chính </L> .
Điều 13 .  Quyết_định tạm giữ người theo thủ_tục hành_chính 

1 . Trường_hợp có đủ căn_cứ và xét thấy cần_thiết phải áp_dụng biện_pháp tạm giữ người theo thủ_tục hành_chính đối_với người đã thực_hiện_hành_vi vi_phạm pháp_luật thì người có thẩm_quyền phải ra ngay quyết_định tạm giữ người theo thủ_tục hành_chính . 

Quyết_định tạm giữ người theo thủ_tục hành_chính phải ghi rõ số quyết_định ;  giờ , phút , ngày , tháng , năm ra quyết_định ;  họ , tên , cấp_bậc , chức_vụ , cơ_quan , đơn_vị của người ra quyết_định ;  căn_cứ ra quyết_định tạm giữ , điều , khoản văn_bản pháp_luật được áp_dụng ;  lý_do tạm giữ ;  họ , tên , ngày , tháng , năm_sinh , nơi sinh , nơi đăng_ký thường_trú ( hoặc tạm_trú ) , nghề_nghiệp , nơi công_tác , học_tập , số Chứng_minh nhân_dân của người bị tạm giữ ;  họ , tên bố , mẹ hoặc người giám_hộ của người bị tạm giữ ( nếu là người chưa thành_niên ) ;  quốc_tịch , số hộ_chiếu hoặc giấy_tờ có giá_trị thay_thế hộ_chiếu ( nếu người bị tạm giữ là người nước_ngoài ) ;  thời_hạn tạm giữ ;  nơi tạm giữ ;  quyền khiếu_nại , tố_cáo , khởi_kiện về việc ra quyết_định tạm giữ và việc thực_hiện biện_pháp này theo quy_định của pháp_luật ;  ký_tên , đóng_dấu cơ_quan của người ra quyết_định tạm giữ .  Quyết_định tạm giữ được lập thành hai bản , giao một bản cho người bị tạm giữ , một bản lưu vào hồ_sơ . 

2 . Trong trường_hợp cần kéo_dài thời_gian tạm giữ thì trước khi hết hạn tạm giữ ghi trong quyết_định , người có thẩm_quyền tạm giữ ra quyết_định kéo_dài thời_gian tạm giữ .  Nội_dung quyết_định phải ghi rõ số quyết_định , giờ , phút , ngày , tháng , năm ra quyết_định , căn_cứ ra quyết_định , điều , khoản văn_bản pháp_luật được áp_dụng ;  họ , tên , chức_vụ , cấp_bậc , cơ_quan , đơn_vị của người ra quyết_định ;  họ , tên , địa_chỉ , số Chứng_minh nhân_dân của người bị kéo_dài thời_gian tạm giữ ;  nơi tạm giữ ;  lý_do , thời_hạn kéo_dài thời_gian tạm giữ ;  quyền khiếu_nại , tố_cáo , khởi_kiện đối_với quyết_định kéo_dài thời_gian tạm giữ của người bị tạm giữ theo quy_định của pháp_luật và ký_tên , đóng_dấu cơ_quan của người ra quyết_định .  Quyết_định kéo_dài thời_gian tạm giữ phải được lập thành hai bản , một bản giao cho người bị tạm giữ , một bản lưu hồ_sơ . 

3 . Trường_hợp chưa hết thời_hạn ghi trong quyết_định tạm giữ , nhưng căn_cứ để tạm giữ người đã chấm_dứt thì người ra quyết_định tạm giữ phải ra quyết_định chấm_dứt ngay việc tạm giữ người theo thủ_tục hành_chính .  Quyết_định phải được giao cho người đã bị tạm giữ một bản , một bản lưu hồ_sơ và phải ghi vào_sổ theo_dõi người bị tạm giữ hành_chính . 

Nội_dung quyết_định chấm_dứt việc tạm giữ người theo thủ_tục hành_chính phải ghi rõ số quyết_định , giờ , phút , ngày , tháng , năm ra quyết_định , căn_cứ ra quyết_định ;  họ , tên , chức_vụ , cấp_bậc , cơ_quan , đơn_vị của người ra quyết_định ;  họ , tên , địa_chỉ , số Chứng_minh nhân_dân hoặc hộ_chiếu hay các giấy_tờ khác có giá_trị thay_thế hộ_chiếu của người được chấm đứt việc bị tạm giữ ;  lý_do chấm_dứt việc tạm giữ , điều , khoản văn_bản pháp_luật được áp_dụng và ký_tên , đóng_dấu cơ_quan của người ra quyết_định chấm_dứt việc tạm giữ . 

4 . Khi có căn_cứ cho rằng hành_vi vi_phạm pháp_luật của người bị tạm giữ theo thủ_tục hành_chính có dấu_hiệu tội_phạm , thì người ra quyết_định tạm giữ phải chuyển ngay hồ_sơ và người bị tạm giữ kèm theo tang_vật , phương_tiện vi_phạm ( nếu có ) cho cơ_quan tiến_hành tố_tụng_hình_sự có thẩm_quyền để giải_quyết theo quy_định của pháp_luật . 

Điều 14 .  Thời_hạn tạm giữ 

1 . Thời_hạn tạm giữ người theo thủ_tục hành_chính được thực_hiện theo quy_định tại Khoản 3 Điều 122 <L rel="Reference"> Luật xử_lý vi_phạm hành_chính </L> .
2 . Thời_hạn tạm giữ phải được ghi cụ_thể trong quyết_định tạm giữ người theo thủ_tục hành_chính , tạm giữ trong thời_gian bao_nhiêu giờ ;  bắt_đầu_từ giờ nào đến giờ nào của ngày , tháng , năm ra quyết_định tạm giữ . 

3 . Trong mọi trường_hợp , việc tạm giữ người theo thủ_tục hành_chính phải có quyết_định bằng văn_bản của người có thẩm_quyền .  Nghiêm_cấm việc tùy_tiện tạm giữ người không có quyết_định bằng văn_bản . 

4 . Khi hết thời_hạn tạm giữ người theo thủ_tục hành_chính hoặc thuộc trường_hợp quy_định tại Khoản 3 Điều 13 Nghị_định này , người ra quyết_định tạm giữ phải chấm_dứt ngay việc tạm giữ đối_với người bị tạm giữ và phải ghi vào_sổ theo_dõi tạm giữ hành_chính , có chữ_ký xác_nhận của người bị tạm giữ .  Trường_hợp người bị tạm giữ từ_chối ký xác_nhận thì người ra quyết_định tạm giữ phải lập biên_bản hoặc phân_công cho người đang trực_tiếp thi_hành nhiệm_vụ tiến_hành lập biên_bản và ghi rõ lý_do vào biên_bản , biên_bản phải có chữ_ký của người chứng_kiến ( nếu có ) , người lập biên_bản , người đã ra quyết_định tạm giữ . 

Điều 15 .  Thông_báo quyết_định tạm giữ 

1 . Ngay sau khi ra quyết_định tạm giữ , theo yêu_cầu của người bị tạm giữ , người ra quyết_định tạm giữ phải thông_báo bằng văn_bản , điện_thoại , fax hoặc các phương_tiện thông_tin khác về quyết_định tạm giữ người theo thủ_tục hành_chính cho gia_đình , cơ_quan , tổ_chức nơi làm_việc , học_tập của người bị tạm giữ biết .  Nếu không_thể thông_báo được thì phải báo cho người bị tạm giữ biết và ghi vào_sổ theo_dõi người bị tạm giữ hành_chính . 

2 . Trong trường_hợp tạm giữ người chưa thành_niên vi_phạm hành_chính vào ban_đêm hoặc tạm giữ họ trên 6 giờ thì người ra quyết_định tạm giữ phải thông_báo ngay cho cha , mẹ hoặc người giám_hộ của họ biết .  Trường_hợp không xác_định được cha , mẹ , người giám_hộ hoặc vì lý_do khách_quan mà không_thể thông_báo được thì phải báo ngay cho người bị tạm giữ biết và phải ghi rõ lý_do vào_sổ theo_dõi người bị tạm giữ hành_chính . 

3 . Trường_hợp người bị tạm giữ là người nước_ngoài thì người ra quyết_định tạm giữ phải báo_cáo ngay với thủ_trưởng cơ_quan có thẩm_quyền cấp trên biết để thông_báo cho Bộ Ngoại_giao ( các tỉnh , thành_phố trực_thuộc Trung_ương từ Thừa_Thiên_Huế trở ra thông_báo cho Cục Lãnh_sự , các tỉnh , thành_phố trực_thuộc Trung_ương còn lại thông_báo cho Sở Ngoại_vụ thành_phố Hồ_Chí_Minh ) để thông_báo cho cơ_quan đại_diện ngoại_giao hoặc lãnh_sự của nước mà người đó là công_dân biết ;  đồng_thời , phối_hợp với Bộ Ngoại_giao thu_xếp cho đại_diện của cơ_quan đại_diện ngoại_giao hoặc lãnh_sự của nước đó thăm gặp lãnh_sự nếu có yêu_cầu và phối_hợp xử_lý các vấn_đề đối_ngoại khác có liên_quan . 

Điều 16 .  Tiếp_nhận người bị tạm giữ 

1 . Khi tiếp_nhận người bị tạm giữ , người có trách_nhiệm quản_lý người bị tạm giữ phải kiểm_tra , đối_chiếu quyết_định tạm giữ với người bị tạm giữ ;  kiểm_tra tư_trang , đồ_vật của người bị tạm giữ được phép mang theo ;  vào_sổ theo_dõi tạm giữ theo quy_định ;  phổ_biến quyền và nghĩa_vụ của người bị tạm giữ , nội_quy nơi tạm giữ và những quy_định khác có liên_quan để họ chấp_hành . 

2 . Trường_hợp người bị tạm giữ không tự_giác chấp_hành các quy_định về tạm giữ thì áp_dụng các biện_pháp cưỡng_chế cần_thiết theo quy_định của pháp_luật về phòng_ngừa , ngăn_chặn và xử_lý hành_vi chống người thi_hành công_vụ để buộc họ phải chấp_hành . 

Điều 17 .  Hồ_sơ tạm giữ 

1 . Cơ_quan , đơn_vị có thẩm_quyền tạm giữ người vi_phạm hành_chính phải có hồ_sơ , sổ_sách theo_dõi việc quản_lý người vi_phạm hành_chính theo quy_định của pháp_luật . 

2 . Mọi vấn_đề có liên_quan đến việc tạm giữ người theo thủ_tục hành_chính phải được ghi đầy_đủ vào hồ_sơ tạm giữ người vi_phạm hành_chính theo quy_định của pháp_luật . 

Điều 18 .  Quyền và nghĩa_vụ của người bị tạm giữ 

1 . Người bị tạm giữ có quyền : 

a ) Được thông_báo về việc bị áp_dụng biện_pháp tạm giữ người theo thủ_tục hành_chính ; 

b ) Yêu_cầu người ra quyết_định tạm giữ thông_báo cho gia_đình , tổ_chức nơi làm_việc , học_tập biết việc mình bị tạm giữ theo quy_định tại Điều 15 Nghị_định này ; 

c ) Được biết lý_do tạm giữ , thời_hạn tạm giữ và địa_điểm bị tạm giữ ;  khiếu_nại về việc tạm giữ ; 

d ) Được bảo_đảm tiêu_chuẩn ăn_uống quy_định tại Điều 22 Nghị_định này ; 

đ ) Được điều_trị , chăm_sóc y_tế khi bị bệnh theo quy_định tại Điều 23 Nghị_định này . 

2 . Người bị tạm giữ có nghĩa_vụ : 

a ) Chấp_hành nghiêm_chỉnh quyết_định tạm giữ , nội_quy , quy_định của nơi tạm giữ ; 

b ) Tuân_thủ yêu_cầu , mệnh_lệnh của người ra quyết_định tạm giữ và người được giao nhiệm_vụ quản_lý , bảo_vệ nơi tạm giữ ; 

c ) Khai_báo thành_khẩn những hành_vi vi_phạm pháp_luật của mình và của những người khác có liên_quan ; 

d ) Không được đưa vào nơi tạm giữ vũ_khí , vật_liệu nổ , công_cụ hỗ_trợ , điện_thoại_di_động , văn_hóa_phẩm độc_hại , rượu_bia và các chất gây nghiện khác hoặc các vật_dụng có_thể ảnh_hưởng đến trật_tự , an_toàn nơi tạm giữ . 

Điều 19 .  Nơi tạm giữ 

1 . Nơi tạm giữ người theo thủ_tục hành_chính là nhà tạm giữ hành_chính hoặc buồng tạm giữ hành_chính được bố_trí tại trụ_sở cơ_quan , đơn_vị nơi làm_việc của người có thẩm_quyền ra quyết_định tạm giữ người vi_phạm hành_chính .  Trường_hợp không có nhà tạm giữ hành_chính hoặc buồng tạm giữ hành_chính thì có_thể tạm giữ tại phòng trực_ban hoặc phòng khác tại nơi làm_việc , nhưng phải đảm_bảo các quy_định chung .  Nghiêm_cấm việc giữ người vi_phạm hành_chính trong các phòng tạm giữ hình_sự , phòng tạm giam hình_sự hoặc những nơi không bảo_đảm vệ_sinh , an_toàn cho người bị tạm giữ . 

Nhà tạm giữ hành_chính hoặc buồng tạm giữ hành_chính phải có khóa cửa , bảo_đảm ánh_sáng , thoáng mát , vệ_sinh và an_toàn về phòng cháy , chữa_cháy , thuận_tiện cho việc trông_coi , bảo_vệ .  Người bị tạm giữ qua đêm phải được bố_trí giường hoặc sàn nằm và phải có chiếu , chăn , màn ;  chỗ nằm tối_thiểu cho mỗi người là 2 m2 . 

2 . Cơ_quan có chức_năng phòng , chống vi_phạm pháp_luật thường_xuyên phải tạm giữ người vi_phạm hành_chính cần bố_trí , thiết_kế , xây_dựng nhà tạm giữ hành_chính hoặc buồng tạm giữ hành_chính riêng , trong đó cần có nơi tạm giữ riêng cho người chưa thành_niên , phụ_nữ hoặc người nước_ngoài và phải có cán_bộ chuyên_trách quản_lý , bảo_vệ . 

Hình_thức , quy_mô của nơi tạm giữ người vi_phạm hành_chính phải căn_cứ vào tính_chất , đặc_điểm , điều_kiện , lưu_lượng người bị tạm giữ , yêu_cầu thực_tế của việc tạm giữ người vi_phạm hành_chính trong từng ngành , lĩnh_vực , địa_bàn cụ_thể để bố_trí , thiết_kế , xây_dựng cho phù_hợp . 

3 . Đối_với tàu_bay , tàu_biển , tàu_hỏa khi đã rời sân_bay , bến cảng , nhà_ga thì tùy theo điều_kiện và đối_tượng vi_phạm cụ_thể , người chỉ_huy tàu_bay , thuyền_trưởng , trưởng tàu quyết_định nơi tạm giữ và phân_công người thực_hiện việc tạm giữ . 

4 . Bộ_trưởng Bộ Công_an căn_cứ vào quy_định của <L rel="Reference"> Luật xử_lý vi_phạm hành_chính </L> và quy_định của Nghị_định này chịu trách_nhiệm về việc tổ_chức , bố_trí nơi tạm giữ và chỉ_đạo thiết_kế , xây_dựng nơi tạm giữ hành_chính .
Điều 20 .  Quản_lý người bị tạm giữ 

1 . Thường_xuyên giám_sát , bảo_vệ , trông_coi người bị tạm giữ , nếu thấy người bị tạm giữ có biểu_hiện về tâm_lý , sức_khỏe , hành_vi không bình_thường , cũng như phát_hiện những tình_tiết có liên_quan đến vụ_việc vi_phạm hoặc những vi_phạm của người khác , thì phải có trách_nhiệm báo_cáo ngay với người ra quyết_định tạm giữ để có biện_pháp xử_lý kịp_thời . 

Trường_hợp phát_hiện người bị tạm giữ cất_giấu vũ_khí , vật_liệu nổ , công_cụ hỗ_trợ , tang_vật , phương_tiện vi_phạm thì phải lập biên_bản tạm giữ vũ_khí , vật_liệu nổ , công_cụ hỗ_trợ , tang_vật , phương_tiện vi_phạm hành_chính đó .  Nếu người bị tạm giữ có thương_tích hoặc tình_trạng sức_khỏe không bình_thường thì phải lập biên_bản về tình_trạng sức_khỏe của người bị tạm giữ , đồng_thời , phải báo_cáo ngay với người ra quyết_định tạm giữ biết để có biện_pháp xử_lý kịp_thời . 

2 . Tư_trang , tài_sản của người bị tạm giữ phải được ký_gửi tại nơi tạm giữ .  Việc giao , nhận tư_trang , tài_sản ký_gửi phải được ghi đầy_đủ , cụ_thể vào_sổ theo_dõi tạm giữ và phải có chữ_ký của người bị tạm giữ .  Trường_hợp tư_trang , tài_sản ký_gửi có số_lượng nhiều hoặc có giá_trị lớn thì phải lập biên_bản giao_nhận riêng , trong đó phải ghi đầy_đủ , cụ_thể số_lượng , chủng_loại , ký_hiệu , hình_thức và tình_trạng đồ_vật , cũng như những vấn_đề khác có liên_quan .  Biên_bản phải được lập thành hai bản , phải có chữ_ký của người bị tạm giữ , người nhận giữ tài_sản và giao cho người bị tạm giữ một bản .  Khi hết thời_hạn tạm giữ hoặc chuyển đi nơi khác , người bị tạm giữ được nhận lại đầy_đủ tài_sản đã ký_gửi .  Nếu người nhận giữ tư_trang , tài_sản làm mất_mát , hư_hỏng phải bồi_thường theo quy_định của pháp_luật . 

Điều 21 .  Giao , nhận người có hành_vi vi_phạm hành_chính 

1 . Người có thẩm_quyền tạm giữ phải lập biên_bản giao , nhận người có hành_vi vi_phạm hành_chính với tổ_chức , cá_nhân dẫn_giải người vi_phạm đó đến hoặc phân_công cho người đang thi_hành nhiệm_vụ tiến_hành lập biên_bản giao , nhận . 

2 . Biên_bản giao , nhận người có hành_vi vi_phạm hành_chính phải ghi rõ giờ , phút , ngày , tháng , năm , địa_điểm lập biên_bản ;  họ , tên , chức_vụ , địa_chỉ của cá_nhân , tổ_chức bên giao , bên nhận ;  họ , tên , địa_chỉ , số Chứng_minh nhân_dân hoặc giấy_tờ tùy_thân khác của người có hành_vi vi_phạm ;  hành_vi vi_phạm ;  thời_gian , địa_điểm thực_hiện_hành_vi vi_phạm ;  tình_trạng sức_khỏe , thái_độ của người có hành_vi vi_phạm , tang_vật , tài_sản của họ ( nếu có ) và những tình_tiết khác có liên_quan đến việc giao , nhận người vi_phạm ;  trường_hợp có người làm_chứng , người bị thiệt_hại thì phải ghi rõ nội_dung sự_việc mà họ được làm_chứng , những thiệt_hại do người có hành_vi vi_phạm gây ra ;  họ , tên , địa_chỉ của người làm_chứng , người bị thiệt_hại .  Biên_bản phải có chữ_ký của bên giao , bên nhận và của người có hành_vi vi_phạm , người bị thiệt_hại , người làm_chứng ( nếu có ) ;  người có thẩm_quyền tạm giữ người theo thủ_tục hành_chính ký_tên vào biên_bản giao , nhận người vi_phạm .  Trường_hợp người vi_phạm , người bị thiệt_hại , người làm_chứng từ_chối ký thì người lập biên_bản phải ghi rõ lý_do vào biên_bản . 

Biên_bản giao , nhận người có hành_vi vi_phạm hành_chính phải lập thành hai bản và đọc cho mọi người tham_gia ký biên_bản nghe ;  bên nhận , bên giao mỗi bên giữ một bản . 

3 . Ngay sau khi hành_vi vi_phạm hành_chính bị phát_hiện , ngăn_chặn và đã lập biên_bản về hành_vi vi_phạm hoặc sau khi lập biên_bản giao , nhận người có hành_vi vi_phạm hành_chính , nếu xét thấy phải tạm giữ người theo thủ_tục hành_chính thì người có thẩm_quyền tạm giữ người theo thủ_tục hành_chính phải ra ngay quyết_định tạm giữ . 

Trường_hợp không đủ căn_cứ hoặc không cần_thiết phải áp_dụng biện_pháp tạm giữ người theo thủ_tục hành_chính thì phải trả tự_do ngay cho người đó và trả lại toàn_bộ phương_tiện , tài_sản , giấy_tờ ( nếu có ) cho họ nếu các phương_tiện , tài_sản , giấy_tờ này không thuộc diện bị áp_dụng biện_pháp tạm giữ tang_vật , phương_tiện vi_phạm hành_chính . 

Điều 22 .  Chế_độ ăn_uống của người bị tạm giữ 

1 . Trường_hợp người bị tạm giữ hoặc gia_đình họ không_thể tự đảm_bảo được , thì cơ_quan , đơn_vị của người có thẩm_quyền quyết_định tạm giữ có trách_nhiệm bảo_đảm chế_độ ăn_uống cho người bị tạm giữ theo tiêu_chuẩn định_lượng mỗi người một ngày là 0,6 kg gạo_tẻ thường , 0,1 kg thịt lợn loại thường , 0,5 kg rau xanh , 01 lít nước uống được đun sôi để nguội , nước_mắm , muối , chất_đốt phù_hợp .  Chế_độ này do ngân_sách nhà_nước cấp và được quy ra tiền theo thời_giá thị_trường ở từng địa_phương trong từng thời_điểm . 

2 . Trường_hợp bị tạm giữ trong các ngày Tết_Nguyên_đán hoặc tình_trạng sức_khỏe của người bị tạm giữ không bảo_đảm và theo chỉ_định của bác_sĩ , thì người bị tạm giữ được ăn thêm nhưng mức ăn ( bao_gồm cả ăn thêm ) không quá năm lần tiêu_chuẩn ăn ngày thường ;  bị tạm giữ trong ngày lễ hoặc ngày Tết dương_lịch , thì người bị tạm giữ được ăn thêm , nhưng không quá ba lần tiêu_chuẩn ăn ngày thường . 

Cơ_quan nơi tạm giữ có_thể quyết_định hoán_đổi định_lượng ăn nêu trên cho phù_hợp với thực_tế và khẩu_vị của người bị tạm giữ để bảo_đảm họ được ăn hết tiêu_chuẩn . 

3 . Cơ_quan , đơn_vị có chức_năng tạm giữ người theo thủ_tục hành_chính phải mở sổ_sách để theo_dõi , thanh , quyết_toán chế_độ ăn_uống của người bị tạm giữ theo quy_định của pháp_luật . 

Điều 23 .  Trường_hợp người bị tạm giữ bị bệnh hoặc chết trong thời_gian tạm giữ 

1 . Người đang bị tạm giữ mà bị bệnh , được điều_trị tại_chỗ ;  trường_hợp bệnh nặng hoặc phải cấp_cứu thì cơ_quan , đơn_vị nơi tạm giữ có trách_nhiệm đưa họ đến cơ_sở y_tế và báo ngay cho gia_đình , thân_nhân của họ biết để chăm_sóc ;  trường_hợp thân_nhân , gia_đình của họ có đơn đề_nghị xin đưa về nhà để chăm_sóc và xét thấy không thật cần_thiết phải tiếp_tục tạm giữ thì người có thẩm_quyền tạm giữ có_thể quyết_định chấm_dứt việc tạm giữ trước thời_hạn và cho họ về gia_đình để chữa bệnh ;  trường_hợp người bị tạm giữ không có nơi cư_trú nhất_định hoặc gia_đình , thân_nhân của họ ở xa không kịp đến để chăm_sóc , thì cơ_quan , đơn_vị nơi tạm giữ họ trực_tiếp đảm_nhiệm việc chăm_sóc . 

2 . Trường_hợp người bị tạm giữ chết trong thời_gian bị tạm giữ , thì người ra quyết_định tạm giữ phải báo ngay cho cơ_quan điều_tra , viện kiểm_sát có thẩm_quyền để giải_quyết theo quy_định của pháp_luật , đồng_thời , thông_báo cho gia_đình , thân_nhân của người chết biết .  Trường_hợp người chết là người nước_ngoài thì người ra quyết_định tạm giữ phải báo_cáo ngay với cơ_quan có thẩm_quyền cấp trên biết để thông_báo ngay cho Bộ Ngoại_giao hoặc cơ_quan nhà_nước có thẩm_quyền phối_hợp với cơ_quan đại_diện ngoại_giao hoặc cơ_quan đại_diện lãnh_sự của nước mà người chết có quốc_tịch để phối_hợp giải_quyết . 

3 . Gia_đình người chết có trách_nhiệm mai_táng người chết .  Trường_hợp người chết không có gia_đình , thì việc mai_táng do cơ_quan , đơn_vị nơi tạm giữ phối_hợp với chính_quyền địa_phương nơi tạm giữ giải_quyết mai_táng ;  kinh_phí mai_táng trong trường_hợp này do ngân_sách nhà_nước đảm_nhiệm theo quy_định của pháp_luật . 

Mục 2 

THẨM_QUYỀN , THỦ_TỤC ÁP_GIẢI NGƯỜI THEO THỦ_TỤC HÀNH_CHÍNH 

Điều 24 .  Áp_giải người vi_phạm 

1 . Người vi_phạm không tự_nguyện chấp_hành yêu_cầu của người có thẩm_quyền thì bị áp_giải trong các trường_hợp sau đây : 

a ) Bị tạm giữ người theo thủ_tục hành_chính ; 

b ) Đưa trở_lại trường_giáo_dưỡng , cơ_sở giáo_dục bắt_buộc , cơ_sở cai_nghiện bắt_buộc theo quy_định tại Khoản 2 Điều 132 <L rel="Reference"> Luật xử_lý vi_phạm hành_chính </L> ;
c ) Người bị trục_xuất không tự_giác chấp_hành quyết_định xử_phạt trục_xuất hoặc có hành_vi chống_đối , bỏ trốn . 

2 . Người có thẩm_quyền quy_định tại Điều 25 Nghị_định này đang thi_hành công_vụ thực_hiện việc áp_giải người vi_phạm . 

3 . Trong thời_gian bị áp_giải , việc quản_lý người bị áp_giải được thực_hiện theo quy_định tại các điều 18 , 19 , 20 , 22 và Điều 23 Nghị_định này . 

Điều 25 .  Thẩm_quyền thực_hiện việc áp_giải 

1 . Chiến_sĩ Công_an nhân_dân . 

2 . Chiến_sĩ Bộ_đội biên_phòng . 

3 . Cảnh_sát viên Cảnh_sát biển . 

4 . Công_chức Hải_quan . 

5 . Kiểm_lâm_viên . 

6 . Công_chức Thuế . 

7 . Kiểm_soát viên thị_trường . 

8 . Thanh_tra viên , người được giao thực_hiện nhiệm_vụ thanh_tra chuyên_ngành . 

9 . Chấp_hành_viên thi_hành án dân_sự . 

Điều 26 .  Thủ_tục thực_hiện việc áp_giải 

1 . Trước khi áp_giải , người có thẩm_quyền đang thi_hành công_vụ thực_hiện nhiệm_vụ áp_giải phải giải_thích cho người bị áp_giải về quyền và nghĩa_vụ của họ trong quá_trình bị áp_giải theo quy_định của pháp_luật , giải_đáp thắc_mắc của người bị áp_giải . 

2 . Trong khi áp_giải phải đảm_bảo an_toàn tuyệt_đối cho người có thẩm_quyền đang thi_hành công_vụ thực_hiện nhiệm_vụ áp_giải và cho người bị áp_giải .  Việc sử_dụng vũ_khí , công_cụ hỗ_trợ khi áp_dụng biện_pháp áp_giải phải được thực_hiện theo quy_định của pháp_luật . 

Trường_hợp người bị áp_giải có dấu_hiệu bỏ trốn hoặc có hành_vi chống người thi_hành công_vụ , cán_bộ đang thi_hành công_vụ thực_hiện nhiệm_vụ áp_giải phải báo_cáo ngay người có thẩm_quyền để ra quyết_định tạm giữ người theo thủ_tục hành_chính đối_với người đó . 

3 . Cán_bộ áp_giải phải giám_sát , quản_lý chặt_chẽ người bị áp_giải , cảnh_giác , chủ_động , kịp_thời xử_lý những tình_huống phức_tạp có_thể xảy ra ;  không được tùy_tiện giải_quyết các yêu_cầu của người bị áp_giải trong khi đang tiến_hành áp_giải . 

Điều 27 .  Giao , nhận người bị áp_giải 

1 . Người có thẩm_quyền đang thi_hành công_vụ thực_hiện việc áp_giải phải tiến_hành lập biên_bản giao , nhận người bị áp_giải với cơ_quan tiếp_nhận người bị áp_giải . 

2 . Người có thẩm_quyền đang thi_hành công_vụ khi đến địa_điểm thực_hiện áp_giải phải mời đại_diện chính_quyền địa_phương nơi người bị áp_giải cư_trú hoặc đang bị quản_lý , đại_diện cơ_quan , tổ_chức nơi người bị áp_giải làm_việc , học_tập và người chứng_kiến . 

3 . Tiến_hành kiểm_tra , đối_chiếu ảnh , giấy_tờ tùy_thân , xác_định đúng người vi_phạm bị áp_giải theo thủ_tục hành_chính và lập biên_bản về việc áp_giải người vi_phạm theo thủ_tục hành_chính . 

Điều 28 .  Lập biên_bản áp_giải 

1 . Ghi rõ giờ , phút , ngày , tháng , năm , địa_điểm lập biên_bản . 

2 . Họ , tên , chức_vụ , địa_chỉ của cá_nhân , tổ_chức bên giao , bên nhận ;  họ , tên , địa_chỉ , số Chứng_minh nhân_dân hoặc giấy_tờ tùy_thân khác của người có hành_vi vi_phạm bị áp_giải ;  hành_vi vi_phạm ;  thời_gian , địa_điểm thực_hiện_hành_vi vi_phạm ;  tình_trạng sức_khỏe , thái_độ của người có hành_vi vi_phạm , tang_vật , tài_sản của họ ( nếu có ) và những tình_tiết khác có liên_quan đến việc áp_giải người vi_phạm ;  trường_hợp có người làm_chứng phải ghi rõ họ , tên , địa_chỉ của người làm_chứng . 

3 . Biên_bản phải có chữ_ký của bên giao , bên nhận áp_giải và của người có hành_vi vi_phạm bị áp_giải , người làm_chứng ( nếu có ) ;  người có thẩm_quyền tạm giữ người theo thủ_tục hành_chính ký_tên vào biên_bản giao , nhận người vi_phạm bị áp_giải .  Trường_hợp người vi_phạm bị áp_giải , người làm_chứng từ_chối ký thì người lập biên_bản phải ghi rõ lý_do vào biên_bản . 

4 . Biên_bản giao , nhận người có hành_vi vi_phạm hành_chính bị áp_giải phải lập thành hai bản và đọc cho mọi người tham_gia ký biên_bản nghe ;  bên nhận , bên giao người vi_phạm bị áp_giải mỗi bên giữ một bản . 

Điều 29 .  Xử_lý một_số tình_huống trong khi áp_giải 

1 . Trường_hợp người bị áp_giải có hành_vi chống_đối thì cán_bộ áp_giải giải_thích quy_định của pháp_luật , yêu_cầu họ chấp_hành quyết_định ;  trường_hợp cần_thiết cán_bộ áp_giải có quyền sử_dụng vũ_lực , trói , khóa tay , chân , sử_dụng vũ_khí , công_cụ hỗ_trợ theo quy_định của pháp_luật để khống_chế vô_hiệu_hóa hành_vi chống_đối của người bị áp_giải . 

2 . Trường_hợp người vi_phạm bỏ trốn thì người thi_hành quyết_định áp_giải phải lập biên_bản có chữ_ký của người chứng_kiến ;  nếu không có người chứng_kiến phải ghi rõ lý_do vào biên_bản . 

Mục 3 

QUẢN_LÝ NGƯỜI NƯỚC_NGOÀI TRONG THỜI_GIAN LÀM THỦ_TỤC TRỤC_XUẤT 

Điều 30 .  Quản_lý người nước_ngoài trong thời_gian làm thủ_tục trục_xuất 

1 . Trưởng_phòng nghiệp_vụ thuộc Cục Quản_lý xuất nhập_cảnh hoặc trưởng_phòng quản_lý xuất , nhập_cảnh Công_an cấp tỉnh ( nơi lập hồ_sơ đề_nghị trục_xuất ) đề_xuất với Cục_trưởng Cục Quản_lý xuất nhập_cảnh hoặc Giám_đốc Công_an cấp tỉnh quyết_định áp_dụng các biện_pháp quản_lý đối_với người nước_ngoài trong thời_gian làm thủ_tục trục_xuất trong những trường_hợp sau đây : 

a ) Khi có căn_cứ cho rằng , nếu không áp_dụng biện_pháp cần_thiết để quản_lý thì người đó sẽ trốn_tránh hoặc cản_trở việc thi_hành quyết_định xử_phạt trục_xuất ; 

b ) Để ngăn_chặn người đó tiếp_tục thực_hiện_hành_vi vi_phạm pháp_luật . 

2 . Biện_pháp quản_lý : 

a ) Hạn_chế việc đi_lại của người bị quản_lý ; 

b ) Chỉ_định chỗ ở của người bị quản_lý ; 

c ) Tạm_giữ hộ_chiếu hoặc giấy_tờ tùy_thân khác thay hộ_chiếu ; 

d ) Bắt_buộc lưu_trú tại cơ_sở lưu_trú do Bộ Công_an quản_lý thuộc trường_hợp quy_định tại Khoản 3 Điều này . 

3 . Người bị trục_xuất phải lưu_trú tại cơ_sở lưu_trú do Bộ Công_an quản_lý nếu thuộc một trong các trường_hợp sau đây : 

a ) Người bị trục_xuất không có hộ_chiếu hoặc giấy_tờ thay_thế hộ_chiếu , chưa có đủ các điều_kiện cần_thiết để thực_hiện việc trục_xuất ( vé máy_bay , thị_thực ... ) ; 

b ) Không có nơi thường_trú , tạm_trú ; 

c ) Vi_phạm_quy_định tại Khoản 2 Điều này hoặc không chấp_hành các biện_pháp quản_lý , giám_sát của cơ_quan có thẩm_quyền ; 

d ) Có hành_vi vi_phạm pháp_luật hoặc có căn_cứ cho rằng người đó có_thể thực_hiện_hành_vi vi_phạm pháp_luật trong thời_gian chờ xuất_cảnh ; 

đ ) Có hành_vi bỏ trốn , chuẩn_bị bỏ trốn hoặc hành_vi khác gây khó_khăn cho việc thi_hành quyết_định xử_phạt trục_xuất ; 

e ) Mắc bệnh truyền_nhiễm đặc_biệt nguy_hiểm theo quy_định của <L rel="Reference"> Luật_phòng , chống bệnh truyền_nhiễm </L> ;
g ) Tự_nguyện xin vào cơ_sở lưu_trú . 

4 . Không được sử_dụng nhà tạm giữ hình_sự , trại tạm giam , trại_giam để quản_lý người nước_ngoài trong thời_gian làm thủ_tục trục_xuất . 

Điều 31 .  Chế_độ đối_với người bị trục_xuất trong thời_gian làm thủ_tục trục_xuất tại cơ_sở lưu_trú 

1 . Chế_độ ở : 

a ) Được bố_trí buồng ở tập_thể theo giới_tính ( nam , nữ ) ;  diện_tích chỗ nằm tối_thiểu 3 m2/người , có phòng_vệ_sinh , có chiếu , chăn và màn ; 

b ) Người mắc bệnh truyền_nhiễm đặc_biệt nguy_hiểm theo quy_định của <L rel="Reference"> Luật_phòng , chống bệnh truyền_nhiễm </L> , người mắc bệnh tâm_thần hoặc một bệnh , khác làm mất khả_năng nhận_thức hoặc khả_năng điều_khiển hành_vi của mình phải được bố_trí ở riêng trong phòng cách_ly .
2 . Chế_độ ăn , mặc : 

a ) Tiêu_chuẩn ăn của mỗi người trong một tháng được tính theo định_lượng như sau : 17 kg gạo_tẻ thường ;  0,7 kg thịt ;  0,8 kg cá ;  0,1 kg muối ;  0,5 kg đường loại trung_bình ;  0,75 lít nước_mắm ;  0,1 kg bột_ngọt ;  15 kg rau xanh và 15 kg củi hoặc 17 kg than .  Định_lượng này được quy_đổi ra tiền theo thời_giá thị_trường tại địa_phương nơi có cơ_sở lưu_trú .  Ngày_lễ , Tết ( theo quy_định của Nhà_nước Việt_Nam ) , người bị trục_xuất trong thời_gian làm thủ_tục trục_xuất tại cơ_sở lưu_trú được ăn thêm nhưng tiêu_chuẩn_ăn ( bao_gồm cả tiêu_chuẩn ăn ngày thường và mức ăn thêm ) không quá 5 lần tiêu_chuẩn ăn ngày thường .  Cơ_sở lưu_trú có_thể hoán_đổi định_lượng ăn nêu trên cho phù_hợp với yêu_cầu thực_tế để bảo_đảm người lưu_trú ăn hết tiêu_chuẩn ; 

b ) Người bị trục_xuất trong thời_gian làm thủ_tục trục_xuất tại cơ_sở lưu_trú được mang vào cơ_sở lưu_trú đồ_dùng cá_nhân thiết_yếu để sử_dụng theo quy_định của Bộ Công_an .  Trường_hợp thiếu quần , áo thì tùy theo thời_gian lưu_trú , được cấp từ một đến hai bộ quần , áo bằng vải thường . 

3 . Chế_độ_sinh_hoạt thể_dục , thể_thao , sinh_hoạt văn_hóa , văn_nghệ , thông_tin liên_lạc , quản_lý_tài_sản : 

a ) Người bị trục_xuất trong thời_gian làm thủ_tục trục_xuất tại cơ_sở lưu_trú được hoạt_động thể_dục , thể_thao , sinh_hoạt văn_hóa , văn_nghệ lành_mạnh trong khuôn_viên của cơ_sở lưu_trú .  Mỗi phòng ở được trang_bị một máy vô_tuyến truyền_hình màu và được mượn sách , báo của cơ_sở lưu_trú .  Thời_gian hoạt_động thể_dục , thể_thao , sinh_hoạt văn_hóa , văn_nghệ , xem truyền_hình , nghe đài do cơ_sở lưu_trú quy_định ; 

b ) Người bị trục_xuất trong thời_gian làm thủ_tục trục_xuất tại cơ_sở lưu_trú được liên_lạc bằng điện_thoại , gửi thư cho thân_nhân và cơ_quan lãnh_sự theo quy_định của cơ_sở lưu_trú .  Cước_phí điện_thoại , gửi thư do người lưu_trú tự chi_trả ; 

c ) Người bị trục_xuất trong thời_gian làm thủ_tục trục_xuất tại cơ_sở lưu_trú có tiền_mặt hoặc đồ_vật có giá_trị , phải gửi vào lưu ký của cơ_sở lưu_trú và được nhận lại trước khi xuất_cảnh .  Cơ_sở lưu_trú có trách_nhiệm cấp sổ lưu ký hoặc phiếu theo_dõi tiền lưu ký để người bị trục_xuất trong thời_gian làm thủ_tục trục_xuất tại các cơ_sở lưu_trú sử_dụng phục_vụ sinh_hoạt thay tiền_mặt . 

4 . Chế_độ thăm gặp : 

a ) Người bị trục_xuất trong thời_gian làm thủ_tục trục_xuất tại cơ_sở lưu_trú được gặp thân_nhân hoặc người đại_diện hợp_pháp của mình tại phòng thăm gặp của cơ_sở lưu_trú .  Mỗi tuần được gặp một lần , mỗi lần gặp không quá 4 ( bốn ) giờ ; 

b ) Người bị trục_xuất trong thời_gian làm thủ_tục trục_xuất tại cơ_sở lưu_trú chấp_hành tốt nội_quy cơ_sở lưu_trú có_thể được gặp vợ hoặc chồng tại phòng riêng của cơ_sở lưu_trú mỗi tuần một lần , mỗi lần không quá 24 ( hai bốn ) giờ ; 

c ) Việc giải_quyết cho thân_nhân thăm gặp người bị trục_xuất trong thời_gian làm thủ_tục trục_xuất tại cơ_sở lưu_trú do người phụ_trách cơ_sở lưu_trú quyết_định ; 

d ) Khi được phép thăm gặp , người bị trục_xuất trong thời_gian làm thủ_tục trục_xuất tại cơ_sở lưu_trú được nhận thư , tiền_mặt , đồ_vật theo quy_định .  Cơ_sở lưu_trú có trách_nhiệm kiểm_tra thư , tiền_mặt , đồ_vật trước khi đưa vào cơ_sở lưu_trú . 

Người đến thăm gặp phải chấp_hành nghiêm_chỉnh pháp_luật Việt_Nam , nội_quy , quy_chế nhà thăm gặp và sự hướng_dẫn của cán_bộ cơ_sở lưu_trú . 

5 . Chế_độ khám , chữa bệnh : 

a ) Người bị trục_xuất trong thời_gian làm thủ_tục trục_xuất tại cơ_sở lưu_trú bị bệnh được khám và điều_trị tại phòng_khám của cơ_sở lưu_trú .  Trường_hợp bị bệnh nặng vượt quá khả_năng điều_trị của y_tế cơ_sở lưu_trú thì Cục Quản_lý xuất , nhập_cảnh hoặc Công_an cấp tỉnh nơi lập hồ_sơ đề_nghị trục_xuất có trách_nhiệm đưa họ đến cơ_sở y_tế để điều_trị ;  đồng_thời , thông_báo cho Bộ Ngoại_giao ( Cục Lãnh_sự hoặc Sở Ngoại_vụ thành_phố Hồ_Chí_Minh ) để thông_báo cho cơ_quan đại_diện ngoại_giao hoặc lãnh_sự của nước mà người đó là công_dân biết ; 

b ) Trường_hợp người bị trục_xuất trong thời_gian làm thủ_tục trục_xuất tại cơ_sở lưu_trú có_thai đến thời_gian sinh con , thì cơ_sở lưu_trú có trách_nhiệm đưa họ đến cơ_sở y_tế địa_phương để sinh con ; 

c ) Cơ_sở lưu_trú có trách_nhiệm phối_hợp với bệnh_viện , phòng quản_lý xuất nhập_cảnh Công_an cấp tỉnh nơi cơ_sở lưu_trú đóng để quản_lý người lưu_trú trong thời_gian điều_trị hoặc sinh con tại bệnh_viện . 

6 . Chế_độ đối_với trẻ_em là con của người bị trục_xuất trong thời_gian làm thủ_tục trục_xuất tại cơ_sở lưu_trú ở cùng cha , mẹ tại cơ_sở lưu_trú : 

Trẻ_em dưới 16 tuổi là con của người bị trục_xuất trong thời_gian làm thủ_tục trục_xuất tại cơ_sở lưu_trú ở cùng cha , mẹ tại cơ_sở lưu_trú được bố_trí diện_tích chỗ nằm cùng phòng với cha , mẹ tại cơ_sở lưu_trú phù_hợp với điều_kiện thực_tế và đặc_điểm lứa tuổi , giới_tính .  Các chế_độ ăn , mặc , ở , khám chữa bệnh và chi_phí an_táng được thực_hiện như đối_với người lưu_trú .  Ngày 01 tháng 6 , Tết Trung_thu được hưởng mức ăn gấp 2 lần ngày thường ;  nếu ốm_đau được thực_hiện chế_độ khám , chữa bệnh , nếu chết được cấp chi_phí an_táng như người lưu_trú . 

Điều 32 .  Giải_quyết trường_hợp người bị trục_xuất bị chết trong thời_gian làm thủ_tục trục_xuất 

1 . Trường_hợp người nước_ngoài bị chết trong thời_gian làm thủ_tục trục_xuất thì Cục_trưởng Cục Quản_lý xuất nhập_cảnh hoặc Giám_đốc Công_an cấp tỉnh nơi lập hồ_sơ đề_nghị trục_xuất phải báo ngay cho cơ_quan điều_tra , viện kiểm_sát có thẩm_quyền và cơ_quan , tổ_chức là đối_tác phía Việt_Nam ( nếu có ) ;  đồng_thời , thông_báo cho Bộ Ngoại_giao ( Cục Lãnh_sự hoặc Sở Ngoại_vụ thành_phố Hồ_Chí_Minh ) để thông_báo cho cơ_quan đại_diện ngoại_giao hoặc lãnh_sự của nước mà người đó là công_dân biết để phối_hợp giải_quyết . 

2 . Việc đưa thi_thể người nước_ngoài bị chết trong thời_gian làm thủ_tục trục_xuất về nước và các chi_phí cho việc mai_táng , đưa thi_thể về nước do thân_nhân , gia_đình , cơ_quan , tổ_chức nơi người đó làm_việc , học_tập hoặc cơ_quan ngoại_giao , lãnh_sự của nước mà người đó là công_dân chịu trách_nhiệm . 

3 . Trong trường_hợp không thực_hiện được theo các cách đó thì Cục Quản_lý xuất nhập_cảnh hoặc Công_an cấp tỉnh nơi lập hồ_sơ đề_nghị trục_xuất chịu trách_nhiệm thực_hiện . 

Điều 33 .  Giải_quyết trường_hợp người bị trục_xuất chống_đối , bỏ trốn , không chấp_hành quyết_định xử_phạt trục_xuất 

1 . Áp_dụng các biện_pháp quy_định tại Điều 29 Nghị_định này . 

2 . Áp_giải đến chỗ ở được chỉ_định , cơ_sở lưu_trú để quản_lý , giám_sát hoặc buộc rời khỏi lãnh_thổ Việt_Nam . 

Điều 34 .  Trách_nhiệm của Bộ Công_an 

1 . Giúp Chính_phủ theo_dõi , kiểm_tra , đôn_đốc việc thực_hiện Nghị_định này . 

2 . Chỉ_đạo Công_an các đơn_vị , địa_phương quản_lý đối_tượng bị trục_xuất trong thời_gian làm thủ_tục trục_xuất ;  tổ_chức trục_xuất theo quyết_định ;  bàn_giao đối_tượng cho cơ_quan quản_lý xuất nhập_cảnh khi được yêu_cầu ;  đồng_thời , phối_hợp với các cơ_quan liên_quan đảm_bảo việc thực_hiện các quyền và nghĩa_vụ của người bị trục_xuất . 

3 . Kiểm_tra , thanh_tra , giải_quyết khiếu_nại , tố_cáo về việc áp_dụng biện_pháp tạm giữ , áp_giải người theo thủ_tục hành_chính và tổ_chức thi_hành quyết_định xử_phạt trục_xuất . 

Điều 35 .  Trách_nhiệm của Bộ Ngoại_giao 

1 . Giải_quyết các thủ_tục đối_ngoại liên_quan đến việc thi_hành quyết_định trục_xuất và các thủ_tục có liên_quan khác đối_với trường_hợp người bị tạm giữ , áp_giải theo thủ_tục hành_chính là người nước_ngoài . 

2 . Trao_đổi , cung_cấp thông_tin liên_quan cho các cơ_quan có thẩm_quyền nước_ngoài , cơ_quan đại_diện ngoại_giao và lãnh_sự của nước mà người mang hộ_chiếu hoặc giấy_tờ thay_thế hộ_chiếu bị áp_dụng biện_pháp tạm giữ , áp_giải theo thủ_tục hành_chính và áp_dụng hình_thức xử_phạt trục_xuất . 

3 . Chỉ_đạo các Sở Ngoại_vụ phối_hợp với các cơ_quan_chức_năng , cơ_quan đại_diện ngoại_giao hoặc cơ_quan đại_diện lãnh_sự của nước mà người mang hộ_chiếu hoặc giấy_tờ thay_thế hộ_chiếu bị tạm giữ hành_chính , bị trục_xuất ( trong trường_hợp bị chết ) để giải_quyết . 

Điều 36 .  Trách_nhiệm của Bộ Tài_chính 

Bảo_đảm kinh_phí cho việc áp_dụng biện_pháp tạm giữ , áp_giải người theo thủ_tục hành_chính và áp_dụng hình_thức xử_phạt trục_xuất theo kế_hoạch được giao trong dự_toán ngân_sách hàng năm của Bộ Công_an . 

Điều 37 .  Trách_nhiệm của Bộ Y_tế 

1 . Chỉ_đạo , hướng_dẫn các cơ_quan y_tế và bệnh_viện trực_thuộc tổ_chức khám , chữa bệnh , chăm_sóc sức_khỏe và giám_định sức_khỏe đối_với người bị tạm giữ theo thủ_tục hành_chính và áp_dụng hình_thức xử_phạt trục_xuất trong trường_hợp họ bị bệnh nặng , phải điều_trị theo quy_định tại Khoản 1 Điều 9 và Khoản 5 Điều 31 Nghị_định này . 

2 . Hướng_dẫn việc cấp giấy chứng_nhận tình_trạng sức_khỏe đối_với người bị trục_xuất trong trường_hợp họ bị bệnh nặng , phải điều_trị theo quy_định tại Điểm a Khoản 5 Điều 31 Nghị_định này . 

Điều 38 .  Trách_nhiệm của Ủy_ban nhân_dân cấp tỉnh 

Ủy_ban nhân_dân cấp tỉnh trong phạm_vi nhiệm_vụ , quyền_hạn của mình có trách_nhiệm phối_hợp với các Bộ , ngành có liên_quan chỉ_đạo các cơ_quan_chức_năng của địa_phương trong việc áp_dụng biện_pháp tạm giữ , áp_giải người theo thủ_tục hành_chính và áp_dụng hình_thức xử_phạt trục_xuất . 

Điều 39 .  Trách_nhiệm của các cơ_quan , tổ_chức , cá_nhân mời người nước_ngoài vào Việt_Nam hoặc xin gia_hạn thị_thực cho người nước_ngoài bị trục_xuất 

1 . Phối_hợp , cộng_tác với cơ_quan_chức_năng thực_hiện việc áp_dụng hình_thức xử_phạt trục_xuất . 

2 . Chịu mọi chi_phí hoặc bảo_lãnh tài_chính trong trường_hợp người bị trục_xuất không có khả_năng tài_chính tại_chỗ để thanh_toán các chi_phí theo quy_định của pháp_luật Việt_Nam . 
