Nghị định Về đăng ký nghĩa vụ quân sự.

Căn_cứ <L rel="Pursuant"> Luật Tổ_chức Chính_phủ ngày 30 tháng 9 năm 1992 </L> ;
Căn_cứ <L rel="Pursuant"> Luật Nghĩa_vụ quân_sự ngày 30 tháng 12 năm 1981 </L> ; <L rel="Pursuant"> Luật sửa_đổi , bổ_sung một_số điều của <L rel="Others"> Luật Nghĩa_vụ quân_sự </L> ngày 21 tháng 12 năm 1990 </L> ; <L rel="Pursuant"> Luật sửa_đổi , bổ_sung một_số điều của <L rel="Others"> Luật Nghĩa_vụ quân_sự </L> ngày 22 tháng 6 năm 1994 </L> ;
Căn_cứ <PL rel="Pursuant"> Pháp_lệnh về lực_lượng dự_bị động_viên ngày 27 tháng 8 năm 1996 </PL> ;
Điều 1 .  Nghị_định này quy_định đối_tượng , thủ_tục , trình_tự đăng_ký nghĩa_vụ quân_sự ;  chế_độ , chính_sách đối_với người đăng_ký nghĩa_vụ quân_sự và trách_nhiệm của các cơ_quan , tổ_chức trong việc đăng_ký nghĩa_vụ quân_sự . 

Điều 2 .  Đăng_ký nghĩa_vụ quân_sự là việc kê_khai lý_lịch và những yếu_tố cần_thiết khác theo quy_định của pháp_luật của người trong độ tuổi đăng_ký nghĩa_vụ quân_sự , để cơ_quan quân_sự địa_phương quản_lý và tổ_chức thực_hiện quy_định của pháp_luật về nghĩa_vụ quân_sự đối_với các đối_tượng trong độ tuổi thực_hiện nghĩa_vụ quân_sự . 

Điều 3 .  Đăng_ký nghĩa_vụ quân_sự phải đúng đối_tượng , chế_độ chính_sách , trình_tự thủ_tục để cơ_quan quân_sự địa_phương nắm chắc số_lượng , chất_lượng , tình_hình biến_động của người sẵn_sàng nhập_ngũ và quân_nhân dự_bị nhằm phục_vụ cho việc gọi công_dân nhập_ngũ và xây_dựng lực_lượng dự_bị động_viên . 

Điều 4 .  Công_dân nam_giới trong độ tuổi làm nghĩa_vụ quân_sự ;  phụ_nữ có chuyên_môn cần cho quân_đội phải đăng_ký nghĩa_vụ quân_sự . 

Sĩ_quan dự_bị đăng_ký nghĩa_vụ quân_sự theo quy_định của <L rel="Reference"> Luật_Sĩ_quan Quân_đội nhân_dân Việt_Nam_năm 1999 </L> .
Điều 5 .  Đăng_ký nghĩa_vụ quân_sự được tiến_hành tại nơi cư_trú của công_dân do Ban Chỉ_huy quân_sự xã , phường , thị_trấn ( sau đây gọi chung là cấp xã ) và Ban Chỉ_huy quân_sự huyện , quận , thị_xã , thành_phố thuộc tỉnh ( sau đây gọi chung là cấp huyện ) chịu trách_nhiệm thực_hiện . 

Nơi cư_trú của công_dân quy_định trong Nghị_định này thực_hiện theo quy_định tại khoản 1 Điều 48 của <BL rel="Reference"> Bộ_Luật Dân_sự năm 1995 </BL> .
Điều 6 .  Các cơ_quan , tổ_chức và cá_nhân có thẩm_quyền trong phạm_vi chức_năng , nhiệm_vụ , quyền_hạn có trách_nhiệm động_viên , giáo_dục , đôn_đốc , tạo điều_kiện để công_dân chấp_hành đầy_đủ những quy_định của pháp_luật về đăng_ký nghĩa_vụ quân_sự . 

Chương_II 

Đối_tượng đăng_ký nghĩa_vụ quân_sự 

Điều 7 .  Những người sau đây , trừ những người quy_định tại Điều 8 , Điều 9 của Nghị_định này , phải đăng_ký nghĩa_vụ quân_sự : 

1 . Công_dân nam_giới từ đủ 17 tuổi đến hết 45 tuổi . 

2 . Phụ_nữ từ đủ 18 tuổi đến hết 40 tuổi có chuyên_môn cần phục_vụ cho quân_đội .  Danh_mục ngành , nghề chuyên_môn do phụ_nữ đảm_nhiệm cần phục_vụ cho quân_đội do Thủ_tướng Chính_phủ quyết_định . 

Điều 8 .  Những người sau đây chưa được đăng_ký nghĩa_vụ quân_sự : 

1 . Người đang bị Tòa_án tước quyền phục_vụ trong các lực_lượng vũ_trang nhân_dân . 

2 . Người đang bị truy_cứu trách_nhiệm hình_sự ;  người bị phạt tù hoặc bị phạt cải_tạo không giam_giữ . 

Khi hết thời_hạn quy_định tại khoản 1 , khoản 2 Điều này thì phải đăng_ký nghĩa_vụ quân_sự . 

Điều 9 .  Những người sau đây được miễn đăng_ký nghĩa_vụ quân_sự : 

1 . Công_chức quốc_phòng , công_nhân quốc_phòng đang phục_vụ trong các cơ_quan , đơn_vị Quân_đội nhân_dân Việt_Nam . 

2 . Người đang phục_vụ trong các cơ_quan , đơn_vị Công_an nhân_dân . 

3 . Người tàn_tật , người mắc bệnh tâm_thần hoặc bệnh mãn_tính khác theo danh_mục bệnh_tật do Bộ_trưởng Bộ Y_tế và Bộ_trưởng Bộ Quốc_phòng quy_định . 

Điều 10 .  Những người đã đăng_ký nghĩa_vụ quân_sự được sắp_xếp như sau : 

1 . Người sẵn_sàng nhập_ngũ . 

2 . Quân_nhân dự_bị hạng 1 và quân_nhân dự_bị hạng 2 . 

Điều 11 .  Người đã đăng_ký nghĩa_vụ quân_sự được xếp vào diện sẵn_sàng nhập_ngũ bao_gồm : 

1 . Công_dân nam_giới từ đủ 17 tuổi đến hết 27 tuổi chưa qua phục_vụ tại_ngũ trong lực_lượng vũ_trang nhân_dân . 

2 . Phụ_nữ có chuyên_môn cần cho quân_đội . 

Điều 12 .  Người đã đăng_ký nghĩa_vụ quân_sự được xếp vào diện quân_nhân dự_bị hạng 1 bao_gồm : 

1 . Hạ_sĩ_quan và binh_sĩ xuất_ngũ đã phục_vụ tại_ngũ đủ thời_hạn hoặc trên hạn_định . 

2 . Hạ_sĩ_quan và binh_sĩ xuất_ngũ trước thời_hạn nhưng đã phục_vụ tại_ngũ từ một năm trở lên . 

3 . Hạ_sĩ_quan và binh_sĩ xuất_ngũ đã trải qua chiến_đấu . 

4 . Quân_nhân chuyên_nghiệp xuất_ngũ . 

5 . Công_chức quốc_phòng , công_nhân quốc_phòng ( là hạ_sĩ_quan , binh_sĩ đã qua phục_vụ tại_ngũ được chuyển chế_độ công_chức quốc_phòng , công_nhân quốc_phòng ) được giải_quyết chế_độ thôi_việc . 

6 . Quân_nhân dự_bị hạng 2 đã được huấn_luyện đủ chương_trình chính_quy với tổng thời_gian huấn_luyện theo quy_định của <L rel="Reference"> Luật Nghĩa_vụ quân_sự </L> .
Điều 13 .  Người đã đăng_ký nghĩa_vụ quân_sự được xếp vào diện quân_nhân dự_bị hạng 2 bao_gồm : 

1 . Hạ_sĩ_quan và binh_sĩ xuất_ngũ trước thời_hạn đã có thời_gian phục_vụ tại_ngũ dưới một năm . 

2 . Công_dân nam_giới đã qua phục_vụ trong các cơ_quan , đơn_vị công_an nhân_dân ;  công_chức quốc_phòng , công_nhân quốc_phòng là nam_giới đã qua phục_vụ trong quân_đội nhân_dân . 

3 . Công_dân nam_giới hết 27 tuổi mà chưa phục_vụ tại_ngũ . 

4 . Phụ_nữ từ đủ 18 tuổi đến hết 40 tuổi , có chuyên_môn cần cho quân_đội theo quy_định tại khoản 2 Điều 7 của Nghị_định này . 

Điều 14 .  Căn_cứ vào độ tuổi , quân_nhân dự_bị ở mỗi hạng được chia thành 2 nhóm : 

1 . Nhóm A bao_gồm những quân_nhân dự_bị : Nam_giới đến hết 35 tuổi ;  phụ_nữ đến hết 30 tuổi . 

2 . Nhóm B bao_gồm những quân_nhân dự_bị : Nam_giới từ đủ 36 tuổi đến hết 45 tuổi ;  phụ_nữ từ đủ 31 tuổi đến hết 40 tuổi . 

I 

TRÌNH_TỰ , THỦ_TỤC ĐĂNG_KÝ NGHĨA_VỤ QUÂN_SỰ 

Mục 1 .  đăng_ký nghĩa_vụ quân_sự lần đầu 

Điều 15 .  Trong thời_hạn mười ngày đầu tháng_một hàng năm , Chủ_tịch Ủy_ban nhân_dân cấp xã phải báo_cáo với Ban Chỉ_huy quân_sự cấp huyện danh_sách công_dân nam_giới đủ 17 tuổi trong năm đó , công_dân trong độ tuổi làm nghĩa_vụ quân_sự chưa được đăng_ký nghĩa_vụ quân_sự và công_dân được miễn đăng_ký nghĩa_vụ quân_sự quy_định tại Điều 9 của Nghị_định này . 

Điều 16 .  Trong thời_hạn mười ngày đầu tháng_một hàng năm , Hiệu_trưởng các trường : Dạy nghề , trung_học chuyên_nghiệp , cao_đẳng , đại_học ;  người đứng đầu các cơ_quan , tổ_chức cơ_sở khác phải báo_cáo với Ban Chỉ_huy quân_sự cấp huyện nơi cơ_quan đặt trụ_sở danh_sách công_dân trong diện đăng_ký nghĩa_vụ quân_sự mà chưa được đăng_ký lần đầu . 

Điều 17 .  Tháng_tư hàng năm , theo lệnh gọi của Chỉ_huy_trưởng Ban Chỉ_huy quân_sự cấp huyện , công_dân nam_giới đủ 17 tuổi trong năm và những người trong độ tuổi làm nghĩa_vụ quân_sự chưa được đăng_ký phải đến Ban Chỉ_huy quân_sự cấp huyện nơi cư_trú xuất_trình chứng_minh nhân_dân , kê_khai lý_lịch để đăng_ký lần đầu vào_sổ đăng_ký công_dân sẵn_sàng nhập_ngũ . 

Điều 18 .  Ban Chỉ_huy quân_sự cấp huyện có trách_nhiệm : 

1 . Cấp giấy chứng_nhận đăng_ký nghĩa_vụ quân_sự cho người sẵn_sàng nhập_ngũ . 

2 . Lập lý_lịch nghĩa_vụ quân_sự cho người sẵn_sàng nhập_ngũ đủ điều_kiện gọi nhập_ngũ . 

3 . Bàn_giao lý_lịch nghĩa_vụ quân_sự cho đơn_vị nhận quân khi công_dân được gọi vào phục_vụ tại_ngũ . 

Mục 2 .  đăng_ký vào ngạch và chuyển hạng quân_nhân dự_bị 

Điều 19 . 

1 . Quân_nhân chuyên_nghiệp , hạ_sĩ_quan , binh_sĩ , công_chức quốc_phòng , công_nhân quốc_phòng thuộc quân_đội nhân_dân ;  công_nhân_viên , hạ_sĩ_quan chuyên_môn , chiến_sĩ thuộc công_an nhân_dân thuộc diện xuất_ngũ , thôi_việc phải đăng_ký vào ngạch dự_bị . 

2 . Trong thời_hạn mười lăm ngày , kể từ ngày xuất_ngũ , thôi_việc người được xuất_ngũ , thôi_việc phải mang hồ_sơ , giấy_tờ xuất_ngũ , thôi_việc đến Ban Chỉ_huy quân_sự cấp huyện tại nơi cư_trú để đăng_ký vào ngạch dự_bị . 

3 . Ban Chỉ_huy quân_sự cấp huyện làm thủ_tục đăng_ký và cấp giấy chứng_nhận đăng_ký quân_nhân dự_bị cho những người quy_định tại khoản 1 Điều này . 

Điều 20 . 

1 . Theo lệnh gọi của Chỉ_huy_trưởng Ban Chỉ_huy quân_sự cấp huyện , những người quy_định tại khoản 3 , khoản 4 Điều 13 của Nghị_định này phải đến Ban Chỉ_huy quân_sự cấp huyện nơi cư_trú để đăng_ký vào ngạch dự_bị . 

2 . Khi đến đăng_ký công_dân nam_giới xuất_trình giấy chứng_nhận đăng_ký nghĩa_vụ quân_sự , nếu đã qua đào_tạo ở các trường : Dạy nghề , trung_học chuyên_nghiệp , cao_đẳng và đại_học xuất_trình bằng tốt_nghiệp ;  phụ_nữ xuất_trình bằng tốt_nghiệp chuyên_môn . 

Điều 21 . Việc chuyển hạng quân_nhân dự_bị từ hạng 2 lên hạng 1 thực_hiện theo quy_định của <L rel="Reference"> Luật Nghĩa_vụ quân_sự </L> và hướng_dẫn của Bộ_trưởng Bộ Quốc_phòng .
Mục 3 .  Đăng_ký bổ_sung 

Điều 22 .  Trong thời_hạn mười ngày , kể từ khi có thay_đổi họ tên , địa_chỉ nơi ở trong phạm_vi xã đang cư_trú , địa_chỉ nơi làm_việc , học_tập , chức_vụ công_tác , trình_độ văn_hóa thì người sẵn_sàng nhập_ngũ hoặc quân_nhân dự_bị phải đến Ban Chỉ_huy quân_sự cấp xã nơi đang cư_trú để đăng_ký bổ_sung . 

Điều 23 .  Sáu tháng_một lần vào các thời_gian từ ngày 01 tháng 7 đến ngày 10 tháng 7 và từ ngày 01 tháng 01 đến ngày 10 tháng 01 hàng năm ;  Ban Chỉ_huy quân_sự cấp xã báo_cáo với Ban Chỉ_huy quân_sự cấp huyện việc thay_đổi đăng_ký theo quy_định tại Điều 22 của Nghị_định này . 

Mục 4 .  Đăng_ký di_chuyển và đăng_ký vắng_mặt 

Điều 24 . 

1 . Người sẵn_sàng nhập_ngũ hoặc quân_nhân dự_bị , trước khi di_chuyển nơi cư_trú từ xã này sang xã khác trong phạm_vi huyện , phải đến Ban Chỉ_huy quân_sự cấp xã nơi đang cư_trú xuất_trình giấy_tờ về sự thay_đổi nơi cư_trú để xóa tên trong sổ đăng_ký nghĩa_vụ quân_sự . 

2 . Trong thời_hạn mười ngày , kể từ ngày đến nơi cư_trú mới , người sẵn_sàng nhập_ngũ hoặc quân_nhân dự_bị phải đến Ban Chỉ_huy quân_sự cấp xã xuất_trình giấy_tờ về sự thay_đổi nơi cư_trú và giấy chứng_nhận đăng_ký nghĩa_vụ quân_sự để đăng_ký vào_sổ đăng_ký nghĩa_vụ quân_sự . 

3 . Ban Chỉ_huy quân_sự cấp xã nơi có người sẵn_sàng nhập_ngũ hoặc quân_nhân dự_bị chuyển đi , chuyển đến phải báo_cáo Ban Chỉ_huy quân_sự cấp huyện về sự thay_đổi tại khoản 1 và khoản 2 Điều này vào các thời_gian quy_định tại Điều 23 của Nghị_định này . 

Điều 25 . 

1 . Người sẵn_sàng nhập_ngũ hoặc quân_nhân dự_bị , trước khi di_chuyển nơi cư_trú từ huyện này sang huyện khác , phải đến Ban Chỉ_huy quân_sự cấp xã và Ban Chỉ_huy quân_sự cấp huyện nơi đang cư_trú xuất_trình giấy_tờ về sự thay_đổi nơi cư_trú , xin giấy giới_thiệu di_chuyển đăng_ký nghĩa_vụ quân_sự .  Khi chuyển đến nơi cư_trú mới , trong thời_hạn mười ngày phải đến Ban Chỉ_huy quân_sự cấp huyện và Ban Chỉ_huy quân_sự cấp xã nơi cư_trú mới để đăng_ký chuyển đến . 

2 . Người sẵn_sàng nhập_ngũ hoặc quân_nhân dự_bị , khi được gọi vào học tại các trường : Dạy nghề , trung_học chuyên_nghiệp , cao_đẳng , đại_học phải đến Ban Chỉ_huy quân_sự cấp huyện chuyển giấy chứng_nhận đăng_ký nghĩa_vụ quân_sự đến trường để nhà_trường quản_lý và báo_cáo Ban Chỉ_huy quân_sự cấp huyện nơi nhà_trường đặt trụ_sở . 

Trong thời_hạn ba tháng sau khi tốt_nghiệp , người sẵn_sàng nhập_ngũ hoặc quân_nhân dự_bị phải chuyển giấy chứng_nhận đăng_ký nghĩa_vụ quân_sự về nơi cư_trú mới . 

Điều 26 .  Quân_nhân dự_bị đã được xếp vào đơn_vị dự_bị động_viên khi vắng_mặt khỏi nơi cư_trú từ mười ngày trở lên phải báo_cáo với Ban Chỉ_huy quân_sự cấp xã .  Hàng tháng Ban Chỉ_huy quân_sự cấp xã phải báo_cáo Ban Chỉ_huy quân_sự cấp huyện số quân_nhân dự_bị đang vắng_mặt tại nơi cư_trú . 

Điều 27 .  Người sẵn_sàng nhập_ngũ hoặc quân_nhân dự_bị được cơ_quan , tổ_chức cử đi công_tác ở nước_ngoài thì việc đăng_ký vắng_mặt và đăng_ký lại được thực_hiện như sau : 

1 . Nếu thời_hạn được cử đi từ một năm trở lên thì chậm nhất là mười ngày , kể từ ngày người đó ra nước_ngoài , cơ_quan , tổ_chức nơi người đó công_tác phải cử đại_diện đến Ban Chỉ_huy quân_sự cấp huyện để đăng_ký vắng_mặt dài_hạn và nộp giấy chứng_nhận đăng_ký nghĩa_vụ quân_sự của người sẵn_sàng nhập_ngũ hoặc quân_nhân dự_bị .  Trong thời_hạn mười ngày , kể từ ngày người đó về đến_nơi công_tác thì cơ_quan , tổ_chức nơi người đó công_tác cử đại_diện đến Ban Chỉ_huy quân_sự cấp huyện để đăng_ký lại . 

2 . Nếu thời_hạn được cử đi từ ba tháng đến dưới một năm thì người sẵn_sàng nhập_ngũ hoặc quân_nhân dự_bị gửi lại giấy chứng_nhận đăng_ký nghĩa_vụ quân_sự tại cơ_quan , tổ_chức nơi công_tác .  Cơ_quan , tổ_chức nơi người đó công_tác có trách_nhiệm báo_cáo với Ban Chỉ_huy quân_sự cấp huyện trong thời_hạn mười ngày , kể từ ngày người đó ra nước_ngoài hoặc trở về nước . 

Điều 28 .  Người sẵn_sàng nhập_ngũ hoặc quân_nhân dự_bị được phép ra nước_ngoài về việc riêng thì việc đăng_ký vắng_mặt và đăng_ký lại được thực_hiện như sau : 

1 . Nếu thời_hạn ra nước_ngoài từ một năm trở lên thì người sẵn_sàng nhập_ngũ hoặc quân_nhân dự_bị phải đến Ban Chỉ_huy quân_sự cấp huyện nơi đang cư_trú để xuất_trình giấy_tờ được phép ra nước_ngoài , đăng_ký vắng_mặt dài_hạn và gửi lại giấy chứng_nhận đăng_ký nghĩa_vụ quân_sự .  Trong thời_hạn mười ngày , kể từ ngày về nước thì người sẵn_sàng nhập_ngũ hoặc quân_nhân dự_bị phải đến Ban Chỉ_huy quân_sự cấp huyện để đăng_ký lại . 

2 . Nếu thời_hạn ra nước_ngoài từ ba tháng đến dưới một năm thì người sẵn_sàng nhập_ngũ hoặc quân_nhân dự_bị phải gửi lại giấy đăng_ký nghĩa_vụ quân_sự tại Ban Chỉ_huy quân_sự cấp xã nơi đang cư_trú hoặc cơ_quan , tổ_chức nơi công_tác .  Ban Chỉ_huy quân_sự cấp xã hoặc cơ_quan , tổ_chức nơi người đó công_tác có trách_nhiệm báo_cáo đăng_ký tạm_vắng hoặc đăng_ký lại với Ban Chỉ_huy quân_sự cấp huyện trong thời_hạn mười ngày , kể từ ngày người đó ra nước_ngoài hoặc từ nước_ngoài trở về nước . 

Mục 5 .  Đăng_ký đối_với người được miễn gọi nhập_ngũ trong thời_chiến 

Điều 29 . Người đã đăng_ký nghĩa_vụ quân_sự nếu thuộc diện miễn gọi nhập_ngũ trong thời_chiến theo quy_định của <L rel="Reference"> Luật Nghĩa_vụ quân_sự </L> , thì được đưa ra khỏi danh_sách đăng_ký nghĩa_vụ quân_sự để quản_lý riêng . Trong thời_hạn mười ngày kể từ ngày người đã đăng_ký nghĩa_vụ quân_sự nhận được quyết_định bổ_nhiệm chức_vụ thuộc diện miễn gọi nhập_ngũ trong thời_chiến thì cơ_quan , tổ_chức nơi người đó công_tác cử đại_diện mang quyết_định bổ_nhiệm chức_vụ , giấy chứng_nhận đăng_ký nghĩa_vụ quân_sự của người đó đến Ban Chỉ_huy quân_sự cấp huyện để làm thủ_tục đưa ra khỏi danh_sách đăng_ký nghĩa_vụ quân_sự .
Điều 30 .  Người đã được đưa ra khỏi danh_sách đăng_ký nghĩa_vụ quân_sự quy_định tại Điều 29 của Nghị_định này , nếu không còn giữ chức_vụ thuộc diện miễn gọi nhập_ngũ trong thời_chiến mà còn thuộc diện đăng_ký nghĩa_vụ quân_sự thì phải đăng_ký lại .  Trong thời_hạn mười ngày , kể từ ngày người đó thôi giữ chức_vụ thuộc diện miễn gọi nhập_ngũ trong thời_chiến thì cơ_quan , tổ_chức nơi người đó công_tác cử đại_diện đến Ban Chỉ_huy quân_sự cấp huyện để làm thủ_tục đăng_ký lại cho người đó . 

Điều 31 .  Việc quản_lý những người thuộc diện được miễn gọi nhập_ngũ trong thời_chiến do Bộ_trưởng Bộ Quốc_phòng quy_định . 

Mục 6 .  Đối_tượng được ra khỏi diện đăng_ký nghĩa_vụ quân_sự 

Điều 32 .  Những người được ra khỏi diện đăng_ký nghĩa_vụ quân_sự bao_gồm : 

1 . Người đã đăng_ký nghĩa_vụ quân_sự mà bị chết hoặc bị tàn_tật , mắc bệnh tâm_thần hoặc bệnh mãn_tính khác thuộc diện quy_định tại khoản 3 Điều 9 của Nghị_định này . 

2 . Những người hết tuổi phục_vụ ở ngạch quân_nhân dự_bị . 

Điều 33 .  Hàng năm , Ban Chỉ_huy quân_sự cấp huyện quyết_định đưa ra khỏi diện đăng_ký nghĩa_vụ quân_sự cho những người thuộc diện quy_định tại Điều 32 của Nghị_định này . 

Chương_IV 

CHẾ_ĐỘ , CHÍNH_SÁCH VÀ NGÂN_SÁCH BẢO_ĐẢM CHO ĐĂNG_KÝ NGHĨA_VỤ QUÂN_SỰ 

Điều 34 .  Người sẵn_sàng nhập_ngũ và quân_nhân dự_bị trong thời_gian đi đăng_ký nghĩa_vụ quân_sự hoặc kiểm_tra sức_khỏe được hưởng các chế_độ sau : 

1 . Nếu là cán_bộ , công_chức , công_nhân đang hưởng lương từ ngân_sách nhà_nước được cơ_sở nơi làm_việc trả nguyên lương và các khoản phụ_cấp khác ( nếu có ) , tiền tàu xe và phụ_cấp đi đường theo chế_độ hiện_hành . 

2 . Các đối_tượng khác được Ban Chỉ_huy quân_sự cấp huyện cấp tiền tàu xe đi về , tiền ăn , ở trong những ngày chờ đăng_ký hoặc kiểm_tra sức_khỏe theo chế_độ hiện_hành . 

Điều 35 .  Kinh_phí chi cho việc đăng_ký nghĩa_vụ quân_sự do ngân_sách địa_phương bảo_đảm , gồm các khoản sau đây : 

1 . In sổ_sách , mẫu biểu về đăng_ký nghĩa_vụ quân_sự . 

2 . Tổ_chức đăng_ký nghĩa_vụ quân_sự ở cấp huyện và cấp xã . 

3 . Các công_việc khác liên_quan đến việc đăng_ký nghĩa_vụ quân_sự . 

Chương_V 

NHIỆM_VỤ , QUYỀN_HẠN CỦA CÁC CƠ_QUAN , TỔ_CHỨC 

TRONG VIỆC ĐĂNG_KÝ NGHĨA_VỤ QUÂN_SỰ 

Điều 36 .  Bộ_trưởng Bộ Quốc_phòng chỉ_đạo việc đăng_ký nghĩa_vụ quân_sự trong phạm_vi cả nước ;  quy_định_chế_độ báo_cáo , chế_độ kiểm_tra việc đăng_ký nghĩa_vụ quân_sự cho cơ_quan quân_sự các cấp và đơn_vị thuộc quyền ;  quy_định_chế_độ_sinh_hoạt đối_với người sẵn_sàng nhập_ngũ và quân_nhân dự_bị ;  quy_định hệ_thống mẫu biểu , sổ_sách đăng_ký , quản_lý người sẵn_sàng nhập_ngũ và quân_nhân dự_bị . 

Điều 37 .  Ủy_ban nhân_dân các cấp có trách_nhiệm chỉ_đạo cơ_quan quân_sự cùng cấp thực_hiện việc đăng_ký nghĩa_vụ quân_sự , quản_lý người sẵn_sàng nhập_ngũ và quân_nhân dự_bị ở địa_phương theo quy_định của Nghị_định này và các quy_định của Bộ_trưởng Bộ Quốc_phòng . 

Điều 38 . 

1 . Tư_lệnh Quân_khu , Chỉ_huy_trưởng Bộ Chỉ_huy quân_sự tỉnh , thành_phố trực_thuộc Trung_ương có trách_nhiệm chỉ_đạo các cơ_quan quân_sự thuộc quyền thực_hiện việc đăng_ký nghĩa_vụ quân_sự . 

2 . Chỉ_huy_trưởng Ban Chỉ_huy quân_sự cấp huyện , Chỉ_huy_trưởng Ban Chỉ_huy quân_sự cấp xã có trách_nhiệm trực_tiếp tổ_chức việc đăng_ký nghĩa_vụ quân_sự . 

Điều 39 .  Cơ_quan công_an các cấp trong phạm_vi nhiệm_vụ , quyền_hạn của mình có trách_nhiệm : 

1 . Tạm giữ giấy chứng_nhận đăng_ký nghĩa_vụ quân_sự khi người sẵn_sàng nhập_ngũ hoặc quân_nhân dự_bị đang bị tạm giữ , tạm giam . 

2 . Thông_báo cho Ban Chỉ_huy quân_sự cấp huyện nơi người sẵn_sàng nhập_ngũ hoặc quân_nhân dự_bị đang cư_trú về việc họ bị tạm giữ , tạm giam hoặc được trả lại tự_do trong thời_hạn mười lăm ngày , kể từ ngày họ bị tạm giữ , tạm giam hoặc được trả lại tự_do . 

3 . Thông_báo cho Ban Chỉ_huy quân_sự cấp huyện về việc người sẵn_sàng nhập_ngũ hoặc quân_nhân dự_bị được cấp giấy di_chuyển hộ_khẩu , đăng_ký hộ_khẩu hoặc được cấp giấy đăng_ký tạm_trú có thời_hạn , để theo_dõi và quản_lý việc đăng_ký nghĩa_vụ quân_sự . 

4 . Kiểm_tra việc đăng_ký vắng_mặt của người sẵn_sàng nhập_ngũ hoặc quân_nhân dự_bị khi họ được phép ra nước_ngoài thuộc thẩm_quyền cấp hộ_chiếu của Bộ Công_an . 

5 . Phối_hợp với cơ_quan quân_sự địa_phương và các cơ_quan liên_quan khác kiểm_tra , xử_lý những người vi_phạm các quy_định về đăng_ký nghĩa_vụ quân_sự . 

Điều 40 .  Cơ_quan ngoại_giao có trách_nhiệm kiểm_tra việc đăng_ký vắng_mặt của người sẵn_sàng nhập_ngũ hoặc quân_nhân dự_bị khi được cử đi nước_ngoài thuộc thẩm_quyền cấp hộ_chiếu của Bộ Ngoại_giao . 

Điều 41 .  Cơ_quan y_tế cấp huyện có trách_nhiệm chủ_trì việc kiểm_tra sức_khỏe cho quân_nhân dự_bị và khám sức_khỏe cho người sẵn_sàng nhập_ngũ theo kế_hoạch của cơ_quan quân_sự địa_phương cùng cấp . 

Điều 42 .  Cơ_quan tư_pháp có thẩm_quyền theo quy_định của pháp_luật , có trách_nhiệm thông_báo cho Ban Chỉ_huy quân_sự cấp huyện về việc người sẵn_sàng nhập_ngũ hoặc quân_nhân dự_bị thay_đổi họ tên , bị chết trong thời_hạn mười ngày , kể từ ngày thay_đổi họ tên hoặc chết . 

Điều 43 .  Ban Chỉ_huy quân_sự cấp huyện , khi nhận được trích lục_án của Tòa_án về việc người thuộc diện sẵn_sàng nhập_ngũ hoặc quân_nhân dự_bị bị Tòa_án tuyên tước quyền phục_vụ trong lực_lượng vũ_trang nhân_dân , bị xử_phạt tù , cải_tạo không giam_giữ thì đưa vào diện chưa được đăng_ký nghĩa_vụ quân_sự theo quy_định tại Điều 8 của Nghị_định này . 

I 

KHEN_THƯỞNG VÀ XỬ_LÝ VI_PHẠM 

Điều 44 .  Tổ_chức , cá_nhân có thành_tích trong việc đăng_ký nghĩa_vụ quân_sự thì được khen_thưởng theo quy_định của pháp_luật hiện_hành . 

Điều 45 .  Tổ_chức và cá_nhân có hành_vi vi_phạm các quy_định về đăng_ký nghĩa_vụ quân_sự thì tùy theo tính_chất , mức_độ vi_phạm mà bị xử_lý theo quy_định của pháp_luật . 

Điều 46 .  Việc khiếu_nại , tố_cáo và giải_quyết về khiếu_nại , tố_cáo những vi_phạm các quy_định về đăng_ký nghĩa_vụ quân_sự được thực_hiện theo quy_định của pháp_luật về khiếu_nại , tố_cáo . 

I 

ĐIỀU_KHOẢN THI_HÀNH 

Điều 47 . Nghị_định này có hiệu_lực thi_hành sau mười lăm ngày , kể từ ngày ký và thay_thế <NĐ rel="Replace"> Nghị_định số 48/HĐBT ngày 16 tháng 05 năm 1983 </NĐ> của Hội_đồng Bộ_trưởng ( nay là Chính_phủ ) ban_hành Điều_lệ đăng_ký nghĩa_vụ quân_sự . Các quy_định khác trái với Nghị_định này đều bãi_bỏ .
I 

Điều 48 .  Bộ_trưởng Bộ Quốc_phòng chịu trách_nhiệm hướng_dẫn thi_hành Nghị_định này . 

I 

Điều 49 .  Các Bộ_trưởng , Thủ_trưởng cơ_quan ngang Bộ , Thủ_trưởng cơ_quan thuộc Chính_phủ , Chủ_tịch Ủy_ban nhân_dân các tỉnh , thành_phố trực_thuộc Trung_ương chịu trách_nhiệm thi_hành Nghị_định này ./. 

I 