Nghị định Về quản lý và sử dụng con dấu

Căn_cứ <L rel="Pursuant"> Luật Tổ_chức Chính_phủ ngày 30 tháng 9 năm 1992 </L> ;
Điều 1 .  Con_dấu được sử_dụng trong các cơ_quan nhà_nước , tổ_chức chính_trị , tổ_chức chính_trị-xã_hội , tổ_chức xã_hội-nghề_nghiệp , hội quần_chúng , tổ_chức kinh_tế , đơn_vị vũ_trang , cơ_quan , tổ_chức nước_ngoài hoạt_động tại Việt_Nam ( dưới đây gọi tắt là cơ_quan , tổ_chức ) và một_số chức_danh nhà_nước .  Con_dấu thể_hiện vị_trí pháp_lý và khẳng_định giá_trị pháp_lý đối_với các văn_bản , giấy_tờ của các cơ_quan , tổ_chức và các chức_danh nhà_nước .  Con_dấu được quản_lý theo quy_định của Nghị_định này . 

Điều 2 .  Các quy_định về quản_lý và sử_dụng con_dấu trong Nghị_định này áp_dụng đối_với con_dấu có hình Quốc_huy và con_dấu không có hình Quốc_huy được sử_dụng dưới dạng con_dấu ướt , con_dấu nổi , dấu xi . 

Dấu tiêu_đề , dấu ngày_tháng , dấu tiếp_nhận công_văn , dấu chữ_ký , không thuộc phạm_vi điều_chỉnh của Nghị_định này . 

Điều 3 .  Các cơ_quan tổ_chức và chức_danh nhà_nước dưới đây được dùng con_dấu có hình quốc_huy . 

1 . Ủy_ban thường_vụ Quốc_hội , Hội_đồng Dân_tộc và các Ủy_ban của Quốc_hội , Văn_phòng Quốc_hội , đoàn đại_biểu Quốc_hội các tỉnh , thành_phố trực_thuộc Trung_ương ; 

2 . Chủ_tịch nước , Chủ_tịch Quốc_hội , Thủ_tướng Chính_phủ ; 

3 . Chính_phủ , các Bộ , cơ_quan ngang Bộ và các cơ_quan thuộc Chính_phủ ; 

4 . Văn_phòng Chủ_tịch nước ; 

5 . Viện_Kiểm_sát nhân_dân tối_cao , các Viện_Kiểm_sát nhân_dân địa_phương , các Viện_Kiểm_sát quân_sự ; 

6 . Tòa_án nhân_dân tối_cao , các Tòa_án nhân_dân địa_phương , các Tòa_án quân_sự và các Tòa_án khác do luật_định ; 

7 . Hội_đồng nhân_dân và Ủy_ban nhân_dân các cấp ; 

8 . Cơ_quan thi_hành án dân_sự ; 

9 . Phòng Công_chứng các tỉnh , thành_phố trực_thuộc Trung_ương ; 

10 .  Cơ_quan đại_diện nước Cộng_hòa xã_hội chủ_nghĩa Việt_Nam ở nước_ngoài , gồm Cơ_quan đại_diện ngoại_giao , phái_đoàn đại_diện thường_trực tổ_chức quốc_tế liên chính_phủ và Cơ_quan lãnh_sự ( kể_cả lãnh_sự danh_dự ) , Cơ_quan đại_diện thực_hiện chức_năng đại_diện cho Nhà_nước Việt_Nam trong quan_hệ với nước , tổ_chức quốc_tế tiếp_nhận trong phạm_vi nhiệm_vụ và quyền_hạn do luật_pháp quy_định ; 

11 .  Các cơ_quan thuộc Bộ Ngoại_giao : Cục Lãnh_sự , Vụ Lễ_tân , Ủy_ban người Việt_Nam ở nước_ngoài và Sở Ngoại_vụ thành_phố Hồ_Chí_Minh ; 

12 .  Một_số tổ_chức khác do Thủ_tướng Chính_phủ cho phép . 

Điều 4 .  Các cơ_quan , tổ_chức dưới đây được sử_dụng con_dấu không có hình Quốc_huy : 

1 . Các cơ_quan , tổ_chức có tư_cách pháp_nhân thuộc cơ_cấu tổ_chức của Bộ , cơ_quan ngang Bộ , cơ_quan thuộc Chính_phủ ; 

2 . Các cơ_quan , tổ_chức có tư_cách pháp_nhân thuộc cơ_cấu tổ_chức của Viện_Kiểm_sát nhân_dân , Viện_Kiểm_sát quân_sự , Tòa_án nhân_dân , Tòa_án quân_sự các cấp ; 

3 . Các cơ_quan chuyên_môn và tổ_chức sự_nghiệp trực thuộc Ủy_ban nhân_dân cấp tỉnh , cấp huyện ; 

4 . Tổ_chức chính_trị , các tổ_chức chính_trị-xã_hội , các tổ_chức xã_hội-nghề_nghiệp , các hội hữu_nghị , các tổ_chức hoạt_động nhân_đạo , hội bảo_trợ xã_hội , quỹ xã_hội , quỹ từ_thiện ;  các tổ_chức phi chính_phủ khác được cơ_quan nhà_nước có thẩm_quyền cho phép thành_lập hay cấp giấy_phép hoạt_động ; 

5 . Các tổ_chức tôn_giáo được cơ_quan nhà_nước có thẩm_quyền cho phép hoạt_động ; 

6 . Các tổ_chức kinh_tế được quy_định theo <L rel="Reference"> Luật_Doanh_nghiệp Nhà_nước </L> , <L rel="Reference"> Luật Doanh_nghiệp </L> , <L rel="Reference"> Luật_Đầu_tư nước_ngoài tại Việt_Nam </L> ; <L rel="Reference"> Luật Khuyến_khích đầu_tư trong nước </L> ; <L rel="Reference"> Luật Hợp_tác_xã </L> và các tổ_chức kinh_tế khác theo quy_định của pháp_luật ; các đơn_vị trực_thuộc , Chi_nhánh , Văn_phòng đại_diện của các tổ_chức kinh_tế này ;
7 . Một_số tổ_chức khác được cơ_quan có thẩm_quyền thành_lập cho phép . 

8 . Các cơ_quan , tổ_chức nước_ngoài hoạt_động hợp_pháp tại Việt_Nam . 

Điều 5 .  Các chức_danh nhà_nước , Thủ_trưởng hoặc người đứng đầu_cơ_quan , tổ_chức quy_định tại Điều 3 , Điều 4 của Nghị_định này có trách_nhiệm quản_lý , kiểm_tra việc bảo_quản và sử_dụng con_dấu của cơ_quan , tổ_chức mình theo đúng chức_năng và thẩm_quyền được pháp_luật quy_định . 

Điều 6 .  Việc quản_lý và sử_dụng con_dấu phải tuân theo các quy_định sau đây : 

1 . Mỗi cơ_quan , tổ_chức và các chức_danh nhà_nước quy_định tại Điều 3 , Điều 4 của Nghị_định này chỉ được sử_dụng một con_dấu .  Trong trường_hợp cần có thêm con_dấu cùng nội_dung như con_dấu thứ nhất thì phải được sự đồng_ý bằng văn_bản của cơ_quan có thẩm_quyền thành_lập và phải có ký_hiệu riêng để phân_biệt với con_dấu thứ nhất ; 

Các cơ_quan , tổ_chức có chức_năng cấp văn_bằng , chứng_chỉ , thẻ chứng_minh nhân_dân , thị_thực visa có dán ảnh thì được khắc thêm dấu nổi , dấu thu nhỏ để phục_vụ cho công_tác , nghiệp_vụ nhưng phải được cấp có thẩm_quyền cho phép và nội_dung con_dấu phải giống như con_dấu ướt mà cơ_quan , tổ_chức đó được phép sử_dụng . 

2 . Con_dấu khắc xong phải được đăng_ký mẫu tại cơ_quan công_an , phải nộp lệ_phí do Bộ Tài_chính quy_định và chỉ được sử_dụng sau khi đã được cấp " Giấy chứng_nhận đăng_ký mẫu dấu " .  Cơ_quan , tổ_chức khi bắt_đầu sử_dụng con_dấu mới phải thông_báo giới_thiệu mẫu con_dấu mới . 

3 . Việc đóng_dấu vào các loại văn_bản giấy_tờ phải theo đúng quy_định của pháp_luật . 

4 . Người đứng đầu các cơ_quan , tổ_chức có trách_nhiệm quản_lý , sử_dụng con_dấu của cơ_quan , tổ_chức mình . 

Con_dấu phải được để tại trụ_sở cơ_quan , tổ_chức và phải được quản_lý chặt_chẽ .  Trường_hợp thật cần_thiết để giải_quyết công_việc ở xa trụ_sở cơ_quan thì Thủ_trưởng cơ_quan , tổ_chức đó có_thể mang con_dấu đi theo và phải chịu trách_nhiệm về việc mang con_dấu ra khỏi cơ_quan . 

5 . Mực in dấu thống_nhất dùng màu đỏ . 

6 . Trong trường_hợp bị mất con_dấu , cơ_quan , tổ_chức phải báo ngay cho cơ_quan công_an gần nhất và cơ_quan công_an đã cấp giấy chứng_nhận đăng_ký mẫu dấu đồng_thời phải thông_báo hủy_bỏ con_dấu bị mất . 

7 . Con_dấu đang sử_dụng bị mòn , hỏng hoặc có sự chuyển_đổi về tổ_chức hay đổi tên tổ_chức thì phải làm thủ_tục khắc lại con_dấu mới và nộp lại con_dấu cũ . 

8 . Cơ_quan , tổ_chức sử_dụng con_dấu phải tạo điều_kiện để các cơ_quan có thẩm_quyền kiểm_tra việc chấp_hành các quy_định về quản_lý và sử_dụng con_dấu . 

Điều 7 .  Cơ_quan , tổ_chức nói tại Điều 3 , Điều 4 Nghị_định này , khi có quyết_định chia tách , sáp_nhập , giải_thể , kết_thúc nhiệm_vụ có hiệu_lực thi_hành thì người đứng đầu_cơ_quan , tổ_chức phải thu_hồi con_dấu và nộp lại con_dấu cho cơ_quan công_an cấp giấy chứng_nhận đăng_ký mẫu dấu . 

Trong trường_hợp tạm đình_chỉ sử_dụng con_dấu , cơ_quan , tổ_chức có thẩm_quyền ra quyết_định thành_lập và cho phép sử_dụng con_dấu phải thu_hồi con_dấu và phải thông_báo cho cơ_quan công_an cấp giấy_phép khắc dấu và các cơ_quan liên_quan biết . 

Điều 8 .  Bộ Công_an quy_định thống_nhất mẫu các loại con_dấu và việc khắc biểu_tượng trong con_dấu hoặc chữ nước_ngoài trong con_dấu ;  cấp giấy_phép khắc dấu , lưu_chiểu mẫu dấu và cấp giấy chứng_nhận đăng_ký mẫu dấu ;  quản_lý hoạt_động khắc dấu ;  kiểm_tra việc quản_lý , sử_dụng con_dấu và thực_hiện các công_việc khác theo quy_định của Nghị_định này . 

Điều 9 .  Thẩm_quyền cấp giấy_phép khắc dấu , giấy chứng_nhận đăng_ký mẫu dấu và đăng_ký lưu_chiểu mẫu dấu quy_định như sau : 

1 . Tổng_cục Cảnh_sát Bộ Công_an cấp giấy_phép khắc dấu , đăng_ký mẫu con_dấu , cấp giấy chứng_nhận đăng_ký mẫu dấu cho các chức_danh nhà_nước , các cơ_quan , tổ_chức thuộc các Bộ , cơ_quan ngang Bộ , cơ_quan thuộc Chính_phủ , các tổ_chức chính_trị , tổ_chức chính_trị-xã_hội ở Trung_ương ;  cấp giấy_phép khắc dấu cho các cơ_quan đại_diện ngoại_giao , các cơ_quan đại_diện bên cạnh các tổ_chức Quốc_tế liên Chính_phủ của nước_ngoài tại Việt_Nam ;  cấp giấy_phép mang con_dấu vào Việt_Nam sử_dụng cho các cơ_quan , tổ_chức nước_ngoài khác không có chức_năng ngoại_giao hoạt_động hợp_pháp tại Việt_Nam . 

2 . Công_an tỉnh , thành_phố trực_thuộc Trung_ương cấp giấy_phép khắc dấu , đăng_ký mẫu dấu , cấp giấy chứng_nhận đăng_ký mẫu dấu cho các cơ_quan , tổ_chức địa_phương , một_số cơ_quan , tổ_chức Trung_ương đóng tại địa_phương theo phân_cấp của Bộ Công_an ;  đăng_ký mẫu dấu và cấp giấy chứng_nhận đăng_ký mẫu dấu cho các cơ_quan , tổ_chức nước_ngoài khác không phải là đại_diện ngoại_giao đã được phép mang vào Việt_Nam để sử_dụng . 

Điều 10 .  Thủ_tục và hồ_sơ xin khắc dấu gồm có : 

1 . Các chức_danh nhà_nước , các cơ_quan , tổ_chức được sử_dụng con_dấu có hình Quốc_huy , các cơ_quan chuyên_môn , tổ_chức sự_nghiệp , tổ_chức chính_trị , tổ_chức chính_trị-xã_hội , tổ_chức phi chính_phủ : 

a ) Đối_với các cơ_quan , tổ_chức và chức_danh nhà_nước , các cơ_quan chuyên_môn , tổ_chức sự_nghiệp : 

Phải có quyết_định về thành_lập tổ_chức theo quy_định đối_với từng loại cơ_quan , tổ_chức .  Trong trường_hợp quyết_định chưa quy_định cho phép cơ_quan , tổ_chức được dùng con_dấu thì cơ_quan , tổ_chức đó phải có văn_bản riêng cho phép dùng con_dấu của cơ_quan thẩm_quyền thành_lập ra tổ_chức đó . 

b ) Các tổ_chức chính_trị-xã_hội , tổ_chức phi chính_phủ , tổ_chức tôn_giáo , hội quần_chúng , hội nghề_nghiệp : 

Phải có " Điều_lệ về tổ_chức và hoạt_động " đã được cấp có thẩm_quyền phê_duyệt ;  các tổ_chức khoa_học phải có " Giấy chứng_nhận đăng_ký hoạt_động " . 

2 . Các tổ_chức kinh_tế : 

a ) Giấy chứng_nhận đăng_ký kinh_doanh hoặc giấy chứng_nhận đăng_ký hoạt_động , giấy_phép đầu_tư , giấy_phép đặt chi_nhánh ;  giấy_phép thầu , giấy_phép đặt Văn_phòng đại_diện tại Việt_Nam ( đối_với tổ_chức kinh_tế liên_doanh , đầu_tư nước_ngoài ) . 

b ) Các tổ_chức kinh_tế là doanh_nghiệp nhà_nước và doanh_nghiệp của tổ_chức chính_trị , tổ_chức chính_trị-xã_hội , ngoài các giấy_tờ quy_định tại điểm a khoản 2 Điều này còn phải có quyết_định thành_lập của cơ_quan có thẩm_quyền . 

3 . Trường_hợp các cơ_quan , tổ_chức hay các chức_danh nhà_nước muốn khắc lại con_dấu bị mất hoặc dấu bị mòn , hỏng thì phải có văn_bản nêu rõ lý_do và đề_nghị cơ_quan công_an khắc lại con_dấu mới mà không cần phải có thêm các loại văn_bản nào khác . 

4 . Trong thời_gian không quá 7 ngày , kể từ ngày nhận được hồ_sơ của cơ_quan , tổ_chức theo quy_định , cơ_quan công_an cấp giấy_phép khắc dấu và giới_thiệu đến cơ_sở khắc dấu theo quy_định . 

Điều 11 . 

1 . Các Cơ_quan đại_diện ngoại_giao , Cơ_quan lãnh_sự và Cơ_quan đại_diện của các tổ_chức quốc_tế liên chính_phủ tại Việt_Nam ;  các bộ_phận lãnh_sự , bộ_phận tùy_viên quân_sự và các bộ_phận khác trực_thuộc Cơ_quan đại_diện ngoại_giao nước_ngoài tại Việt_Nam trước khi sử_dụng con_dấu của cơ_quan mình phải thông_báo và đăng_ký mẫu con_dấu tại Bộ Ngoại_giao Việt_Nam . 

2 . Các cơ_quan nước_ngoài khác và các tổ_chức quốc_tế phi chính_phủ có đại_diện tại Việt_Nam muốn mang con_dấu từ nước_ngoài vào Việt_Nam để sử_dụng phải làm thủ_tục đăng_ký mẫu con_dấu tại Bộ Công_an Việt_Nam . 

3 . Các cơ_quan , tổ_chức nước_ngoài không phải là Cơ_quan đại_diện ngoại_giao mang con_dấu từ nước_ngoài vào Việt_Nam sử_dụng cần có văn_bản gửi Bộ Công_an Việt_Nam nói rõ lý_do , phạm_vi sử_dụng con_dấu , kèm theo mẫu con_dấu , giấy_phép của cơ_quan nhà_nước có thẩm_quyền của Việt_Nam , đồng_thời phải đăng_ký mẫu dấu trước khi sử_dụng . 

Điều 12 .  Các cơ_quan , tổ_chức và cá_nhân có thành_tích trong việc thực_hiện các quy_định về quản_lý và sử_dụng con_dấu thì được khen_thưởng theo quy_định chung của nhà_nước . 

Điều 13 .  Người nào có hành_vi vi_phạm các quy_định về quản_lý và sử_dụng con_dấu , thì tùy theo tính_chất , mức_độ vi_phạm mà bị xử_lý kỷ_luật , xử_phạt vi_phạm hành_chính hoặc truy_cứu trách_nhiệm hình_sự . 

Điều 14 . 

1 . Căn_cứ vào các quy_định của Nghị_định này , Bộ_trưởng Bộ Quốc_phòng , Bộ_trưởng Bộ Công_an quy_định cụ_thể mẫu con_dấu , việc quản_lý và sử_dụng các loại con_dấu dùng trong lực_lượng Quân_đội nhân_dân và Công_an nhân_dân . 

2 . Bộ Công_an phối_hợp với Ban Tổ_chức-Cán_bộ Chính_phủ , tổ_chức chính_trị , tổ_chức chính_trị-xã_hội quy_định thống_nhất mẫu con_dấu , việc quản_lý và sử_dụng con_dấu trong các hệ_thống tổ_chức đó . 

3 . Bộ Công_an phối_hợp với Ban Tôn_giáo của Chính_phủ , cơ_quan Trung_ương của các tổ_chức tôn_giáo tại Việt_Nam quy_định thống_nhất mẫu con_dấu , việc quản_lý và sử_dụng con_dấu trong các tôn_giáo . 

4 . Việc quản_lý và sử_dụng con_dấu của các cơ_quan , tổ_chức dùng trong công_tác đối_ngoại thực_hiện theo quy_định của Nghị_định này và các quy_định cụ_thể của Bộ Công_an sau khi trao_đổi với Bộ Ngoại_giao . 

Điều 15 . Nghị_định này có hiệu_lực sau 15 ngày , kể từ ngày ký và thay_thế <NĐ rel="Replace"> Nghị_định số 62/CP ngày 22 tháng 09 năm 1993 </NĐ> của Chính_phủ .
Điều 16 . 

1 . Bộ_trưởng Bộ Công_an và Bộ_trưởng , Trưởng ban Ban Tổ_chức-Cán_bộ Chính_phủ có trách_nhiệm hướng_dẫn thực_hiện , kiểm_tra việc quản_lý và sử_dụng con_dấu theo quy_định của Nghị_định này . 

2 . Các Bộ_trưởng , Thủ_trưởng cơ_quan ngang Bộ , Thủ_trưởng cơ_quan thuộc Chính_phủ , Chủ_tịch Ủy_ban nhân_dân các tỉnh , thành_phố trực_thuộc Trung_ương và Thủ_trưởng các cơ_quan , tổ_chức có sử_dụng con_dấu chịu trách_nhiệm thi_hành Nghị_định này ./. 