Nghị định Sửa đổi, bổ sung thủ tục hành chính tại một số Nghị định của Chính phủ quy định chi tiết Luật Thương mại

Căn_cứ <L rel="Pursuant"> Luật Tổ_chức Chính_phủ ngày 25 tháng 12 năm 2001 </L> ;
Điều 1 . Bổ_sung khoản 14 vào Điều 3 của <NĐ rel="Amended"> Nghị_định số 158/2006/NĐ-CP ngày 28 tháng 12 năm 2006 </NĐ> của Chính_phủ quy_định chi_tiết <L rel="Others"> Luật Thương_mại </L> về hoạt_động mua_bán hàng_hóa qua Sở giao_dịch hàng_hóa như sau :
“ 14 .  Bản_sao là : 

a ) Bản_sao có chứng_thực ( đối_với trường_hợp nộp hồ_sơ qua đường bưu_điện , công_văn hành_chính ) ; 

b ) Bản chụp kèm theo bản_chính để đối_chiếu ( đối_với trường_hợp nộp hồ_sơ trực_tiếp ) ; 

c ) Bản scan từ bản_gốc ( nếu thủ_tục hành_chính có áp_dụng nộp hồ_sơ qua mạng điện_tử ) .  ” 

Điều 2 . Sửa_đổi , bổ_sung một_số điều của <NĐ rel="Amended"> Nghị_định số 72/2006/NĐ-CP ngày 25 tháng 7 năm 2006 </NĐ> của Chính_phủ quy_định chi_tiết <L rel="Others"> Luật Thương_mại </L> về Văn_phòng đại_diện , Chi_nhánh của thương_nhân nước_ngoài tại Việt_Nam
1 . Bổ_sung Điều 3a sau Điều 3 như sau : 

“ Điều 3a .  Giải_thích từ_ngữ 

Bản_sao các tài_liệu trong hồ_sơ đề_nghị cấp Giấy_phép thành_lập Văn_phòng đại_diện , Chi_nhánh và trong hồ_sơ đề_nghị cấp lại Giấy_phép thành_lập Văn_phòng đại_diện , Chi_nhánh là : 

2 . Sửa_đổi điểm b khoản 1 , điểm c khoản 2 và khoản 3 Điều 5 như sau : 

a ) Thay_thế cụm từ “ Bản_sao Giấy đăng_ký kinh_doanh hoặc giấy_tờ có giá_trị tương_đương của thương_nhân nước_ngoài được cơ_quan có thẩm_quyền nơi thương_nhân nước_ngoài thành_lập hoặc đăng_ký kinh_doanh xác_nhận ” thành “ Bản_sao Giấy đăng_ký kinh_doanh hoặc giấy_tờ có giá_trị tương_đương của thương_nhân nước_ngoài được hợp_pháp hóa_lãnh_sự theo quy_định của pháp_luật Việt_Nam ” ; 

b ) Sửa đoạn “ Các giấy_tờ quy_định tại điểm b và c khoản 1 , điểm b , c và d khoản 2 Điều này ” thành “ Các giấy_tờ quy_định tại điểm c khoản 1 , điểm b và d khoản 2 Điều này ” . 

3 . Bổ_sung vào Điều 5 , Điều 10 , Điều 12 , Điều 14 đối_với quy_định về hồ_sơ phải nộp như sau : 

“ Số bộ hồ_sơ phải nộp là một ( 01 ) bộ .  ” 

Điều 3 . Sửa_đổi , bổ_sung một_số điều của <NĐ rel="Amended"> Nghị_định số 35/2006/NĐ-CP ngày 31 tháng 3 năm 2006 </NĐ> của Chính_phủ quy_định chi_tiết <L rel="Others"> Luật Thương_mại </L> về hoạt_động nhượng quyền thương_mại
1 . Sửa_đổi khoản 4 Điều 4 như sau : 

“ 4 .  Ủy_ban nhân_dân tỉnh , thành_phố trực_thuộc Trung_ương có trách_nhiệm sau đây : 

a ) Thực_hiện quản_lý nhà_nước về hoạt_động nhượng quyền thương_mại trong nước trên địa_bàn tỉnh ; 

b ) Chỉ_đạo Sở Công_Thương báo_cáo định_kỳ hoạt_động nhượng quyền thương_mại trên địa_bàn về Bộ Công_Thương .  ” 

2 . Bổ_sung Điều 17a sau Điều 17 như sau : 

“ Điều 17a .  Các trường_hợp không phải đăng_ký nhượng quyền 

1 . Các trường_hợp sau không phải đăng_ký nhượng quyền : 

a ) Nhượng quyền trong nước ; 

b ) Nhượng quyền thương_mại từ Việt_Nam ra nước_ngoài . 

2 . Đối_với các trường_hợp không phải đăng_ký nhượng quyền phải thực_hiện chế_độ báo_cáo Sở Công_Thương .  ” 

3 . Bãi_bỏ điểm b khoản 1 và khoản 2 Điều 18 . 

4 . Sửa_đổi khoản 4 Điều 19 như sau : 

“ 4 .  Các giấy_tờ quy_định tại khoản 2 và khoản 3 Điều này phải được hợp_pháp hóa_lãnh_sự theo quy_định của pháp_luật Việt_Nam .  ” 

Điều 4 . Bãi_bỏ một_số điều , khoản của <NĐ rel="PartDrop"> Nghị_định số 20/2006/NĐ-CP ngày 20 tháng 2 năm 2006 </NĐ> của Chính_phủ quy_định chi_tiết <L rel="Others"> Luật Thương_mại </L> về kinh_doanh dịch_vụ giám_định thương_mại
1 . Bãi_bỏ điểm b và d khoản 1 Điều 4 ; khoản 2 , khoản 3 và khoản 4 Điều 8 ; Điều 9 ; Điều 10 ; Điều 11 ; Điều 12 ; điểm d khoản 1 Điều 19 và Điều 22 <NĐ rel="PartDrop"> Nghị_định số 20/2006/NĐ-CP </NĐ> .
2 . Sửa_đổi khoản 3 Điều 4 như sau : 

“ 3 .  Ủy_ban nhân_dân tỉnh , thành_phố trực_thuộc Trung_ương nơi thương_nhân đăng_ký kinh_doanh trong phạm_vi quyền_hạn của mình thực_hiện quản_lý nhà_nước về hoạt_động kinh_doanh dịch_vụ giám_định thương_mại .  ” 

Điều 5 .  Hiệu_lực thi_hành 

Nghị_định này có hiệu_lực thi_hành kể từ ngày 01 tháng 02 năm 2012 . 

Điều 6 .  Trách_nhiệm thi_hành 

Các Bộ_trưởng , Thủ_trưởng cơ_quan ngang Bộ , Thủ_trưởng cơ_quan thuộc Chính_phủ , Chủ_tịch Ủy_ban nhân_dân các tỉnh , thành_phố trực_thuộc Trung_ương và các tổ_chức , cá_nhân liên_quan chịu trách_nhiệm thi_hành Nghị_định này ./. 