Nghị định Quy định xử phạt vi phạm hành chính trong lĩnh vực giáo dục

Căn_cứ <L rel="Pursuant"> Luật Tổ_chức Chính_phủ ngày 25 tháng 12 năm 2001 </L> ;
Căn_cứ <L rel="Pursuant"> Luật Xử_lý vi_phạm hành_chính ngày 20 tháng 6 năm 2012 </L> ;
Căn_cứ <L rel="Pursuant"> Luật Giáo_dục ngày 14 tháng 6 năm 2005 </L> và <L rel="Pursuant"> Luật sửa_đổi , bổ_sung một_số điều của <L rel="Others"> Luật Giáo_dục </L> ngày 25 tháng 11 năm 2009 </L> ;
Căn_cứ <L rel="Pursuant"> Luật Giáo_dục đại_học ngày 18 tháng 6 năm 2012 </L> ;
Điều 1 .  Phạm_vi điều_chỉnh 

Nghị_định này quy_định về hành_vi vi_phạm , hình_thức xử_phạt , mức xử_phạt , biện_pháp khắc_phục hậu_quả , thẩm_quyền xử_phạt , thẩm_quyền lập biên_bản đối_với hành_vi vi_phạm hành_chính trong lĩnh_vực giáo_dục . 

Điều 2 .  Đối_tượng áp_dụng 

1 . Tổ_chức , cá_nhân Việt_Nam ;  tổ_chức , cá_nhân nước_ngoài có hành_vi vi_phạm hành_chính trong lĩnh_vực giáo_dục trên lãnh_thổ Việt_Nam . 

2 . Người có thẩm_quyền lập biên_bản , xử_phạt vi_phạm hành_chính và cá_nhân , tổ_chức khác có liên_quan . 

Điều 3 .  Mức phạt tiền 

1 . Mức phạt tiền tối_đa áp_dụng đối_với cá_nhân là 50 triệu đồng , với tổ_chức là 100 triệu đồng . 

2 . Mức phạt tiền quy_định tại Chương II của Nghị_định này là mức phạt tiền đối_với tổ_chức , trừ mức phạt tiền quy_định tại Khoản 5 Điều 9 ;  Khoản 1 và Khoản 2 Điều 11 ;  Khoản 1 và các điểm a , b , c , d và đ Khoản 3 Điều 13 ;  Khoản 2 và Khoản 3 Điều 16 ;  Khoản 1 Điều 20 và Khoản 1 Điều 22 của Nghị_định này là mức phạt tiền đối_với cá_nhân . 

Cùng một hành_vi vi_phạm , mức phạt tiền đối_với cá_nhân bằng một phần hai mức phạt tiền đối_với tổ_chức . 

Điều 4 .  Biện_pháp khắc_phục hậu_quả 

1 . Buộc giải_thể cơ_sở giáo_dục , tổ_chức thuộc cơ_sở giáo_dục , tổ_chức kiểm_định chất_lượng giáo_dục được thành_lập không đúng thẩm_quyền . 

2 . Buộc_hủy bỏ văn_bản đã ban_hành không đúng thẩm_quyền hoặc có nội_dung trái pháp_luật . 

3 . Buộc_hủy bỏ sách , giáo_trình , bài giảng , tài_liệu , thiết_bị dạy_học có nội_dung không phù_hợp , xuyên_tạc , kích_động bạo_lực , ảnh_hưởng đến thuần_phong mỹ_tục của dân_tộc . 

4 . Buộc khôi_phục tình_trạng ban_đầu đã bị thay_đổi do hành_vi viết thêm , sửa nội_dung bài thi , học_bạ , sổ điểm , phiếu điểm hoặc các tài_liệu có liên_quan đến việc đánh_giá kết_quả học_tập và rèn_luyện của người học . 

5 . Buộc đảm_bảo quyền_lợi của thí_sinh đối_với hành_vi làm mất bài thi . 

6 . Buộc trả lại cho người học số tiền đã thu và chịu mọi chi_phí tổ_chức trả lại ;  trường_hợp không_thể trả lại được thì nộp về ngân_sách nhà_nước số tiền do hành_vi vi_phạm mà có . 

7 . Buộc giảm số_lượng tuyển_sinh năm sau bằng số_lượng đã tuyển vượt ;  buộc chuyển người học về địa_điểm đã được cấp phép hoạt_động giáo_dục ; 

8 . Buộc bổ_sung môn_học hoặc nội_dung giáo_dục còn thiếu theo chương_trình giáo_dục quy_định . 

9 . Buộc bổ_sung đầy_đủ điều_kiện về đội_ngũ nhà_giáo , về cơ_sở vật_chất , thiết_bị dạy_học để đảm_bảo chất_lượng giáo_dục hoặc đảm_bảo điều_kiện an_toàn về cơ_sở vật_chất trường , lớp_học . 

10 .  Buộc_hủy bỏ kết_quả thi , kết_quả đánh_giá môn_học , kết_quả bảo_vệ luận_văn , luận_án không đúng quy_định ;  chấm lại bài thi , đánh_giá lại kết_quả môn_học , tổ_chức bảo_vệ lại luận_văn , luận_án . 

11 .  Buộc_hủy_bỏ phôi văn_bằng chứng_chỉ đã in không đúng nội_dung quy_định . 

12 .  Buộc chuyển người học đủ điều_kiện trúng_tuyển đã nhập_học sang cơ_sở giáo_dục khác hoặc hủy bỏ quyết_định trúng_tuyển , trả lại kinh_phí đã thu cho người học nếu không chuyển được đối_với cơ_sở giáo_dục đã tuyển trái_phép , bị giải_thể , bị tước giấy_phép , bị đình_chỉ hoạt_động giáo_dục . 

Điều 5 .  Vi_phạm_quy_định về thành_lập cơ_sở giáo_dục , tổ_chức thuộc cơ_sở giáo_dục 

1 . Phạt tiền từ 5.000.000 đồng đến 10.000.000 đồng đối_với hành_vi cố_ý tẩy xóa , sửa_chữa làm sai_lệch nội_dung trong quyết_định thành_lập , cho phép thành_lập cơ_sở giáo_dục . 

2 . Phạt tiền đối_với hành_vi giả_mạo giấy_tờ , tài_liệu trong hồ_sơ để được thành_lập , cho phép thành_lập cơ_sở giáo_dục như sau : 

a ) Từ 10.000.000 đồng đến 20.000.000 đồng đối_với cơ_sở giáo_dục mầm_non ; 

b ) Từ 15.000.000 đồng đến 20.000.000 đồng đối_với cơ_sở giáo_dục phổ_thông , trung_tâm giáo_dục thường_xuyên , trung_tâm ngoại_ngữ , trung_tâm tin_học ; 

c ) Từ 20.000.000 đồng đến 40.000.000 đồng đối_với trường trung_cấp chuyên_nghiệp ; 

d ) Từ 40.000.000 đồng đến 60.000.000 đồng đối_với trường cao_đẳng , trường đại_học . 

3 . Phạt tiền đối_với hành_vi tự_ý thành_lập cơ_sở giáo_dục theo các mức phạt sau đây : 

b ) Từ 20.000.000 đồng đến 30.000.000 đồng đối_với cơ_sở giáo_dục phổ_thông , trung_tâm giáo_dục thường_xuyên , trung_tâm ngoại_ngữ , trung_tâm tin_học ; 

c ) Từ 30.000.000 đồng đến 50.000.000 đồng đối_với trường trung_cấp chuyên_nghiệp ; 

d ) Từ 50.000.000 đồng đến 80.000.000 đồng đối_với trường cao_đẳng , trường đại_học , học_viện . 

4 . Phạt tiền đối_với hành_vi thành_lập tổ_chức thuộc cơ_sở giáo_dục không đúng thẩm_quyền theo các mức phạt sau đây : 

a ) Từ 3.000.000 đồng đến 5.000.000 đồng đối_với tổ_chức thuộc cơ_sở giáo_dục mầm_non , cơ_sở giáo_dục phổ_thông , trung_tâm giáo_dục thường_xuyên ; 

b ) Từ 5.000.000 đồng đến 10.000.000 đồng đối_với tổ_chức thuộc trường trung_cấp chuyên_nghiệp ; 

c ) Từ 10.000.000 đồng đến 20.000.000 đồng đối_với tổ_chức thuộc cơ_sở giáo_dục đại_học . 

5 . Hình_thức xử_phạt bổ_sung : Tước quyền sử_dụng quyết_định thành_lập , cho phép thành_lập trong thời_gian từ 12 đến 24 tháng đối_với hành_vi vi_phạm_quy_định tại Khoản 2 Điều này . 

6 . Biện_pháp khắc_phục hậu_quả : 

a ) Buộc chuyển người học đủ điều_kiện trúng_tuyển đã nhập_học sang cơ_sở giáo_dục khác hoặc hủy bỏ quyết_định trúng_tuyển , trả lại kinh_phí đã thu cho người học nếu không chuyển được đối_với trường_hợp đã tuyển trái_phép do hành_vi vi_phạm_quy_định tại các khoản 2 , 3 và 4 Điều này ; 

b ) Buộc giải_thể cơ_sở giáo_dục , tổ_chức thuộc cơ_sở giáo_dục đối_với hành_vi vi_phạm_quy_định tại Khoản 3 và Khoản 4 Điều này . 

Điều 6 .  Vi_phạm_quy_định về điều_kiện tổ_chức hoạt_động giáo_dục 

1 . Phạt tiền từ 5.000.000 đồng đến 10.000.000 đồng đối_với hành_vi tẩy xóa , sửa_chữa làm sai_lệch nội_dung trong quyết_định cho phép hoạt_động giáo_dục . 

2 . Phạt tiền đối_với hành_vi tổ_chức hoạt_động giáo_dục ngoài địa_điểm được phép theo các mức phạt sau đây : 

a ) Từ 3.000.000 đồng đến 5.000.000 đồng đối_với cơ_sở giáo_dục mầm_non ; 

b ) Từ 5.000.000 đồng đến 10.000.000 đồng đối_với cơ_sở giáo_dục phổ_thông , trung_tâm giáo_dục thường_xuyên , trung_tâm ngoại_ngữ , trung_tâm tin_học ; 

c ) Từ 10.000.000 đồng đến 20.000.000 đồng đối_với trường trung_cấp chuyên_nghiệp ; 

d ) Từ 20.000.000 đồng đến 30.000.000 đồng đối_với cơ_sở giáo_dục đại_học . 

3 . Phạt tiền đối_với hành_vi giả_mạo giấy_tờ , tài_liệu trong hồ_sơ đề_nghị cho phép hoạt_động giáo_dục như sau : 

a ) Từ 5.000.000 đồng đến 10.000.000 đồng đối_với hoạt_động giáo_dục mầm_non ; 

b ) Từ 10.000.000 đồng đến 15.000.000 đồng đối_với hoạt_động giáo_dục phổ_thông , giáo_dục thường_xuyên , ngoại_ngữ , tin_học ; 

c ) Từ 15.000.000 đồng đến 20.000.000 đồng đối_với hoạt_động giáo_dục trung_cấp chuyên_nghiệp ; 

d ) Từ 20.000.000 đồng đến 40.000.000 đồng đối_với hoạt_động giáo_dục đại_học . 

4 . Phạt tiền đối_với hành_vi tổ_chức hoạt_động giáo_dục khi chưa được phép hoạt_động theo các mức phạt sau đây : 

a ) Từ 5.000.000 đồng đến 10.000.000 đồng đối_với hành_vi tổ_chức hoạt_động giáo_dục mầm_non ; 

b ) Từ 10.000.000 đồng đến 20.000.000 đồng đối_với hành_vi tổ_chức hoạt_động giáo_dục phổ_thông ; 

c ) Từ 20.000.000 đồng đến 30.000.000 đồng đối_với hành_vi tổ_chức hoạt_động giáo_dục trung_cấp chuyên_nghiệp ; 

d ) Từ 30.000.000 đồng đến 50.000.000 đồng đối_với hành_vi tổ_chức hoạt_động giáo_dục đại_học , trừ trường_hợp quy_định tại Điểm đ Khoản 4 Điều này ; 

đ ) Từ 50.000.000 đồng đến 80.000.000 đồng đối_với hành_vi tổ_chức hoạt_động giáo_dục theo chương_trình thạc_sĩ , tiến_sĩ . 

5 . Hình_thức xử_phạt bổ_sung : 

a ) Tước quyền sử_dụng quyết_định cho phép hoạt_động giáo_dục từ 12 đến 24 tháng đối_với hành_vi vi_phạm_quy_định tại Khoản 3 Điều này ; 

b ) Đình_chỉ hoạt_động giáo_dục từ 12 đến 24 tháng đối_với hành_vi vi_phạm_quy_định tại Khoản 4 Điều này . 

a ) Buộc chuyển người học về địa_điểm đã được phép hoạt_động giáo_dục đối_với hành_vi vi_phạm_quy_định tại Khoản 2 Điều này ; 

b ) Buộc chuyển người học đủ điều_kiện trúng_tuyển đã nhập_học sang cơ_sở giáo_dục khác hoặc hủy bỏ quyết_định trúng_tuyển , trả lại kinh_phí đã thu cho người học nếu không chuyển được đối_với trường_hợp đã tuyển trái_phép do hành_vi vi_phạm_quy_định tại Khoản 3 và Khoản 4 Điều này . 

Điều 7 .  Vi_phạm_quy_định về dạy thêm 

1 . Phạt tiền đối_với hành_vi vi_phạm_quy_định về dạy thêm theo các mức phạt sau đây : 

a ) Từ 1.000.000 đồng đến 2.000.000 đồng đối_với hành_vi tổ_chức hoạt_động dạy thêm không đảm_bảo cơ_sở vật_chất theo quy_định ; 

b ) Từ 2.000.000 đồng đến 4.000.000 đồng đối_với hành_vi tổ_chức hoạt_động dạy thêm không đúng đối_tượng ; 

c ) Từ 4.000.000 đồng đến 6.000.000 đồng đối_với hành_vi tổ_chức hoạt_động dạy thêm không đúng nội_dung đã được cấp phép ; 

d ) Từ 6.000.000 đồng đến 12.000.000 đồng đối_với hành_vi tổ_chức hoạt_động dạy thêm khi chưa được cấp phép . 

2 . Hình_thức xử_phạt bổ_sung : 

a ) Tước quyền sử_dụng giấy_phép dạy thêm từ 6 đến 12 tháng đối_với hành_vi vi_phạm_quy_định tại Điểm b và Điểm_c Khoản 1 Điều này ; 

b ) Đình_chỉ hoạt_động dạy thêm từ 12 đến 24 tháng đối_với hành_vi vi_phạm_quy_định tại Điểm d Khoản 1 Điều này . 

3 . Biện_pháp khắc_phục hậu_quả : 

a ) Buộc bổ_sung đầy_đủ các điều_kiện về cơ_sở vật_chất đối_với hành_vi vi_phạm_quy_định tại Điểm a Khoản 1 Điều này ; 

b ) Buộc trả lại cho người học các khoản tiền đã thu và chịu mọi chi_phí trả lại đối_với hành_vi vi_phạm_quy_định tại các điểm b , c và d Khoản 1 Điều này . 

Mục 2 

CÁC HÀNH_VI VI_PHẠM QUY_ĐỊNH VỀ HOẠT_ĐỘNG TUYỂN_SINH 

Điều 8 .  Vi_phạm_quy_định về thông_báo , tư_vấn tuyển_sinh , xác_định chỉ_tiêu tuyển_sinh 

1 . Phạt tiền từ 2.000.000 đồng đến 4.000.000 đồng đối_với hành_vi thông_báo tuyển_sinh không đầy_đủ thông_tin về đối_tượng tuyển_sinh , trình_độ đào_tạo , hình_thức đào_tạo , thời_gian đào_tạo , địa_điểm đào_tạo , hồ_sơ người học và học_phí của khóa học hoặc không thực_hiện đúng với nội_dung của thông_báo tuyển_sinh . 

2 . Phạt tiền từ 5.000.000 đồng đến 10.000.000 đồng đối_với hành_vi thông_báo tuyển_sinh chương_trình giáo_dục có yếu_tố nước_ngoài khi chưa được cấp phép thực_hiện chương_trình đó trên lãnh_thổ Việt_Nam . 

3 . Phạt tiền từ 10.000.000 đồng đến 15.000.000 đồng đối_với hành_vi tư_vấn du_học hoặc tư_vấn tuyển_sinh chương_trình giáo_dục có yếu_tố nước_ngoài trên lãnh_thổ Việt_Nam khi chưa được cấp phép thực_hiện trên lãnh_thổ Việt_Nam . 

4 . Phạt tiền từ 15.000.000 đồng đến 20.000.000 đồng đối_với hành_vi vi_phạm_quy_định về tiêu_chí xác_định chỉ_tiêu tuyển_sinh . 

5 . Phạt tiền từ 20.000.000 đồng đến 25.000.000 đồng đối_với hành_vi hỗ_trợ tuyển_sinh hoặc hỗ_trợ việc thu_nhận hồ_sơ tuyển_sinh chương_trình giáo_dục có yếu_tố nước_ngoài khi chưa được cấp phép thực_hiện trên lãnh_thổ Việt_Nam . 

6 . Phạt tiền từ 25.000.000 đồng đến 30.000.000 đồng đối_với hành_vi tổ_chức tuyển_sinh đối_với ngành , chuyên_ngành khi chưa được cấp phép . 

7 . Phạt tiền từ 40.000.000 đồng đến 60.000.000 đồng đối_với hành_vi tổ_chức tuyển_sinh chương_trình giáo_dục có yếu_tố nước_ngoài khi chưa được cấp phép thực_hiện trên lãnh_thổ Việt_Nam . 

8 . Hình_thức xử_phạt bổ_sung : Trục_xuất đối_với người nước_ngoài có hành_vi vi_phạm_quy_định tại Khoản 7 Điều này . 

9 . Biện_pháp khắc_phục hậu_quả : Buộc chuyển người học đủ điều_kiện trúng_tuyển đã nhập_học sang cơ_sở giáo_dục khác hoặc hủy bỏ quyết_định trúng_tuyển , trả lại kinh_phí đã thu cho người học nếu không chuyển được đối_với trường_hợp đã tuyển trái_phép do hành_vi vi_phạm_quy_định tại Khoản 6 và Khoản 7 Điều này . 

Điều 9 .  Vi_phạm_quy_định về đối_tượng tuyển_sinh 

1 . Phạt tiền đối_với hành_vi tuyển_sinh sai đối_tượng ở cấp trung_học phổ_thông theo các mức phạt sau đây : 

a ) Từ 200.000 đồng đến 500.000 đồng đối_với hành_vi tuyển sai dưới 10 người học ; 

b ) Từ 500.000 đồng đến 2.000.000 đồng đối_với hành_vi tuyển sai từ 10 đến dưới 20 người học ; 

c ) Từ 2.000.000 đồng đến 5.000.000 đồng đối_với hành_vi tuyển sai từ 20 người học trở lên . 

2 . Phạt tiền đối_với hành_vi tuyển_sinh đào_tạo trung_cấp chuyên_nghiệp sai đối_tượng theo các mức phạt sau đây : 

a ) Từ 2.000.000 đồng đến 5.000.000 đồng đối_với hành_vi tuyển sai dưới 10 người học ; 

b ) Từ 5.000.000 đồng đến 10.000.000 đồng đối_với hành_vi tuyển sai từ 10 đến dưới 30 người học ; 

c ) Từ 10.000.000 đồng đến 20.000.000 đồng đối_với hành_vi tuyển sai từ 30 người học trở lên . 

3 . Xử_phạt đối_với hành_vi tuyển_sinh đào_tạo trình_độ cao_đẳng , đại_học sai đối_tượng theo các mức phạt sau đây : 

a ) Từ 5.000.000 đồng đến 15.000.000 đồng đối_với hành_vi tuyển sai dưới 10 người học ; 

b ) Từ 15.000.000 đồng đến 30.000.000 đồng đối_với hành_vi tuyển sai từ 10 đến dưới 30 người học ; 

c ) Từ 30.000.000 đồng đến 50.000.000 đồng hoặc đình_chỉ tuyển_sinh 12 tháng đối_với hành_vi tuyển sai từ 30 người học trở lên . 

4 . Xử_phạt đối_với hành_vi tuyển_sinh đào_tạo trình_độ thạc_sĩ , tiến_sĩ sai đối_tượng theo các mức phạt sau đây : 

a ) Từ 10.000.000 đồng đến 20.000.000 đồng đối_với hành_vi tuyển sai đến dưới 5 người học ; 

b ) Từ 20.000.000 đồng đến 40.000.000 đồng đối_với hành_vi tuyển sai từ 5 đến dưới 10 người học ; 

c ) Từ 40.000.000 đồng đến 60.000.000 đồng hoặc đình_chỉ tuyển_sinh 12 tháng đối_với hành_vi tuyển sai từ 10 người học trở lên . 

5 . Phạt tiền từ 5.000.000 đồng đến 10.000.000 đồng đối_với hành_vi khai man , giả_mạo giấy_tờ trong hồ_sơ tuyển_sinh để được trúng_tuyển . 

6 . Phạt tiền từ 10.000.000 đồng đến 20.000.000 đồng đối_với hành_vi không thực_hiện đúng quy_trình quy_định trong quy_chế tuyển_sinh . 

7 . Biện_pháp khắc_phục hậu_quả : 

a ) Buộc_hủy bỏ quyết_định trúng_tuyển , trả lại cho người học số tiền đã thu và chịu mọi chi_phí tổ_chức trả lại đối_với hành_vi vi_phạm_quy_định tại các khoản 1 , 2 , 3 và 4 Điều này ; 

b ) Buộc_hủy bỏ quyết_định trúng_tuyển đối_với hành_vi vi_phạm_quy_định tại Khoản 5 Điều này . 

Điều 10 .  Vi_phạm_quy_định về chỉ_tiêu tuyển_sinh 

1 . Phạt cảnh_cáo hoặc phạt tiền đối_với hành_vi tuyển_sinh để đào_tạo trung_cấp chuyên_nghiệp vượt số_lượng so với chỉ_tiêu đã được cơ_quan có thẩm_quyền thông_báo hoặc được giao theo các mức phạt sau đây : 

a ) Phạt cảnh_cáo hoặc phạt tiền từ 200.000 đồng đến 500.000 đồng đối_với hành_vi tuyển vượt từ 5 % đến dưới 10 % ; 

b ) Phạt tiền từ 2.000.000 đồng đến 5.000.000 đồng đối_với hành_vi tuyển vượt từ 10 % đến dưới 15 % ; 

c ) Phạt tiền từ 5.000.000 đồng đến 10.000.000 đồng đối_với hành_vi tuyển vượt từ 15 % đến dưới 20 % ; 

d ) Phạt tiền từ 10.000.000 đồng đến 20.000.000 đồng đối_với hành_vi tuyển vượt từ 20 % trở lên . 

2 . Phạt tiền đối_với hành_vi tuyển_sinh để đào_tạo trình_độ cao_đẳng , đại_học , thạc_sĩ và tiến_sĩ vượt số_lượng so với chỉ_tiêu đã được cơ_quan có thẩm_quyền thông_báo hoặc được giao theo các mức phạt sau đây : 

a ) Phạt tiền từ 2.000.000 đồng đến 5.000.000 đồng đối_với hành_vi tuyển vượt từ 5 % đến dưới 10 % ; 

b ) Phạt tiền từ 5.000.000 đồng đến 20.000.000 đồng đối_với hành_vi tuyển vượt từ 10 % đến dưới 15 % ; 

c ) Phạt tiền từ 20.000.000 đồng đến 40.000.000 đồng đối_với hành_vi tuyển vượt từ 15 % đến dưới 20 % ; 

d ) Phạt tiền từ 40.000.000 đồng đến 60.000.000 đồng đối_với hành_vi tuyển vượt từ 20 % trở lên . 

Buộc giảm số_lượng tuyển_sinh năm sau tối_thiểu bằng số_lượng đã tuyển vượt đối_với hành_vi vi_phạm_quy_định tại Điều này . 

Mục 3 

CÁC HÀNH_VI VI_PHẠM QUY_ĐỊNH VỀ NỘI_DUNG , CHƯƠNG_TRÌNH , ĐÀO_TẠO LIÊN_THÔNG , LIÊN_KẾT 

Điều 11 .  Vi_phạm_quy_định về thời_lượng , nội_dung , chương_trình giáo_dục 

1 . Phạt tiền từ 200.000 đồng đến 500.000 đồng đối_với hành_vi không có đủ hồ_sơ , sổ_sách theo quy_định hoặc không sử_dụng thiết_bị dạy_học đã được trang_bị theo quy_định . 

2 . Phạt cảnh_cáo hoặc phạt tiền đối_với hành_vi không dạy đủ số tiết trong chương_trình đào_tạo của một môn_học theo các mức phạt sau đây : 

a ) Phạt cảnh_cáo đối_với vi_phạm dưới 5 tiết ; 

b ) Phạt tiền từ 200.000 đồng đến 500.000 đồng đối_với vi_phạm từ 5 tiết đến dưới 10 tiết ; 

c ) Phạt tiền từ 500.000 đồng đến 1.000.000 đồng đối_với vi_phạm từ 10 tiết đến dưới 15 tiết ; 

d ) Phạt tiền từ 1.000.000 đồng đến 2.000.000 đồng đối_với vi_phạm từ 15 tiết trở lên . 

3 . Phạt cảnh_cáo hoặc phạt tiền đối_với hành_vi không bố_trí dạy đủ số tiết trong chương_trình đào_tạo của một môn_học theo các mức phạt sau đây : 

c ) Phạt tiền từ 1.000.000 đồng đến 2.000.000 đồng đối_với vi_phạm từ 10 tiết đến dưới 15 tiết ; 

d ) Phạt tiền từ 2.000.000 đồng đến 4.000.000 đồng đối_với vi_phạm từ 15 tiết trở lên . 

4 . Phạt tiền từ 3.000.000 đồng đến 5.000.000 đồng đối_với hành_vi tự_ý thêm , bớt nội_dung môn_học hoặc không tổ_chức bảo_vệ luận_văn , đồ_án đã quy_định trong chương_trình giáo_dục . 

5 . Phạt tiền từ 4.000.000 đồng đến 6.000.000 đồng đối_với hành_vi thành_lập hội_đồng đánh_giá luận_văn thạc_sĩ , luận_án tiến_sĩ khi người học chưa hoàn_thành chương_trình học theo quy_định , chưa hoàn_thành luận_văn , luận_án hoặc thành_viên hội_đồng đánh_giá luận_văn thạc_sĩ , luận_án tiến_sĩ không đúng quy_định . 

6 . Phạt tiền từ 10.000.000 đồng đến 20.000.000 đồng hoặc đình_chỉ đào_tạo từ 6 đến 12 tháng đối_với hành_vi hoạt_động giáo_dục không đúng thời_gian đào_tạo hoặc hình_thức đào_tạo đối_với chương_trình giáo_dục có yếu_tố nước_ngoài . 

7 . Phạt tiền từ 20.000.000 đồng đến 30.000.000 đồng hoặc đình_chỉ đào_tạo từ 6 đến 12 tháng đối_với hành_vi giảng_dạy chương_trình giáo_dục có yếu_tố nước_ngoài không đúng theo chương_trình trong hồ_sơ cấp phép . 

8 . Hình_thức xử_phạt bổ_sung : Đình_chỉ đào_tạo từ 6 đến 12 tháng đối_với hành_vi vi_phạm_quy_định tại Khoản 6 và Khoản 7 Điều này . 

9 . Biện_pháp khắc_phục hậu_quả : 

a ) Buộc bổ_sung nội_dung môn_học hoặc chương_trình đào_tạo còn thiếu , tổ_chức bảo_vệ lại luận_văn , luận_án đối_với hành_vi vi_phạm_quy_định tại các khoản 2 , 3 , 4 và 5 Điều này ; 

b ) Buộc chuyển người học đủ điều_kiện trúng_tuyển đã nhập_học sang cơ_sở giáo_dục khác hoặc hủy bỏ quyết_định trúng_tuyển , trả lại kinh_phí đã thu cho người học nếu không chuyển được đối_với hành_vi vi_phạm_quy_định tại Khoản 6 và Khoản 7 Điều này đến mức bị đình_chỉ đào_tạo . 

Điều 12 .  Vi_phạm_quy_định về đào_tạo liên_thông , liên_kết 

1 . Phạt tiền đối_với hành_vi vi_phạm các quy_định về đào_tạo liên_thông theo các mức phạt sau đây : 

a ) Từ 10.000.000 đồng đến 20.000.000 đồng đối_với hành_vi tổ_chức đào_tạo liên_thông không đủ các điều_kiện theo quy_định ; 

b ) Từ 30.000.000 đồng đến 40.000.000 đồng đối_với hành_vi tổ_chức đào_tạo liên_thông các ngành hoặc trình_độ đào_tạo khi chưa được giao nhiệm_vụ đào_tạo liên_thông . 

2 . Phạt tiền đối_với hành_vi vi_phạm_quy_định về liên_kết đào_tạo theo các mức phạt sau đây : 

a ) Từ 5.000.000 đồng đến 10.000.000 đối_với hành_vi ký hợp_đồng liên_kết đào_tạo không đầy_đủ nội_dung thông_tin về đối_tác liên_kết , địa_điểm tổ_chức đào_tạo , hình_thức đào_tạo , thời_gian đào_tạo , mức thu học_phí , kinh_phí đào_tạo và trách_nhiệm của các bên tham_gia liên_kết ; 

b ) Từ 10.000.000 đồng đến 20.000.000 đồng đối_với hành_vi vi_phạm về trách_nhiệm của các bên tham_gia liên_kết ; 

c ) Từ 20.000.000 đồng đến 25.000.000 đồng đối_với hành_vi liên_kết đào_tạo cấp bằng chính_quy ; 

d ) Từ 25.000.000 đồng đến 30.000.000 đồng đối_với hành_vi liên_kết đào_tạo với đối_tác không đúng quy_định ; 

đ ) Từ 30.000.000 đồng đến 40.000.000 đồng đối_với hành_vi liên_kết đào_tạo khi chưa có văn_bản cho phép thực_hiện liên_kết đào_tạo của cơ_quan Nhà_nước có thẩm_quyền . 

a ) Buộc chuyển người học về địa_điểm đã được cấp phép hoạt_động giáo_dục đối_với hành_vi vi_phạm_quy_định tại Điểm_c Khoản 2 Điều này ; 

b ) Buộc chuyển người học đủ điều_kiện trúng_tuyển đã nhập_học sang cơ_sở giáo_dục khác hoặc hủy bỏ quyết_định trúng_tuyển , trả lại kinh_phí đã thu cho người học nếu không chuyển được đối_với trường_hợp đã tuyển trái_phép vi_phạm_quy_định tại Điểm b Khoản 1 , Điểm d và Điểm đ Khoản 2 Điều này . 

Mục 4 

CÁC HÀNH_VI VI_PHẠM QUY_ĐỊNH VỀ THI , KIỂM_TRA , ĐÁNH_GIÁ KẾT_QUẢ HỌC_TẬP 

Điều 13 .  Vi_phạm_quy_định về thi 

1 . Phạt tiền từ 2.000.000 đồng đến 5.000.000 đồng đối_với hành_vi gây_rối hoặc đe_dọa dùng vũ_lực ngăn_cản người dự thi và người tổ_chức thi , thanh_tra thi , coi thi , chấm thi , phục_vụ thi . 

2 . Phạt tiền từ 3.000.000 đồng đến 6.000.000 đồng đối_với hành_vi thông_tin sai sự_thật về kỳ thi . 

3 . Phạt tiền đối_với các hành_vi vi_phạm_quy_chế thi theo các mức phạt sau đây : 

a ) Từ 1.000.000 đồng đến 2.000.000 đồng đối_với hành_vi mang tài_liệu , thông_tin , vật_dụng không được phép vào phòng thi , khu_vực chấm thi ; 

b ) Từ 2.000.000 đồng đến 3.000.000 đồng đối_với hành_vi làm bài hộ thí_sinh hoặc trợ_giúp thí_sinh làm bài ; 

c ) Từ 3.000.000 đồng đến 5.000.000 đồng đối_với hành_vi thi thay hoặc thi kèm người khác ; 

d ) Từ 5.000.000 đồng đến 7.000.000 đồng đối_với hành_vi viết thêm hoặc sửa_chữa nội_dung bài thi hoặc sửa điểm bài thi trái quy_định ; 

đ ) Từ 7.000.000 đồng đến 10.000.000 đồng đối_với hành_vi đánh_tráo bài thi ; 

e ) Từ 8.000.000 đồng đến 10.000.000 đồng đối_với hành_vi tổ_chức chấm thi sai quy_định . 

4 . Phạt tiền từ 10.000.000 đồng đến 12.000.000 đồng đối_với hành_vi làm mất bài thi . 

5 . Phạt tiền từ 20.000.000 đồng đến 50.000.000 đồng đối_với hành_vi làm lộ bí_mật hoặc làm mất đề thi . 

a ) Buộc khôi_phục tình_trạng ban_đầu đã bị thay_đổi đối_với hành_vi vi_phạm_quy_định tại Điểm d Khoản 3 Điều này ; 

b ) Buộc bảo_đảm quyền_lợi của thí_sinh đối_với hành_vi vi_phạm_quy_định tại Khoản 4 Điều này . 

Điều 14 .  Vi_phạm_quy_định về tổ_chức kiểm_tra , đánh_giá kết_quả học_tập của người học 

1 . Phạt cảnh_cáo hoặc phạt tiền đối_với hành_vi tổ_chức kiểm_tra , đánh_giá kết_quả học_tập của người học không đúng quy_chế theo các mức phạt sau đây : 

a ) Phạt cảnh_cáo hoặc phạt tiền từ 200.000 đồng đến 500.000 đồng đối_với vi_phạm ở cơ_sở giáo_dục phổ_thông , cơ_sở giáo_dục thường_xuyên ; 

b ) Phạt tiền từ 1.000.000 đồng đến 2.000.000 đồng đối_với vi_phạm ở trường trung_cấp chuyên_nghiệp ; 

c ) Phạt tiền từ 2.000.000 đồng đến 5.000.000 đồng đối_với vi_phạm ở cơ_sở giáo_dục đại_học . 

2 . Biện_pháp khắc_phục hậu_quả : Buộc tổ_chức kiểm_tra , đánh_giá lại kết_quả của người học đối_với hành_vi vi_phạm_quy_định tại Điều này . 

Mục 5 

CÁC HÀNH_VI VI_PHẠM QUY_ĐỊNH VỀ QUẢN_LÝ , CẤP VÀ SỬ_DỤNG VĂN_BẰNG CHỨNG_CHỈ 

Điều 15 .  Vi_phạm_quy_định về quản_lý , cấp văn_bằng , chứng_chỉ 

1 . Phạt tiền đối_với hành_vi vi_phạm_quy_định về quản_lý văn_bằng , chứng_chỉ theo các mức phạt sau đây : 

a ) Từ 4.000.000 đồng đến 8.000.000 đồng đối_với hành_vi không lập đầy_đủ hồ_sơ làm căn_cứ để cấp , quản_lý văn_bằng , chứng_chỉ hoặc hành_vi xử_lý phôi văn_bằng chứng_chỉ viết , in sai , hỏng không đúng quy_định ; 

b ) Từ 10.000.000 đồng đến 20.000.000 đồng đối_với hành_vi in phôi văn_bằng , chứng_chỉ không đúng nội_dung quy_định . 

2 . Phạt tiền đối_với hành_vi vi_phạm về việc cấp văn_bằng , chứng_chỉ theo các mức phạt sau đây : 

a ) Từ 2.000.000 đồng đến 5.000.000 đồng đối_với hành_vi cấp văn_bằng , chứng_chỉ có nội_dung không đúng quy_định ; 

b ) Từ 8.000.000 đồng đến 10.000.000 đồng đối_với hành_vi cấp văn_bằng , chứng_chỉ cho người học không đủ điều_kiện ; 

c ) Từ 20.000.000 đồng đến 40.000.000 đồng đối_với hành_vi cấp văn_bằng , chứng_chỉ không đúng thẩm_quyền . 

a ) Buộc_hủy_bỏ phôi văn_bằng , chứng_chỉ đã in không đúng nội_dung quy_định đối_với hành_vi vi_phạm_quy_định tại Điểm b Khoản 1 Điều này ; 

b ) Buộc_hủy bỏ quyết_định công_nhận tốt_nghiệp và cấp văn_bằng , chứng_chỉ đối_với hành_vi vi_phạm_quy_định tại Điểm b và Điểm_c Khoản 2 Điều này . 

Điều 16 .  Vi_phạm_quy_định về sử_dụng và công_khai_thông_tin cấp văn_bằng , chứng_chỉ 

1 . Phạt tiền từ 1.000.000 đồng đến 2.000.000 đồng đối_với hành_vi không cập_nhật và công_khai_thông_tin về cấp văn_bằng , chứng_chỉ trên trang thông_tin điện_tử của đơn_vị . 

2 . Phạt tiền từ 2.000.000 đồng đến 8.000.000 đồng đối_với hành_vi sử_dụng văn_bằng , chứng_chỉ của người khác hoặc sử_dụng văn_bằng chứng_chỉ bị tẩy , xóa , sửa_chữa . 

3 . Phạt tiền từ 10.000.000 đồng đến 20.000.000 đồng đối_với hành_vi mua_bán , sử_dụng văn_bằng , chứng_chỉ giả . 

4 . Phạt tiền từ 20.000.000 đồng đến 40.000.000 đồng đối_với hành_vi làm giả văn_bằng , chứng_chỉ . 

Tịch_thu tang_vật , phương_tiện vi_phạm hành_chính đối_với hành_vi vi_phạm_quy_định tại các khoản 2 , 3 và 4 Điều này . 

Mục 6 

CÁC HÀNH_VI VI_PHẠM QUY_ĐỊNH ĐỐI_VỚI NHÀ_GIÁO VÀ NGƯỜI HỌC 

Điều 17 .  Vi_phạm_quy_định về sử_dụng nhà_giáo 

1 . Phạt tiền từ 2.000.000 đồng đến 6.000.000 đồng đối_với hành_vi sử_dụng nhà_giáo không đủ tiêu_chuẩn ở giáo_dục mầm_non , giáo_dục phổ_thông . 

2 . Phạt tiền từ 4.000.000 đồng đến 10.000.000 đồng đối_với hành_vi sử_dụng nhà_giáo không đủ tiêu_chuẩn ở trung_cấp chuyên_nghiệp , giáo_dục đại_học . 

3 . Phạt tiền từ 10.000.000 đồng đến 20.000.000 đồng đối_với hành_vi sử_dụng nhà_giáo giảng_dạy chương_trình giáo_dục có yếu_tố nước_ngoài không đúng quy_định về trình_độ chuyên_môn , trình_độ ngoại_ngữ . 

Điều 18 .  Vi_phạm_quy_định về bảo_đảm tỷ_lệ giáo_viên , giảng_viên cơ_hữu trong các cơ_sở giáo_dục 

1 . Từ 2.000.000 đồng đến 5.000.000 đồng đối_với hành_vi vi_phạm ở cơ_sở giáo_dục phổ_thông ; 

2 . Từ 5.000.000 đồng đến 10.000.000 đồng đối_với hành_vi vi_phạm ở trường trung_cấp chuyên_nghiệp ; 

3 . Từ 10.000.000 đồng đến 20.000.000 đồng đối_với hành_vi vi_phạm ở cơ_sở giáo_dục đại_học . 

Điều 19 .  Vi_phạm_quy_định về chính_sách đối_với nhà_giáo hoặc hành_vi xúc_phạm danh_dự , nhân_phẩm , xâm_phạm thân_thể nhà_giáo , cán_bộ quản_lý giáo_dục 

1 . Phạt tiền từ 2.000.000 đồng đến 4.000.000 đồng đối_với hành_vi không thực_hiện đúng quy_định về bồi_dưỡng chuyên_môn , nghiệp_vụ đối_với nhà_giáo . 

2 . Phạt tiền từ 5.000.000 đồng đến 10.000.000 đồng đối_với hành_vi xúc_phạm danh_dự , nhân_phẩm , xâm_phạm thân_thể nhà_giáo , cán_bộ quản_lý giáo_dục . 

Điều 20 .  Vi_phạm_quy_định về quản_lý hồ_sơ người học 

1 . Phạt tiền từ 2.000.000 đồng đến 4.000.000 đồng đối_với hành_vi để xảy ra việc sửa_chữa_học_bạ , sổ điểm , phiếu điểm hoặc các tài_liệu có liên_quan đến việc đánh_giá kết_quả học_tập của người học . 

2 . Phạt tiền từ 4.000.000 đồng đến 8.000.000 đồng đối_với hành_vi không lập hoặc lập không đầy_đủ hồ_sơ quản_lý người học theo quy_định . 

Buộc khôi_phục lại tình_trạng ban_đầu đã bị thay_đổi đối_với hành_vi vi_phạm_quy_định tại Khoản 1 Điều này . 

Điều 21 .  Vi_phạm_quy_định về kỷ_luật người học , ngược_đãi , xúc_phạm danh_dự , nhân_phẩm người học 

1 . Phạt tiền từ 2.000.000 đồng đến 6.000.000 đồng đối_với hành_vi kỷ_luật buộc người học thôi học không đúng quy_định . 

2 . Phạt tiền từ 5.000.000 đồng đến 10.000.000 đồng đối_với hành_vi xúc_phạm danh_dự , nhân_phẩm , ngược_đãi , xâm_phạm thân_thể người học . 

3 . Hình_thức xử_phạt bổ_sung : Đình_chỉ giảng_dạy từ 1 tháng đến 6 tháng đối_với hành_vi vi_phạm_quy_định tại Khoản 2 Điều này . 

4 . Biện_pháp khắc_phục hậu_quả : Buộc_hủy bỏ các quyết_định trái pháp_luật và khôi_phục quyền học_tập của người học đối_với hành_vi vi_phạm_quy_định tại Khoản 1 Điều này . 

Điều 22 .  Vi_phạm_quy_định về phổ_cập giáo_dục 

1 . Phạt cảnh_cáo hoặc phạt tiền từ 200.000 đồng đến 500.000 đồng đối_với hành_vi xúi_giục không đi học hoặc xúi_giục bỏ học đối_với người học các cấp học_phổ_cập . 

2 . Phạt cảnh_cáo hoặc phạt tiền từ 500.000 đồng đến 1.000.000 đồng đối_với hành_vi cản_trở việc đi học của người học các cấp học_phổ_cập . 

Mục 7 

CÁC HÀNH_VI VI_PHẠM QUY_ĐỊNH VỀ CƠ_SỞ VẬT_CHẤT , THIẾT_BỊ , TÀI_CHÍNH VÀ CÁC ĐIỀU_KIỆN ĐẢM_BẢO CHẤT_LƯỢNG 

Điều 23 .  Vi_phạm_quy_định về quản_lý , sản_xuất , cung_ứng và sử_dụng sách , giáo_trình , bài giảng , tài_liệu , thiết_bị dạy_học 

1 . Phạt tiền từ 4.000.000 đồng đến 6.000.000 đồng đối_với hành_vi sử_dụng sách , giáo_trình , bài giảng , tài_liệu , thiết_bị dạy_học không đúng quy_định . 

2 . Phạt tiền từ 15.000.000 đồng đến 30.000.000 đồng đối_với hành_vi mua_sắm , tiếp_nhận sách , giáo_trình , bài giảng , tài_liệu , thiết_bị dạy_học có nội_dung không phù_hợp , xuyên_tạc , kích_động bạo_lực , ảnh_hưởng đến thuần_phong mỹ_tục của dân_tộc . 

3 . Phạt tiền từ 30.000.000 đồng đến 50.000.000 đồng đối_với hành_vi sản_xuất thiết_bị dạy_học không đúng quy_định . 

4 . Biện_pháp khắc_phục hậu_quả : Buộc_hủy bỏ sách , giáo_trình , bài giảng , tài_liệu , thiết_bị dạy_học đối_với hành_vi vi_phạm_quy_định tại Khoản 2 và Khoản 3 Điều này . 

Điều 24 .  Vi_phạm_quy_định về học_phí , lệ_phí và các khoản thu khác 

1 . Vi_phạm_quy_định về học_phí , lệ_phí bị xử_phạt theo quy_định tại <NĐ rel="Reference"> Nghị_định quy_định về xử_phạt hành_chính trong lĩnh_vực phí , lệ_phí </NĐ> .
2 . Phạt tiền từ 3.000.000 đồng đến 5.000.000 đồng đối_với hành_vi không công_khai thu , chi tài_chính theo quy_định . 

3 . Phạt tiền từ 10.000.000 đồng đến 20.000.000 đồng đối_với hành_vi tổ_chức thu các khoản trái quy_định . 

4 . Biện_pháp khắc_phục hậu_quả : Buộc trả lại cho người học số tiền đã thu và chịu mọi chi_phí tổ_chức trả lại ;  trường_hợp không trả lại được thì nộp về ngân_sách nhà_nước đối_với hành_vi vi_phạm_quy_định tại Khoản 3 Điều này . 

Điều 25 .  Vi_phạm_quy_định về điều_kiện bảo_đảm chất_lượng hoặc bảo_đảm điều_kiện an_toàn về cơ_sở vật_chất trường , lớp_học 

1 . Phạt tiền đối_với hành_vi không bảo_đảm tỷ_lệ người học trên giảng_viên hoặc tỷ_lệ diện_tích sàn xây_dựng trên người học cụ_thể như sau : 

a ) Từ 5.000.000 đồng đến 10.000.000 đồng đối_với cơ_sở giáo_dục có tỷ_lệ người học trên giảng_viên vượt từ 50 % đến 100 % định_mức quy_định hoặc tỷ_lệ diện_tích sàn xây_dựng trên người học chỉ đạt từ 50 % đến 90 % định_mức quy_định ; 

b ) Từ 10.000.000 đồng đến 20.000.000 đồng đối_với cơ_sở giáo_dục có tỷ_lệ người học trên giảng_viên vượt từ 100 % định_mức quy_định trở lên hoặc tỷ_lệ diện_tích sàn xây_dựng trên người học chỉ đạt dưới 50 % định_mức quy_định . 

2 . Phạt tiền từ 10.000.000 đồng đến 20.000.000 đồng đối_với hành_vi không đảm_bảo điều_kiện an_toàn về cơ_sở vật_chất trường , lớp_học . 

3 . Phạt tiền từ 20.000.000 đồng đến 25.000.000 đồng đối_với hành_vi tổ_chức đào_tạo ngành khi không đủ số_lượng tiến_sĩ , thạc_sĩ theo quy_định . 

4 . Hình_thức xử_phạt bổ_sung : Đình_chỉ hoạt_động tuyển_sinh từ 12 tháng đến 24 tháng đối_với hành_vi vi_phạm_quy_định tại Điểm b Khoản 1 và Khoản 3 Điều này . 

5 . Biện_pháp khắc_phục hậu_quả : 

a ) Buộc bổ_sung đầy_đủ các điều_kiện về đội_ngũ , cơ_sở vật_chất đảm_bảo chất_lượng giáo_dục đối_với hành_vi vi_phạm_quy_định tại Khoản 1 và Khoản 3 Điều này ; 

b ) Buộc bổ_sung đầy_đủ các điều_kiện đảm_bảo an_toàn về cơ_sở vật_chất trường , lớp_học đối_với hành_vi vi_phạm_quy_định tại Khoản 2 Điều này . 

Điều 26 .  Vi_phạm_quy_định về kiểm_định chất_lượng giáo_dục 

1 . Phạt tiền từ 4.000.000 đồng đến 8.000.000 đồng đối_với hành_vi báo_cáo kết_quả tự đánh_giá chất_lượng cơ_sở giáo_dục không đúng thực_tế . 

2 . Phạt tiền từ 8.000.000 đồng đến 12.000.000 đồng đối_với hành_vi không thực_hiện tự đánh_giá chất_lượng giáo_dục theo quy_định . 

3 . Phạt tiền từ 12.000.000 đồng đến 20.000.000 đồng đối_với hành_vi đánh_giá , công_bố kết_quả đánh_giá chất_lượng cơ_sở giáo_dục không đúng thực_tế . 

4 . Phạt tiền đối_với hành_vi giả_mạo giấy_tờ , tài_liệu trong hồ_sơ để được thành_lập tổ_chức kiểm_định chất_lượng giáo_dục như sau : 

a ) Từ 20.000.000 đồng đến 25.000.000 đồng đối_với tổ_chức kiểm_định chất_lượng giáo_dục mầm_non , phổ_thông ; 

b ) Từ 25.000.000 đồng đến 30.000.000 đồng đối_với tổ_chức kiểm_định chất_lượng giáo_dục , cơ_sở giáo_dục đại_học , trường trung_cấp chuyên_nghiệp . 

5 . Phạt tiền từ 30.000.000 đồng đến 40.000.000 đồng đối_với hành_vi tự_ý thành_lập tổ_chức kiểm_định chất_lượng giáo_dục . 

Buộc giải_thể tổ_chức kiểm_định giáo_dục đối_với hành_vi vi_phạm_quy_định tại Khoản 4 và Khoản 5 Điều này . 

Điều 27 .  Thẩm_quyền lập biên_bản đối_với hành_vi vi_phạm hành_chính trong lĩnh_vực giáo_dục 

1 . Người có thẩm_quyền lập biên_bản quy_định tại Điều này có quyền lập biên_bản hành_chính về những vi_phạm hành_chính thuộc phạm_vi thi_hành công_vụ , nhiệm_vụ được giao theo mẫu quy_định và chịu trách_nhiệm về việc lập biên_bản . 

2 . Những người sau đây có thẩm_quyền lập biên_bản vi_phạm hành_chính : 

a ) Người có thẩm_quyền xử_phạt vi_phạm hành_chính quy_định tại Nghị_định này khi đang thi_hành công_vụ ; 

b ) Công_chức khi đang thực_hiện nhiệm_vụ quản_lý Nhà_nước trong lĩnh_vực giáo_dục . 

Điều 28 .  Thẩm_quyền xử_phạt của Chủ_tịch Ủy_ban nhân_dân các cấp 

1 . Chủ_tịch Ủy_ban nhân_dân xã , phường , thị_trấn có quyền : 

a ) Phạt cảnh_cáo ; 

b ) Phạt tiền đến mức tối_đa là 5.000.000 đồng đối_với mỗi hành_vi vi_phạm_quy_định tại Chương II Nghị_định này ; 

c ) Tịch_thu tang_vật , phương_tiện vi_phạm hành_chính có giá_trị không vượt quá mức tiền phạt quy_định tại Điểm b Khoản này . 

2 . Chủ_tịch Ủy_ban nhân_dân huyện , quận , thị_xã , thành_phố thuộc tỉnh có quyền : 

b ) Phạt tiền đến mức tối_đa là 50.000.000 đồng đối_với mỗi hành_vi vi_phạm_quy_định tại Chương II Nghị_định này ; 

c ) Tước quyền sử_dụng giấy_phép hoạt_động , chứng_chỉ hành_nghề có thời_hạn hoặc đình_chỉ hoạt_động có thời_hạn đối_với tổ_chức , cá_nhân thuộc thẩm_quyền quản_lý theo phân_cấp ;  tịch_thu tang_vật , phương_tiện vi_phạm hành_chính có giá_trị không vượt quá mức tiền phạt quy_định tại Điểm b Khoản này ; 

d ) Áp_dụng các biện_pháp khắc_phục hậu_quả quy_định tại Điều 4 Chương I Nghị_định này . 

3 . Chủ_tịch Ủy_ban nhân_dân tỉnh , thành_phố trực_thuộc Trung_ương có quyền : 

b ) Phạt tiền đến mức tối_đa là 100.000.000 đồng đối_với mỗi hành_vi vi_phạm_quy_định tại Chương II Nghị_định này ; 

c ) Tước quyền sử_dụng giấy_phép , chứng_chỉ hành_nghề có thời_hạn hoặc đình_chỉ hoạt_động có thời_hạn đối_với tổ_chức , cá_nhân thuộc thẩm_quyền quản_lý theo phân_cấp ; 

d ) Tịch_thu tang_vật , phương_tiện vi_phạm hành_chính ; 

e ) Áp_dụng các biện_pháp khắc_phục hậu_quả quy_định tại Điều 4 Chương I Nghị_định này . 

Điều 29 .  Thẩm_quyền xử_phạt của Thanh_tra 

1 . Thanh_tra viên đang thi_hành công_vụ có quyền : 

b ) Phạt tiền đến mức tối_đa là 500.000 đồng đối_với mỗi hành_vi vi_phạm_quy_định tại Chương II Nghị_định này ; 

2 . Chánh Thanh_tra Sở Giáo_dục và Đào_tạo có quyền : 

c ) Tước quyền sử_dụng giấy_phép hoạt_động , chứng_chỉ hành_nghề có thời_hạn hoặc đình_chỉ hoạt_động có thời_hạn ; 

d ) Tịch_thu tang_vật , phương_tiện vi_phạm hành_chính có giá_trị không vượt quá mức tiền phạt quy_định tại Điểm b Khoản này ; 

3 . Trưởng_đoàn thanh_tra chuyên_ngành cấp Sở có quyền : 

c ) Tịch_thu tang_vật , phương_tiện vi_phạm hành_chính có giá_trị không vượt quá mức tiền phạt quy_định tại Điểm b Khoản này ; 

4 . Trưởng_đoàn thanh_tra chuyên_ngành cấp Bộ có quyền : 

b ) Phạt tiền đến mức tối_đa là 70.000.000 đồng đối_với mỗi hành_vi vi_phạm_quy_định tại Chương II Nghị_định này ; 

5 . Chánh Thanh_tra Bộ , cơ_quan ngang Bộ có quyền : 

c ) Tước quyền sử_dụng giấy_phép , chứng_chỉ hành_nghề , đình_chỉ hoạt_động có thời_hạn ; 

d ) Tịch_thu tang_vật , phương_tiện vi_phạm ; 

e ) Áp_dụng biện_pháp khắc_phục hậu_quả quy_định tại Điều 4 Chương I Nghị_định này . 

Điều 30 .  Áp_dụng hình_thức xử_phạt trục_xuất 

Người nước_ngoài có hành_vi vi_phạm hành_chính quy_định tại Khoản 7 Điều 8 Nghị_định này đến mức phải thực_hiện trục_xuất khỏi lãnh_thổ Việt_Nam thì thực_hiện theo Nghị_định của Chính_phủ về quy_định việc tạm giữ , áp_giải người theo thủ_tục hành_chính và áp_dụng hình_thức xử_phạt trục_xuất theo thủ_tục hành_chính . 

Điều 31 .  Hiệu_lực thi_hành 

1 . Nghị_định này có hiệu_lực thi_hành kể từ ngày 10 tháng 12 năm 2013 . 

2 . <NĐ rel="Drop"> Nghị_định số 49/2005/NĐ-CP ngày 11 tháng 4 năm 2005 </NĐ> của Chính_phủ quy_định về xử_phạt vi_phạm hành_chính trong lĩnh_vực giáo_dục ; <NĐ rel="Drop"> Nghị_định số 40/2011/NĐ-CP ngày 08 tháng 6 năm 2011 </NĐ> của Chính_phủ sửa_đổi , bổ_sung một_số điều của <NĐ rel="Others"> Nghị_định số 49/2005/NĐ-CP ngày 11 tháng 4 năm 2005 </NĐ> của Chính_phủ quy_định về xử_phạt vi_phạm hành_chính trong lĩnh_vực giáo_dục hết hiệu_lực thi_hành kể từ ngày Nghị_định này có hiệu_lực .
Điều 32 .  Điều_khoản chuyển_tiếp 

Đối_với hành_vi vi_phạm hành_chính trong lĩnh_vực giáo_dục xảy ra trước ngày 01 tháng 7 năm 2013 mà sau đó mới bị phát_hiện hoặc đang xem_xét , giải_quyết thì áp_dụng các quy_định có lợi cho tổ_chức , cá_nhân vi_phạm . 

Điều 33 .  Trách_nhiệm thi_hành 

Các Bộ_trưởng , Thủ_trưởng cơ_quan ngang Bộ , Thủ_trưởng cơ_quan thuộc Chính_phủ , Chủ_tịch Ủy_ban nhân_dân tỉnh , thành_phố trực_thuộc Trung_ương chịu trách_nhiệm thi_hành Nghị_định này ./. 