Nghị định Về tổ chức và hoạt động của Thanh tra thủy sản

Căn_cứ <L rel="Pursuant"> Luật Tổ_chức Chính_phủ ngày 25 tháng 12 năm 2001 </L> ;
Căn_cứ <L rel="Pursuant"> Luật_Thủy_sản ngày 26 tháng 11 năm 2003 </L> ;
Căn_cứ <L rel="Pursuant"> Luật Thanh_tra ngày 15 tháng 6 năm 2004 </L> ;
Căn_cứ <PL rel="Pursuant"> Pháp_lệnh Xử_lý vi_phạm hành_chính ngày 02 tháng 7 năm 2002 </PL> ;
Điều 1 .  Vị_trí và chức_năng của Thanh_tra thủy_sản 

Thanh_tra thủy_sản được tổ_chức ở Trung_ương thuộc Bộ Thủy_sản và ở địa_phương thuộc Sở_Thủy_sản hoặc Sở có chức_năng giúp Ủy_ban nhân_dân tỉnh , thành_phố trực_thuộc Trung_ương quản_lý nhà_nước về thủy_sản ;  thực_hiện chức_năng thanh_tra hành_chính và thanh_tra chuyên_ngành trong phạm_vi quản_lý nhà_nước về thủy_sản . 

Điều 2 .  Đối_tượng của Thanh_tra thủy_sản 

1 . Tổ_chức , cá_nhân thuộc quyền quản_lý của cơ_quan quản_lý nhà_nước về thủy_sản . 

2 . Tổ_chức , cá_nhân Việt_Nam và tổ_chức , cá_nhân nước_ngoài tham_gia các hoạt_động thủy_sản tại Việt_Nam .  Trường_hợp Điều_ước quốc_tế mà Việt_Nam là thành_viên có quy_định khác với quy_định của Nghị_định này thì áp_dụng quy_định của Điều_ước quốc_tế đó . 

Điều 3 .  Nguyên_tắc hoạt_động của Thanh_tra thủy_sản 

1 . Hoạt_động Thanh_tra thủy_sản phải tuân theo pháp_luật , đảm_bảo chính_xác , khách_quan , công_khai , dân_chủ và kịp_thời ;  không làm cản_trở hoạt_động bình_thường của tổ_chức , cá_nhân là đối_tượng_thanh_tra . 

2 . Khi tiến_hành thanh_tra , người ra quyết_định thanh_tra , Thủ_trưởng cơ_quan thanh_tra , trưởng_đoàn thanh_tra , thanh_tra viên phải tuân theo đúng các quy_định của pháp_luật về thanh_tra và quy_định của Nghị_định này ;  phải chịu trách_nhiệm trước pháp_luật về hành_vi , quyết_định của mình . 

Điều 4 .  Các cơ_quan Thanh_tra thủy_sản 

1 . Các cơ_quan Thanh_tra thủy_sản gồm : 

a ) Cơ_quan Thanh_tra thủy_sản thuộc Bộ Thủy_sản , gọi tắt là Thanh_tra Bộ ; 

b ) Cơ_quan Thanh_tra thủy_sản thuộc Sở_Thủy_sản , gọi tắt là Thanh_tra Sở . 

Đối_với các Sở có chức_năng giúp Ủy_ban nhân_dân tỉnh , thành_phố trực_thuộc Trung_ương quản_lý nhà_nước về thủy_sản thì Thanh_tra thủy_sản nằm trong cơ_cấu tổ_chức của Thanh_tra Sở . 

2 . Thanh_tra Bộ và Thanh_tra Sở có con_dấu và tài_khoản riêng . 

Điều 5 .  Thanh_tra Bộ 

1 . Thanh_tra Bộ là cơ_quan của Bộ Thủy_sản , giúp Bộ_trưởng Bộ Thủy_sản quản_lý nhà_nước về công_tác thanh_tra , thực_hiện nhiệm_vụ , quyền_hạn thanh_tra hành_chính và thanh_tra chuyên_ngành trong các lĩnh_vực thuộc phạm_vi quản_lý nhà_nước của Bộ Thủy_sản . 

Thanh_tra Bộ chịu sự chỉ_đạo trực_tiếp của Bộ_trưởng Bộ Thủy_sản , đồng_thời chịu sự chỉ_đạo , hướng_dẫn về công_tác , tổ_chức và nghiệp_vụ thanh_tra của Thanh_tra Chính_phủ . 

2 . Thanh_tra Bộ có Chánh_Thanh_tra , các Phó_Chánh Thanh_tra , các Thanh_tra viên . 

Chánh_Thanh_tra Bộ do Bộ_trưởng bổ_nhiệm , miễn_nhiệm , cách_chức sau khi thống_nhất với Tổng_Thanh_tra .  Phó_Chánh Thanh_tra Bộ do Bộ_trưởng bổ_nhiệm , miễn_nhiệm , cách_chức theo đề_nghị của Chánh_Thanh_tra Bộ . 

3 . Thanh_tra Bộ có các Phòng trực_thuộc do Bộ_trưởng Bộ Thủy_sản quyết_định thành_lập . 

4 . Bộ_trưởng Bộ Thủy_sản quyết_định cụ_thể chức_năng , nhiệm_vụ , cơ_cấu tổ_chức và biên_chế của Thanh_tra Bộ căn_cứ đặc_thù chuyên_ngành thủy_sản . 

Điều 6 .  Nhiệm_vụ , quyền_hạn của Thanh_tra Bộ 

1 . Thực_hiện các nhiệm_vụ , quyền_hạn quy_định tại Điều 54 , Điều 55 <L rel="Reference"> Luật_Thủy_sản </L> và Điều 25 <L rel="Reference"> Luật Thanh_tra </L> .
2 . Quản_lý hoạt_động của thanh_tra chuyên_ngành thủy_sản ;  tổ_chức đào_tạo , bồi_dưỡng nghiệp_vụ thanh_tra chuyên_ngành cho Thanh_tra viên , cộng_tác_viên Thanh_tra thủy_sản . 

3 . Chủ_trì hoặc tham_gia xây_dựng các văn_bản quy_phạm pháp_luật liên_quan đến tổ_chức và hoạt_động của Thanh_tra thủy_sản trình Bộ_trưởng ban_hành theo thẩm_quyền hoặc để Bộ_trưởng trình cơ_quan có thẩm_quyền ban_hành .  Tham_gia xây_dựng các văn_bản quy_phạm pháp_luật khác do Bộ_trưởng giao . 

4 . Theo_dõi , kiểm_tra , đôn_đốc việc thực_hiện các kết_luận , kiến_nghị , quyết_định xử_lý về công_tác thanh_tra , các quyết_định xử_phạt vi_phạm hành_chính của Thanh_tra Bộ . 

5 . Trưng_tập Thanh_tra viên của các Sở , yêu_cầu cơ_quan , đơn_vị liên_quan cử cán_bộ , công_chức tham_gia các đoàn thanh_tra . 

6 . Kiến_nghị với cơ_quan nhà_nước có thẩm_quyền đình_chỉ thi_hành hoặc hủy_bỏ các quy_định trái với văn_bản pháp_luật của nhà_nước hoặc trái với các văn_bản pháp_luật chuyên_ngành thủy_sản do Bộ Thủy_sản ban_hành . 

Điều 7 .  Nhiệm_vụ , quyền_hạn của Chánh_Thanh_tra Bộ 

1 . Thực_hiện các nhiệm_vụ , quyền_hạn quy_định tại Điều 26 <L rel="Reference"> Luật Thanh_tra </L> .
2 . Lãnh_đạo , chỉ_đạo công_tác thanh_tra đối_với Thanh_tra Bộ ;  chỉ_đạo , hướng_dẫn công_tác và nghiệp_vụ thanh_tra chuyên_ngành đối_với Thanh_tra Sở . 

3 . Xây_dựng chương_trình , kế_hoạch thanh_tra , kiểm_tra hàng năm của Thanh_tra Bộ trình Bộ_trưởng quyết_định và tổ_chức thực_hiện chương_trình , kế_hoạch đó . 

4 . Kiến_nghị với Bộ_trưởng phối_hợp với các Bộ , ngành , Ủy_ban nhân_dân cấp tỉnh giải_quyết việc trùng_lặp giữa các đoàn thanh_tra , kiểm_tra đối_với các cơ_quan , đơn_vị thuộc quyền quản_lý của Bộ . 

5 . Theo_dõi , kiểm_tra , đôn_đốc việc thực_hiện các kết_luận , kiến_nghị quyết_định xử_lý về thanh_tra thuộc phạm_vi trách_nhiệm của Thủ_trưởng cơ_quan , đơn_vị thuộc quyền quản_lý của Bộ . 

6 . Kiểm_tra trách_nhiệm của Thủ_trưởng cơ_quan , đơn_vị thuộc quyền quản_lý của Bộ trong việc thực_hiện các quy_định của pháp_luật về thanh_tra ;  kiểm_tra trách_nhiệm của Giám_đốc các Sở trong việc tổ_chức , chỉ_đạo các hoạt_động thanh_tra chuyên_ngành . 

7 . Báo_cáo Bộ_trưởng và Tổng_Thanh_tra về công_tác thanh_tra trong phạm_vi trách_nhiệm của mình . 

Điều 8 .  Thanh_tra Sở 

1 . Thanh_tra Sở là cơ_quan của Sở , có trách_nhiệm giúp Giám_đốc Sở thực_hiện nhiệm_vụ , quyền_hạn thanh_tra hành_chính và thanh_tra chuyên_ngành trong phạm_vi nhiệm_vụ , quyền_hạn của Giám_đốc Sở . 

Thanh_tra Sở chịu sự chỉ_đạo trực_tiếp của Giám_đốc Sở , đồng_thời chịu sự chỉ_đạo , hướng_dẫn về công_tác , tổ_chức và nghiệp_vụ thanh_tra hành_chính của Thanh_tra tỉnh , về công_tác và nghiệp_vụ thanh_tra chuyên_ngành của Thanh_tra Bộ . 

2 . Thanh_tra Sở có Chánh_Thanh_tra , các Phó_Chánh Thanh_tra , các Thanh_tra viên . 

Chánh_Thanh_tra Sở do Giám_đốc Sở bổ_nhiệm , miễn_nhiệm , cách_chức sau khi thống_nhất với Chánh_Thanh_tra tỉnh ;  Phó_Chánh Thanh_tra Sở do Giám_đốc Sở bổ_nhiệm , miễn_nhiệm , cách_chức theo đề_nghị của Chánh_Thanh_tra Sở . 

3 . Căn_cứ yêu_cầu , nhiệm_vụ quản_lý chuyên_ngành thủy_sản của địa_phương , Ủy_ban nhân_dân tỉnh , thành_phố trực_thuộc Trung_ương quy_định cụ_thể về tổ_chức , biên_chế và hoạt_động của Thanh_tra chuyên_ngành thủy_sản theo hướng_dẫn của Bộ Thủy_sản và Bộ Nội_vụ . 

Điều 9 .  Nhiệm_vụ , quyền_hạn của Thanh_tra Sở 

1 . Thực_hiện các nhiệm_vụ , quyền_hạn quy_định tại Điều 54 , Điều 55 <L rel="Reference"> Luật_Thủy_sản </L> và Điều 28 <L rel="Reference"> Luật Thanh_tra </L> .
2 . Theo_dõi , kiểm_tra , đôn_đốc việc thực_hiện các kết_luận , kiến_nghị , quyết_định xử_lý về công_tác thanh_tra , các quyết_định xử_phạt vi_phạm hành_chính của Thanh_tra Sở . 

3 . Yêu_cầu các cơ_quan , đơn_vị liên_quan cử cán_bộ , công_chức tham_gia các đoàn thanh_tra . 

4 . Kiến_nghị với cơ_quan nhà_nước có thẩm_quyền đình_chỉ việc thi_hành hoặc hủy bỏ những quy_định trái với các văn_bản pháp_luật của nhà_nước hoặc trái với các văn_bản pháp_luật chuyên_ngành thủy_sản do Bộ Thủy_sản ban_hành . 

Điều 10 .  Nhiệm_vụ , quyền_hạn của Chánh_Thanh_tra Sở 

1 . Thực_hiện nhiệm_vụ , quyền_hạn quy_định tại Điều 29 <L rel="Reference"> Luật Thanh_tra </L> .
2 . Lãnh_đạo , chỉ_đạo công_tác thanh_tra đối_với Thanh_tra Sở . 

3 . Xây_dựng chương_trình , kế_hoạch thanh_tra , kiểm_tra hàng năm của Thanh_tra Sở trình Giám_đốc Sở quyết_định và tổ_chức thực_hiện chương_trình kế_hoạch đó . 

4 . Kiến_nghị với Giám_đốc Sở phối_hợp với các cơ_quan có thẩm_quyền của tỉnh giải_quyết việc trùng_lặp giữa các đoàn thanh_tra , kiểm_tra đối_với các cơ_quan đơn_vị thuộc quyền quản_lý của Sở . 

5 . Theo_dõi , kiểm_tra , đôn_đốc việc thực_hiện các kết_luận , kiến_nghị , quyết_định xử_lý về thanh_tra , các quyết_định xử_phạt vi_phạm hành_chính của Thanh_tra Sở . 

6 . Kiểm_tra trách_nhiệm Thủ_trưởng các cơ_quan , đơn_vị thuộc quyền quản_lý của Sở trong việc thực_hiện các quy_định của pháp_luật về thanh_tra . 

7 . Báo_cáo Giám_đốc Sở , Chánh Thanh_tra tỉnh , Chánh Thanh_tra Bộ về công_tác thanh_tra trong phạm_vi trách_nhiệm của mình . 

Điều 11 .  Thanh_tra viên thủy_sản 

1 . Thanh_tra viên thủy_sản là công_chức nhà_nước được bổ_nhiệm vào ngạch thanh_tra để thực_hiện nhiệm_vụ thanh_tra . 

2 . Thanh_tra viên thủy_sản phải đáp_ứng tiêu_chuẩn chung của thanh_tra viên quy_định tại Điều 31 <L rel="Reference"> Luật Thanh_tra </L> và các điều_kiện , tiêu_chuẩn khác theo quy_định của Bộ_trưởng Bộ Thủy_sản .
3 . Thanh_tra viên thủy_sản có nhiệm_vụ , quyền_hạn theo quy_định tại Điều 40 và Điều 50 <L rel="Reference"> Luật Thanh_tra </L> .
4 . Việc bổ_nhiệm , miễn_nhiệm , chế_độ chính_sách đối_với Thanh_tra viên thủy_sản thực_hiện theo quy_định của pháp_luật . 

Điều 12 .  Cộng_tác_viên Thanh_tra thủy_sản 

1 . Trong hoạt_động thanh_tra , các cơ_quan Thanh_tra thủy_sản được quyền_trưng tập cộng_tác_viên . 

2 . Cộng_tác_viên Thanh_tra thủy_sản là người có chuyên_môn , nghiệp_vụ phù_hợp với nhiệm_vụ thanh_tra , được trưng_tập để thực_hiện các cuộc thanh_tra hoặc được trưng_tập theo hình_thức hợp_đồng lao_động để thường_trực tại một_số địa_bàn nhất_định thực_hiện một_số nhiệm_vụ thanh_tra chuyên_ngành do cơ_quan thanh_tra thủy_sản phân_công . 

Cộng_tác_viên thanh_tra được trưng tập thường_trực tại địa_bàn nhất_định phải được đào_tạo nghiệp_vụ thanh_tra chuyên_ngành . 

3 . Tiêu_chuẩn , chế_độ , trách_nhiệm của cộng_tác_viên Thanh_tra thủy_sản , việc trưng_tập cộng_tác_viên Thanh_tra thủy_sản thực_hiện theo quy_định của pháp_luật về cộng_tác_viên thanh_tra và quy_định của Bộ_trưởng Bộ Thủy_sản . 

Điều 13 .  Hoạt_động thanh_tra hành_chính 

Nội_dung , trình_tự , thủ_tục tiến_hành thanh_tra hành_chính thực_hiện theo quy_định từ Điều 34 đến Điều 44 <L rel="Reference"> Luật Thanh_tra </L> và các văn_bản hướng_dẫn thi_hành <L rel="Others"> Luật Thanh_tra </L> .
Điều 14 .  Nội_dung hoạt_động thanh_tra chuyên_ngành 

1 . Các quy_định về quản_lý khai_thác và bảo_vệ nguồn lợi thủy_sản . 

2 . Các quy_định về quản_lý tàu cá , đăng_ký , đăng_kiểm tàu cá , đảm_bảo an_toàn cho người và tàu cá hoạt_động . 

3 . Các quy_định về quản_lý nuôi_trồng thủy_sản . 

4 . Các quy_định về quản_lý công_tác thú_y thủy_sản . 

5 . Các quy_định về quản_lý chất_lượng , an_toàn vệ_sinh thủy_sản . 

6 . Các quy_định về điều_kiện sản_xuất , kinh_doanh các ngành_nghề thủy_sản . 

7 . Các quy_định khác của pháp_luật liên_quan đến hoạt_động thủy_sản thuộc thẩm_quyền xử_phạt vi_phạm hành_chính của Thanh_tra thủy_sản . 

Điều 15 .  Trình_tự , thủ_tục tiến_hành thanh_tra chuyên_ngành 

1 . Trình_tự , thủ_tục tiến_hành thanh_tra chuyên_ngành thực_hiện theo quy_định từ Điều 45 đến Điều 52 <L rel="Reference"> Luật Thanh_tra </L> và các văn_bản hướng_dẫn thi_hành <L rel="Others"> Luật Thanh_tra </L> .
2 . Trình_tự , thủ_tục xử_phạt vi_phạm hành_chính trong lĩnh_vực thủy_sản thực_hiện theo quy_định của pháp_luật về xử_lý vi_phạm hành_chính . 

Điều 16 .  Trang_phục , phù_hiệu , biển_hiệu , cấp_hiệu , cờ hiệu 

1 . Thanh_tra thủy_sản được cấp trang_phục , phù_hiệu , biển_hiệu , cấp_hiệu , cờ hiệu riêng . 

Nghiêm_cấm tổ_chức , cá_nhân không thuộc lực_lượng Thanh_tra thủy_sản sử_dụng trang_phục , phù_hiệu , biển_hiệu , cờ hiệu của Thanh_tra thủy_sản hoặc sử_dụng trang_phục , phù_hiệu , biển_hiệu , cấp_hiệu , cờ hiệu tương_tự gây nhầm_lẫn với Thanh_tra thủy_sản . 

2 . Bộ_trưởng Bộ Thủy_sản thống_nhất với Tổng_Thanh_tra quy_định cụ_thể về tiêu_chuẩn , định_mức , mẫu và màu_sắc trang_phục , phù_hiệu , biển_hiệu , cấp_hiệu , cờ hiệu của Thanh_tra thủy_sản . 

Điều 17 .  Cơ_sở vật_chất kỹ_thuật 

1 . Thanh_tra thủy_sản được trang_bị trụ_sở làm_việc , phương_tiện tuần_tra , phương_tiện thông_tin liên_lạc , công_cụ hỗ_trợ , vũ_khí để tự_vệ và các trang_thiết_bị kỹ_thuật khác phục_vụ cho công_tác thanh_tra . 

2 . Bộ_trưởng Bộ Thủy_sản quy_định cụ_thể về định_mức trang_bị kỹ_thuật ;  phối_hợp với Bộ Công_an , Bộ Quốc_phòng quy_định về trang_bị , quản_lý và sử_dụng công_cụ hỗ_trợ và vũ_khí . 

Điều 18 .  Kinh_phí hoạt_động 

1 . Kinh_phí hoạt_động của Thanh_tra thủy_sản do ngân_sách nhà_nước cấp và các nguồn kinh_phí khác theo quy_định của pháp_luật . 

2 . Việc cấp_phát , quản_lý , sử_dụng kinh_phí theo quy_định của pháp_luật . 

3 . Bộ_trưởng Bộ Tài_chính chủ_trì , phối_hợp với Bộ_trưởng Bộ Thủy_sản hướng_dẫn về cấp_phát , quản_lý và sử_dụng kinh_phí hoạt_động của Thanh_tra thủy_sản . 

Điều 19 .  Trách_nhiệm Thủ_trưởng của cơ_quan quản_lý nhà_nước về thủy_sản 

1 . Bộ_trưởng Bộ Thủy_sản có trách_nhiệm tổ_chức , chỉ_đạo hoạt_động của Thanh_tra thủy_sản trong phạm_vi quản_lý nhà_nước của Bộ ;  kiện_toàn tổ_chức Thanh_tra Bộ ;  thường_xuyên chỉ_đạo và đảm_bảo các điều_kiện hoạt_động cho Thanh_tra Bộ ;  xử_lý kịp_thời các kết_luận , kiến_nghị của Thanh_tra Bộ . 

2 . Giám_đốc Sở_Thủy_sản , Sở có chức_năng giúp Ủy_ban nhân_dân tỉnh , thành_phố trực_thuộc Trung_ương quản_lý nhà_nước về thủy_sản có trách_nhiệm tham_mưu cho Chủ_tịch Ủy_ban nhân_dân tỉnh , thành_phố trực_thuộc Trung_ương kiện_toàn tổ_chức Thanh_tra Sở ;  thường_xuyên chỉ_đạo và đảm_bảo điều_kiện hoạt_động cho Thanh_tra Sở ;  xử_lý kịp_thời các kết_luận , kiến_nghị của Thanh_tra Sở . 

Điều 20 .  Trách_nhiệm của tổ_chức , cá_nhân là đối_tượng_thanh_tra và của cơ_quan , tổ_chức , cá_nhân có liên_quan 

1 . Tổ_chức , cá_nhân là đối_tượng_thanh_tra có trách_nhiệm , quyền và nghĩa_vụ quy_định tại Điều 8 , Điều 53 và Điều 54 <L rel="Reference"> Luật Thanh_tra </L> .
2 . Cơ_quan , tổ_chức , cá_nhân có các thông_tin , tài_liệu liên_quan đến nội_dung thanh_tra phải cung_cấp đầy_đủ , kịp_thời theo yêu_cầu của cơ_quan thanh_tra và chịu trách_nhiệm về tính chính_xác , trung_thực của những thông_tin , tài_liệu đã cung_cấp . 

Điều 21 .  Mối quan_hệ phối_hợp trong hoạt_động Thanh_tra thủy_sản 

1 . Thanh_tra Bộ chịu sự chỉ_đạo , hướng_dẫn về công_tác , tổ_chức và nghiệp_vụ thanh_tra của Thanh_tra Chính_phủ ;  có trách_nhiệm hướng_dẫn nghiệp_vụ thanh_tra chuyên_ngành cho Thanh_tra Sở ;  hướng_dẫn hoặc chủ_trì tổ_chức các cuộc thanh_tra liên Sở ;  hướng_dẫn , kiểm_tra về công_tác thanh_tra nội_bộ . 

2 . Thanh_tra Sở chịu sự chỉ_đạo , hướng_dẫn về công_tác , tổ_chức và nghiệp_vụ thanh_tra hành_chính của Thanh_tra tỉnh , về công_tác và nghiệp_vụ thanh_tra chuyên_ngành của Thanh_tra Bộ ;  có trách_nhiệm cử Thanh_tra viên tham_gia các cuộc thanh_tra do Thanh_tra Bộ tổ_chức hoặc tổ_chức các cuộc thanh_tra đột_xuất theo yêu_cầu của Thanh_tra Bộ . 

3 . Các cơ_quan Thanh_tra thủy_sản trong phạm_vi nhiệm_vụ , quyền_hạn của mình có trách_nhiệm phối_hợp với các cơ_quan công_an , biên_phòng , cảnh_sát biển , thanh_tra chuyên_ngành khác , Ủy_ban nhân_dân các cấp và các cơ_quan , tổ_chức có liên_quan trong việc phòng_ngừa , phát_hiện và xử_lý các hành_vi vi_phạm pháp_luật nói_chung và các hành_vi vi_phạm pháp_luật trong hoạt_động thủy_sản . 

4 . Các cơ_quan công_an , biên_phòng , cảnh_sát biển , thanh_tra chuyên_ngành khác , Ủy_ban nhân_dân các cấp và các cơ_quan , tổ_chức có liên_quan trong phạm_vi nhiệm_vụ , quyền_hạn của mình có trách_nhiệm phối_hợp với các cơ_quan Thanh_tra thủy_sản trong việc phòng_ngừa , phát_hiện và xử_lý các hành_vi vi_phạm pháp_luật trong hoạt_động thủy_sản . 

Điều 22 .  Khen_thưởng 

Tổ_chức , cá_nhân có thành_tích trong hoạt_động Thanh_tra thủy_sản được khen_thưởng theo quy_định của pháp_luật . 

Điều 23 .  Xử_lý vi_phạm 

1 . Người nào cản_trở , đưa hối_lộ , trả_thù người_làm nhiệm_vụ thanh_tra , tố_cáo sai sự_thật , vi_phạm pháp_luật về thanh_tra ;  người nào lợi_dụng chức_vụ , quyền_hạn thanh_tra hoặc vì động_cơ cá_nhân hoặc thiếu tinh_thần trách_nhiệm mà xử_lý vi_phạm , kết_luận không đúng , xâm_phạm quyền và lợi_ích hợp_pháp của tổ_chức , cá_nhân thì tùy theo tính_chất , mức_độ vi_phạm sẽ bị xử_lý kỷ_luật , xử_phạt vi_phạm hành_chính , trường_hợp gây thiệt_hại thì phải bồi_thường hoặc bị truy_cứu trách_nhiệm hình_sự theo quy_định của pháp_luật . 

2 . Khiếu_nại , tố_cáo và giải_quyết khiếu_nại , tố_cáo trong hoạt_động thanh_tra thủy_sản thực_hiện theo quy_định của pháp_luật về khiếu_nại , tố_cáo . 

Điều 24 .  Hiệu_lực thi_hành 

1 . Nghị_định này có hiệu_lực thi_hành sau 15 ngày , kể từ ngày đăng Công_báo . 

2 . Bãi_bỏ <QĐ rel="Drop"> Quyết_định số 415/TTg ngày 10 tháng 8 năm 1994 </QĐ> của Thủ_tướng Chính_phủ về việc ban_hành Quy_chế tổ_chức và hoạt_động của thanh_tra bảo_vệ nguồn lợi thủy_sản và <QĐ rel="Drop"> Quyết_định số 443/TTg ngày 08 tháng 8 năm 1995 </QĐ> của Thủ_tướng Chính_phủ về việc sửa_đổi Điều 13 của Quy_chế tổ_chức và hoạt_động của Thanh_tra bảo_vệ nguồn lợi thủy_sản ban_hành kèm theo <QĐ rel="Drop"> Quyết_định số 415/TTg ngày 10 tháng 8 năm 1994 </QĐ> của Thủ_tướng Chính_phủ .
Điều 25 .  Trách_nhiệm thi_hành 

1 . Bộ_trưởng Bộ Thủy_sản hướng_dẫn thi_hành Nghị_định này . 

2 . Các Bộ_trưởng , Thủ_trưởng cơ_quan ngang Bộ , Thủ_trưởng cơ_quan thuộc Chính_phủ , Chủ_tịch Ủy_ban nhân_dân tỉnh , thành_phố trực_thuộc Trung_ương chịu trách_nhiệm thi_hành Nghị_định này ./. 