Thông tư Hướng dẫn một số chính sách tài chính đặc thù đối với công ty nông, lâm nghiệp sau khi hoàn thành sắp xếp, đổi mới

Căn_cứ <NĐ rel="Pursuant"> Nghị_định số 215/2013/NĐ-CP ngày 23/12/2013 </NĐ> của Chính_phủ quy_định chức_năng , nhiệm_vụ , quyền_hạn và cơ_cấu tổ_chức của Bộ Tài_chính ;
Căn_cứ <NĐ rel="Pursuant"> Nghị_định số 118/2014/NĐ-CP ngày 17/12/2014 </NĐ> của Chính_phủ về sắp_xếp , đổi_mới và phát_triển , nâng cao hiệu_quả hoạt_động của công_ty nông , lâm_nghiệp ( sau đây gọi là <NĐ rel="Pursuant"> Nghị_định số 118/2014/NĐ-CP </NĐ> ) ;
Căn_cứ <NĐ rel="Pursuant"> Nghị_định số 71/2013/NĐ-CP ngày 11/07/2013 </NĐ> của Chính_phủ về đầu_tư vốn nhà_nước vào doanh_nghiệp và quản_lý_tài_chính đối_với doanh_nghiệp do Nhà_nước nắm giữ 100 % vốn điều_lệ ( sau đây gọi là <NĐ rel="Pursuant"> Nghị_định số 71/2014/NĐ-CP </NĐ> ) ;
Điều 1 .  Phạm_vi điều_chỉnh 

Thông_tư này hướng_dẫn một_số chính_sách tài_chính đặc_thù đối_với công_ty nông , lâm_nghiệp sau khi hoàn_thành việc sắp_xếp , đổi_mới theo <NĐ rel="Guide"> Nghị_định số 118/2014/NĐ-CP </NĐ> , cụ_thể :
- Vốn điều_lệ đối_với công_ty nông , lâm_nghiệp do Nhà_nước nắm giữ 100 % vốn điều_lệ ; 

- Trích_lập và sử_dụng dự_phòng rủi_ro đối_với rừng sản_xuất là rừng trồng ; 

- Quản_lý thu , chi của nhà_trẻ , mẫu_giáo , trung_tâm y_tế cần_thiết giữ lại để phục_vụ hoạt_động_sản_xuất kinh_doanh của công_ty . 

Điều 2 .  Đối_tượng áp_dụng 

Thông_tư này áp_dụng đối_với các công_ty nông , lâm_nghiệp hoạt_động theo <L rel="Reference"> Luật doanh_nghiệp </L> đã hoàn_thành việc sắp_xếp , đổi_mới theo <NĐ rel="Reference"> Nghị_định số 118/2014/NĐ-CP </NĐ> .
Điều 3 .  Vốn điều_lệ đối_với công_ty nông , lâm_nghiệp do Nhà_nước nắm giữ 100 % vốn điều_lệ 

1 . Công_ty nông , lâm_nghiệp do Nhà_nước nắm giữ 100 % vốn điều_lệ thực_hiện xác_định vốn điều_lệ điều_chỉnh theo quy_định tại Khoản 1 Điều 19 <NĐ rel="Reference"> Nghị_định số 118/2014/NĐ-CP ngày 17/12/2014 </NĐ> của Chính_phủ .
2 . Nguyên_tắc điều_chỉnh tăng , hồ_sơ và trình_tự phê_duyệt vốn điều_lệ thực_hiện theo quy_định tại điểm a , điểm c , khoản 2 , Điều 9 <TT rel="Reference"> Thông_tư số 220/2013/TT-BTC ngày 31/12/2013 </TT> của Bộ Tài_chính hướng_dẫn thực_hiện một_số điều của <NĐ rel="Others"> Nghị_định số 71/2013/NĐ-CP </NĐ> .
3 . Phương_pháp xác_định điều_chỉnh tăng vốn điều_lệ thực_hiện theo quy_định tại điểm b , khoản 2 , Điều 9 <TT rel="Reference"> Thông_tư số 220/2013/TT-BTC ngày 31/12/2013 </TT> của Bộ Tài_chính hướng_dẫn thực_hiện một_số điều của <NĐ rel="Others"> Nghị_định số 71/2013/NĐ-CP </NĐ> . Đối_với một_số trường_hợp cụ_thể , doanh_nghiệp xác_định điều_chỉnh tăng vốn điều_lệ theo quy_định sau :
a ) Đối_với công_ty lâm_nghiệp quản_lý rừng sản_xuất là rừng trồng ;  công_ty nông_nghiệp trồng cây công_nghiệp dài ngày : 

Vđl điều_chỉnh lại = Vđl đã duyệt + 

Tối_đa 50 % tổng nhu_cầu vốn đầu_tư , mua_sắm hình_thành tài_sản phục_vụ hoạt_động kinh_doanh chính của doanh_nghiệp 

+ Vsxsp-kdhhdv 

Trong đó : 

- Vđl đã duyệt là mức vốn điều_lệ đã được cấp có thẩm_quyền phê_duyệt trước khi điều_chỉnh . 

- Tổng_nhu_cầu vốn đầu_tư , mua_sắm hình_thành tài_sản phục_vụ hoạt_động kinh_doanh chính của doanh_nghiệp xác_định theo quy_định tại điểm b khoản 2 , Điều 9 <TT rel="Reference"> Thông_tư số 220/2013/TT-BTC ngày 31/12/2013 </TT> của Bộ Tài_chính .
- Vsxsp-kdhhdv là nhu_cầu vốn cho hoạt_động_sản_xuất sản_phẩm , kinh_doanh hàng hóa dịch_vụ của doanh_nghiệp . 

Phương_pháp xác_định như sau : 

Vsxsp-hhkd = tối_đa 50 % x 

Mức chênh_lệch tăng giữa tổng nhu_cầu vốn sản_xuất sản_phẩm , kinh_doanh hàng_hóa , dịch_vụ đến năm thứ 3 kể từ năm xác_định lại mức vốn điều_lệ so với nhu_cầu vốn sản_xuất sản_phẩm , kinh_doanh hàng_hóa , dịch_vụ thực_hiện của năm trước liền kề năm thực_hiện xác_định lại mức vốn điều_lệ 

Mức chênh_lệch tăng giữa tổng nhu_cầu vốn sản_xuất sản_phẩm , kinh_doanh hàng_hóa , dịch_vụ đến năm thứ 3 kể từ năm xác_định lại mức vốn điều_lệ so với nhu_cầu vốn sản_xuất sản_phẩm , kinh_doanh hàng_hóa , dịch_vụ thực_hiện của năm trước liền kề năm xác_định lại mức vốn điều_lệ được tính_toán theo quy_định tại điểm b khoản 2 , Điều 9 <TT rel="Reference"> Thông_tư số 220/2013/TT-BTC ngày 31/12/2013 </TT> của Bộ Tài_chính .
b ) Đối_với công_ty nông , lâm_nghiệp đã được Chính_phủ quy_định cơ_chế đặc_thù về vốn điều_lệ thì được tiếp_tục áp_dụng theo quy_định đó . 

Điều 4 .  Trích_lập và sử_dụng dự_phòng rủi_ro đối_với rừng sản_xuất là rừng trồng 

1 . Hàng năm vào cuối kỳ kế_toán năm , công_ty nông , lâm_nghiệp thực_hiện kiểm_kê , đánh_giá chất_lượng và phân_loại rừng sản_xuất là rừng trồng theo diện_tích , độ tuổi , loại cây làm cơ_sở trích_lập dự_phòng . 

2 . Thời_điểm trích_lập dự_phòng là thời_điểm cuối kỳ kế_toán năm đầu_tiên kể từ khi bắt_đầu trồng rừng .  Đối_với diện_tích rừng đã trồng trước thời_điểm Thông_tư này có hiệu_lực thi_hành , công_ty nông , lâm_nghiệp được trích_lập tại thời_điểm cuối kỳ kế_toán năm đầu_tiên kể từ thời_điểm Thông_tư này có hiệu_lực thi_hành . 

3 . Mức trích_lập dự_phòng : Mức trích_lập dự_phòng tối_đa bằng 5 % tổng_chi_phí do công_ty lâm_nghiệp đã đầu_tư để trồng , chăm_sóc , quản_lý bảo_vệ rừng sản_xuất là rừng trồng .  Mục trích cụ_thể và thời_gian trích ( có_thể phân_bổ cho nhiều năm ) do công_ty tự_quyết_định tùy thuộc vào khả_năng tài_chính của doanh_nghiệp hàng năm , đảm_bảo doanh_nghiệp không phát_sinh lỗ . 

Khoản trích_lập dự_phòng được hạch_toán vào chi_phí sản_xuất , kinh_doanh của doanh_nghiệp trong kỳ và được trừ khi xác_định thu_nhập chịu thuế . 

4 . Sử_dụng nguồn dự_phòng : Doanh_nghiệp chỉ được sử_dụng khoản dự_phòng đã trích_lập để bù_đắp tổn_thất xảy ra do thiên_tai , hỏa_hoạn , dịch_bệnh cho phần diện_tích rừng trồng đã trích_lập ;  giá_trị tổn_thất còn thiếu sau khi bù_đắp bằng nguồn dự_phòng được hạch_toán là chi_phí sản_xuất , kinh_doanh trong kỳ .  Trường_hợp sau khi bù_đắp tổn_thất vẫn còn số_dư khoản trích_lập dự_phòng , doanh_nghiệp tiếp_tục theo_dõi và trích_lập cho các năm tiếp_theo đến thời_điểm khai_thác rừng sản_xuất là rừng trồng . 

Khi khai_thác diện_tích rừng trồng đã trích_lập dự_phòng , khoản trích_lập dự_phòng còn lại phải được hoàn_nhập hạch_toán giảm chi_phí sản_xuất , kinh_doanh . 

5 . Trường_hợp_doanh_nghiệp đã mua bảo_hiểm cho diện_tích rừng trồng thì không được trích_lập dự_phòng .  Trường_hợp_doanh_nghiệp đã thực_hiện trích_lập dự_phòng trước khi mua bảo_hiểm thì không được trích_lập tiếp .  Khi có tổn_thất xảy ra , giá_trị tổn_thất sau khi đã bù_đắp bằng tiền bồi_thường của tổ_chức bảo_hiểm , dự_phòng ( nếu có ) , phần còn thiếu được hạch_toán là chi_phí sản_xuất , kinh_doanh trong kỳ . 

6 . Doanh_nghiệp phải lập hội_đồng để thẩm_định mức trích_lập các khoản dự_phòng và xử_lý tổn_thất thực_tế .  Thành_phần hội_đồng gồm : tổng_giám_đốc ( hoặc giám_đốc ) , kế_toán_trưởng , các trưởng_phòng , ban có liên_quan và một_số chuyên_gia ( nếu cần ) , tổng_giám_đốc ( hoặc giám_đốc ) doanh_nghiệp quyết_định thành_lập hội_đồng . 

Điều 5 .  Quản_lý thu , chi của nhà_trẻ , mẫu_giáo , trung_tâm y_tế cần_thiết giữ lại để phục_vụ hoạt_động_sản_xuất kinh_doanh của công_ty 

1 . Nguyên_tắc quản_lý thu , chi : 

a ) Căn_cứ các nội_dung chi và định_mức chi theo quy_định của pháp_luật áp_dụng cho các đơn_vị sự_nghiệp công_lập do ngân_sách nhà_nước đảm_bảo toàn_bộ kinh_phí trong lĩnh_vực hoạt_động tương_đương , người đứng đầu đơn_vị nhà_trẻ , mẫu_giáo , trung_tâm y_tế có trách_nhiệm xây_dựng và trình cấp có thẩm_quyền theo quy_định tại quy_chế quản_lý_tài_chính của công_ty ban_hành các định_mức chi cho hoạt_động của đơn_vị .  Các định_mức phải được phổ_biến đến người thực_hiện , công_bố công_khai cho người lao_động . 

b ) Toàn_bộ các khoản thu , chi của cơ_sở phải có đầy_đủ chứng_từ theo quy_định của pháp_luật kế_toán và phản_ánh đầy_đủ trong sổ kế_toán của cơ_sở theo chế_độ kế_toán hiện_hành áp_dụng với cơ_sở . 

c ) Việc quản_lý , sử_dụng và trích khấu_hao tài_sản cố_định thực_hiện theo quy_định của pháp_luật có liên_quan . 

2 . Hàng năm , căn_cứ nhiệm_vụ của năm kế_hoạch và các định_mức chi , kết_quả hoạt_động sự_nghiệp , tình_hình thu , chi tài_chính của năm trước liền kề ;  đơn_vị lập dự_toán thu , chi năm kế_hoạch trình cấp có thẩm_quyền theo quy_định tại quy_chế quản_lý_tài_chính của công_ty phê_duyệt . 

3 . Cuối năm tài_chính , các đơn_vị lập báo_cáo quyết_toán thu , chi để trình cấp có thẩm_quyền phê_duyệt theo quy_chế quản_lý_tài_chính của công_ty phê_duyệt .  Trường_hợp các khoản chi thực_tế trong năm vượt hoặc nằm ngoài dự_toán chi thì đơn_vị phải giải_trình rõ nguyên_nhân để báo_cáo cấp có thẩm_quyền xem_xét , quyết_định . 

4 . Trường_hợp các khoản thu không đủ bù_đắp khoản chi ( gồm cả chi_phí khấu_hao tài_sản cố_định ) và các khoản phải nộp khác thì phần chênh_lệch thu , chi được hạch_toán vào chi_phí sản_xuất kinh_doanh của công_ty và được trừ khi xác_định thu_nhập chịu thuế . 

5 . Trường_hợp các khoản thu lớn hơn chi và các khoản phải nộp khác thì khoản chênh_lệch này được hạch_toán vào thu_nhập khác của doanh_nghiệp . 

Điều 6 .  Hiệu_lực thi_hành 

1 . Thông_tư này có hiệu_lực thi_hành kể từ ngày 02 tháng 6 năm 2015 . 

2 . Trong quá_trình thực_hiện nếu có khó_khăn vướng_mắc , đề_nghị các đơn_vị phản_ánh kịp_thời về Bộ Tài_chính để có nghiên_cứu , hướng_dẫn giải_quyết ./. 