Nghị định Về sắp xếp, đổi mới và phát triển lâm trường quốc doanh

Căn_cứ <L rel="Pursuant"> Luật Tổ_chức Chính_phủ ngày 25 tháng 12 năm 2001 </L> ;
Căn_cứ <L rel="Pursuant"> Luật Bảo_vệ và Phát_triển rừng ngày 19 tháng 8 năm 1991 </L> ;
Căn_cứ <L rel="Pursuant"> Luật_Doanh_nghiệp Nhà_nước ngày 26 tháng 11 năm 2003 </L> ;
Căn_cứ <L rel="Pursuant"> Luật Đất_đai ngày 26 tháng 11 năm 2003 </L> ;
Điều 1 .  Phạm_vi điều_chỉnh và đối_tượng áp_dụng 

1 . Nghị_định này quy_định việc sắp_xếp , đổi_mới và phát_triển lâm_trường quốc_doanh . 

2 . Nghị_định này áp_dụng đối_với các lâm_trường quốc_doanh , các doanh_nghiệp lâm_nghiệp nhà_nước được giao , được thuê đất để sử_dụng vào mục_đích quản_lý , bảo_vệ rừng và sản_xuất , kinh_doanh lâm_nghiệp ( sau đây gọi chung là lâm_trường quốc_doanh ) . 

Điều 2 .  Mục_tiêu đổi_mới tổ_chức và cơ_chế quản_lý lâm_trường quốc_doanh 

1 . Sử_dụng có hiệu_quả tài_nguyên đất ;  quản_lý , bảo_vệ , phát_triển và sử_dụng bền_vững tài_nguyên rừng . 

2 . Nâng cao hiệu_quả hoạt_động_sản_xuất , kinh_doanh của các lâm_trường quốc_doanh . 

3 . Tạo thêm việc_làm và thu_nhập cho người lao_động ;  góp_phần xóa_đói , giảm nghèo , phát_triển kinh_tế-xã_hội , đảm_bảo_an_ninh quốc_phòng trên địa_bàn . 

Điều 3 .  Nguyên_tắc sắp_xếp lại các lâm_trường quốc_doanh 

1 . Sắp_xếp , đổi_mới các lâm_trường quốc_doanh phải phù_hợp với quy_hoạch , kế_hoạch về phát_triển kinh_tế-xã_hội của mỗi địa_phương , nhất là quy_hoạch , kế_hoạch phát_triển lâm_nghiệp . 

2 . Phân_biệt rõ được loại_hình lâm_trường thực_hiện nhiệm_vụ công_ích và nhiệm_vụ sản_xuất , kinh_doanh : 

a ) Những lâm_trường thực_hiện nhiệm_vụ sản_xuất kinh_doanh là chủ_yếu thì phải hoạt_động_sản_xuất và hạch_toán theo cơ_chế thị_trường . 

b ) Những lâm_trường chủ_yếu thực_hiện nhiệm_vụ công_ích thì chuyển thành Ban Quản_lý rừng , hoạt_động theo cơ_chế của đơn_vị sự_nghiệp có thu . 

3 . Tăng_cường hiệu_lực , hiệu_quả quản_lý nhà_nước về rừng , Nhà_nước chỉ trực_tiếp đầu_tư , quản_lý rừng đặc_dụng , rừng phòng_hộ rất xung_yếu và xung_yếu , những vùng rừng xa dân không_thể giao_khoán cho dân , rừng tự_nhiên còn trữ_lượng lớn .  Những diện_tích rừng tự_nhiên còn lại giao cho các tổ_chức , hộ gia_đình và cá_nhân để tự đầu_tư kinh_doanh ( khoanh nuôi , tái_sinh ) và hưởng lợi từ kết_quả sản_xuất , kinh_doanh nghề rừng . 

Điều 4 .  Đổi_mới tổ_chức lâm_trường quốc_doanh 

1 . Những lâm_trường đang quản_lý chủ_yếu là rừng trồng sản_xuất , đất quy_hoạch để trồng rừng sản_xuất và quản_lý rừng sản_xuất chủ_yếu là rừng tự_nhiên có quy_mô diện_tích tập_trung thì tổ_chức lại thành Công_ty Lâm_nghiệp trên cơ_sở phương_án sản_xuất , kinh_doanh ( từ trồng , chăm_sóc bảo_vệ , phát_triển rừng , khai_thác gắn với chế_biến và tiêu_thụ lâm_sản ) . 

2 . Những lâm_trường đang quản_lý chủ_yếu là rừng phòng_hộ có diện_tích từ 5.000 ha trở lên , rừng đặc_dụng có diện_tích từ 1.000 ha trở lên ( trường_hợp đặc_biệt có_thể nhỏ hơn ) thì chuyển thành Ban Quản_lý rừng phòng_hộ , Ban Quản_lý rừng đặc_dụng , hoạt_động theo cơ_chế đơn_vị sự_nghiệp có thu . 

3 . Những lâm_trường đang quản_lý diện_tích đất rừng ít ( dưới 1000 ha ) , phân_bố xen_kẽ với đất nông_nghiệp , gần khu dân_cư thì rà_soát điều_chỉnh lại quy_mô diện_tích phù_hợp và chuyển thành đơn_vị sự_nghiệp có thu , làm dịch_vụ sản_xuất cây giống , xây_dựng mô_hình ứng_dụng và chuyển_giao tiến_bộ kỹ_thuật cho nông_dân trong vùng . 

4 . Diện_tích rừng sản_xuất là rừng tự_nhiên nghèo kiệt , rừng phòng_hộ , rừng đặc_dụng nhỏ , phân_tán ;  diện_tích đất hoang_hóa và đất khác , đất sử_dụng không có hiệu_quả của các lâm_trường thuộc khoản 1 , khoản 2 và khoản 3 Điều này thì chính_quyền địa_phương thu_hồi để giao , cho thuê cho các đối_tượng theo quy_định của pháp_luật về đất_đai và pháp_luật về bảo_vệ và phát_triển rừng . 

5 . Giải_thể đối_với những lâm_trường thuộc diện sau : 

a ) Những lâm_trường kinh_doanh thua_lỗ liên_tục 3 năm trở lên , không có phương_án khắc_phục hiệu_quả ;  những lâm_trường có diện_tích ít , nhưng không có nhu_cầu và điều_kiện chuyển sang đơn_vị dịch_vụ ;  những lâm_trường không cần giữ lại . 

b ) Chính_quyền địa_phương thu_hồi đất của các lâm_trường giải_thể để giao hoặc cho thuê đối_với các tổ_chức , hộ gia_đình và cá_nhân sử_dụng vào sản_xuất kinh_doanh lâm_nghiệp theo quy_định của pháp_luật về đất_đai và pháp_luật về bảo_vệ và phát_triển rừng . 

6 . Thực_hiện thí_điểm cổ_phần_hóa các lâm_trường_sở_hữu kinh_doanh rừng trồng , có điều_kiện sản_xuất tương_đối thuận_lợi , gần các trung_tâm kinh_tế , lâm_trường có ít lao_động đồng_bào dân_tộc_thiểu_số .  Trước_mắt thí_điểm cổ_phần_hóa các lâm_trường kinh_doanh rừng trồng gắn với cơ_sở chế_biến , trong đó thực_hiện bán_cổ_phần ưu_đãi cho người sản_xuất cung_cấp nguyên_liệu cho các cơ_sở chế_biến . 

Điều 5 .  Cơ_chế quản_lý của các Công_ty Lâm_nghiệp 

1 . Các Công_ty Lâm_nghiệp 100 % vốn Nhà_nước hoạt_động theo <L rel="Reference"> Luật_Doanh_nghiệp Nhà_nước </L> , khi chuyển sang mô_hình công_ty trách_nhiệm hữu_hạn một thành_viên hoặc cổ_phần_hóa thì hoạt_động theo <L rel="Reference"> Luật_Doanh_nghiệp </L> .
2 . Các Công_ty Lâm_nghiệp 100 % vốn Nhà_nước thực_hiện cổ_phần_hóa cơ_sở chế_biến nông , lâm_sản , thương_mại , dịch_vụ theo <NĐ rel="Reference"> Nghị_định số 64/2002/NĐ-CP ngày 19 tháng 6 năm 2002 </NĐ> của Chính_phủ về chuyển doanh_nghiệp nhà_nước thành Công_ty cổ_phần ; thực_hiện bán_cổ_phần cho người sản_xuất nguyên_liệu ; thí_điểm cổ_phần_hóa rừng trồng .
3 . Công_ty Lâm_nghiệp được lựa_chọn các hình_thức khoán rừng và đất lâm_nghiệp cho các tổ_chức , hộ gia_đình , cá_nhân để bảo_vệ , trồng và khai_thác rừng có hiệu_quả theo quy_định của pháp_luật . 

4 . Các Công_ty Lâm_nghiệp được dùng các lợi_thế của công_ty ( vốn , kỹ_thuật , thị_trường ... ) liên_doanh , liên_kết với các hộ gia_đình , các tổ_chức , cá_nhân trong và ngoài nước để gây trồng rừng , kết_hợp sản_xuất nông , lâm_nghiệp , chế_biến tiêu_thụ sản_phẩm , đồng_thời làm dịch_vụ theo quy_định của pháp_luật . 

Điều 6 .  Cơ_chế hoạt_động của các Ban Quản_lý rừng 

1 . Ủy_ban nhân_dân các tỉnh , thành_phố trực_thuộc Trung_ương ( sau đây gọi chung là ủy_ban nhân_dân cấp tỉnh ) quyết_định việc thành_lập các Ban Quản_lý rừng . Chức_năng , nhiệm_vụ , quyền_hạn , tổ_chức bộ_máy , biên_chế của Ban Quản_lý rừng thực_hiện theo quy_định tại <QĐ rel="Reference"> Quyết_định số 08/2001/QĐ-TTg ngày 11 tháng 01 năm 2001 </QĐ> của Thủ_tướng Chính_phủ về việc ban_hành Quy_chế quản_lý rừng phòng_hộ , rừng đặc_dụng và rừng sản_xuất là rừng tự_nhiên .
2 . Ban Quản_lý rừng có_thể được giao làm_chủ các dự_án khoán bảo_vệ , phục_hồi rừng ;  dự_án xóa_đói , giảm nghèo vùng_đệm do ngân_sách tài_trợ để hỗ_trợ bảo_vệ rừng . 

3 . Ban Quản_lý rừng thực_hiện cơ_chế_tài_chính theo <NĐ rel="Reference"> Nghị_định số 10/2002/NĐ-CP ngày 16 tháng 01 năm 2002 </NĐ> của Chính_phủ về chế_độ tài_chính áp_dụng cho đơn_vị sự_nghiệp có thu .
Điều 7 .  Về đất_đai 

1 . Phối_hợp các cơ_quan_chức_năng , rà_soát đất_đai của các lâm_trường quốc_doanh đang quản_lý , sử_dụng trên địa_bàn thuộc tỉnh . 

2 . Xử_lý , giải_quyết dứt_điểm các trường_hợp tranh_chấp và vi_phạm pháp_luật về đất_đai ( đất lâm_trường bị lấn_chiếm , có tranh_chấp , vi_phạm ) , giải_quyết dứt_điểm đối_với từng trường_hợp cụ_thể theo quy_định của pháp_luật . 

3 . Rà_soát điều_chỉnh lại cho phù_hợp quy_hoạch sử_dụng đất của các lâm_trường quốc_doanh : căn_cứ quy_hoạch , kế_hoạch phát_triển kinh_tế-xã_hội ;  quy_hoạch , kế_hoạch phát_triển lâm_nghiệp của địa_phương và kết_quả rà_soát đất_đai của các lâm_trường quốc_doanh , ủy ban nhân_dân cấp tỉnh xác_định hoặc điều_chỉnh lại diện_tích , ranh_giới các loại đất giao cho các Công_ty Lâm_nghiệp , Ban Quản_lý rừng dự_kiến thành_lập . 

4 . Thực_hiện giao đất , cho thuê đất . 

Ủy_ban nhân_dân cấp tỉnh căn_cứ quy_hoạch sử_dụng đất của lâm_trường quốc_doanh đã được xác_định để quyết_định việc giao đất , cho thuê đối_với các tổ_chức theo quy_định sau đây : 

a ) Giao đất không thu tiền sử_dụng đất đối_với : Ban Quản_lý rừng phòng_hộ , rừng đặc_dụng ;  lâm_trường chuyển_đổi sang loại_hình đơn_vị sự_nghiệp có thu ;  đất để làm dịch_vụ sản_xuất giống , xây_dựng mô_hình ứng_dụng và chuyển_giao tiến_bộ kỹ_thuật cho nông_dân trong vùng và đất sử_dụng vào mục_đích công_cộng trong các Công_ty Lâm_nghiệp . 

b ) Cho thuê đất hoặc giao đất có thu tiền sử_dụng đất đối_với diện_tích đất của các Công_ty Lâm_nghiệp sử_dụng vào mục_đích kinh_doanh . 

c ) Ủy_ban nhân_dân cấp tỉnh tổ_chức thực_hiện việc đo_đạc , lập hồ_sơ địa_chính và cấp giấy chứng_nhận quyền sử_dụng đất cho các Công_ty Lâm_nghiệp , Ban Quản_lý rừng và các tổ_chức theo quy_định của pháp_luật về đất_đai . 

Ngân_sách địa_phương bảo_đảm kinh_phí để thực_hiện việc rà_soát đất , cắm mốc ranh_giới , giao đất và cấp giấy chứng_nhận quyền sử_dụng đất cho các Ban Quản_lý rừng và các Công_ty Lâm_nghiệp . 

5 . Đối_với diện_tích đất không nằm trong quy_hoạch để giao cho các Công_ty Lâm_nghiệp và Ban Quản_lý rừng thì ủy_ban nhân_dân cấp tỉnh quyết_định thu_hồi và ưu_tiên giao diện_tích đất này cho đồng_bào dân_tộc tại_chỗ chưa có hoặc chưa đủ đất sản_xuất và đất ở theo mức bình_quân chung tại địa_phương .  Việc quản_lý và sử_dụng những diện_tích đất được thu_hồi phải theo đúng quy_định của pháp_luật về đất_đai . 

6 . Giải_quyết đất ở , đất sản_xuất cho các hộ gia_đình , cá_nhân là cán_bộ , công_nhân_viên Công_ty Lâm_nghiệp . 

Ủy_ban nhân_dân cấp huyện có trách_nhiệm giao đất và cấp giấy chứng_nhận quyền sử_dụng đất cho hộ gia_đình , cá_nhân là cán_bộ , công_nhân_viên Công_ty Lâm_nghiệp trong các trường_hợp sau : 

a ) Về đất ở : đối_với các hộ gia_đình , cá_nhân ( bao_gồm cả những người đang làm_việc , người nghỉ mất_sức , người nghỉ hưu và những người xin thôi_việc ) có hộ_khẩu hợp_pháp trên địa_bàn , chưa được cấp đất ở . 

Đối_với những hộ gia_đình , cá_nhân đã được lâm_trường giao đất ở trước_đây ( đã định_cư , sinh_sống ổn_định ) , nhưng chưa được cấp giấy chứng_nhận quyền sử_dụng đất thì ủy_ban nhân_dân cấp huyện sở_tại có trách_nhiệm cấp giấy chứng_nhận quyền sử_dụng đất ở cho các trường_hợp này . 

b ) Về đất sản_xuất : hộ gia_đình , cá_nhân là cán_bộ , công_nhân_viên Công_ty Lâm_nghiệp không còn việc_làm do sắp_xếp lại tổ_chức , được ưu_tiên giao đất để sử_dụng ổn_định vào mục_đích sản_xuất nông_nghiệp , lâm_nghiệp , nuôi_trồng thủy_sản . 

Mức đất giao cho hộ gia_đình , cá_nhân là cán_bộ , công_nhân_viên Công_ty Lâm_nghiệp bằng mức diện_tích đất bình_quân giao cho nhân_khẩu của các hộ nông_dân tại địa_phương do ủy_ban nhân_dân cấp tỉnh quy_định . 

c ) Quỹ đất để giao đất ở , đất sản_xuất cho hộ gia_đình , cá_nhân là cán_bộ , công_nhân_viên Công_ty Lâm_nghiệp lấy trong quỹ đất hiện có của địa_phương , trường_hợp địa_phương không còn quỹ đất thì lấy quỹ đất của lâm_trường sau khi điều_chỉnh lại quy_hoạch để giao . 

Các lâm_trường quốc_doanh có trách_nhiệm bàn_giao toàn_bộ hồ_sơ về quỹ đất bị thu_hồi cho ủy_ban nhân_dân cấp tỉnh nơi có đất . 

Điều 8 .  Về quản_lý , sử_dụng rừng 

1 . Ủy_ban nhân_dân tỉnh , thành_phố trực_thuộc Trung_ương , các Bộ , ngành , Tổng_công_ty chỉ_đạo các cơ_quan_chức_năng rà_soát và xác_định rõ diện_tích , ranh_giới , trạng_thái các loại rừng của các lâm_trường quốc_doanh đang quản_lý trên bản_đồ và thực_địa ;  đối_với rừng trồng phải xác_định giá_trị của rừng để làm cơ_sở xây_dựng phương_án sắp_xếp , đổi_mới và phát_triển lâm_trường quốc_doanh . 

2 . Bàn_giao rừng : căn_cứ vào phương_án sắp_xếp , đổi_mới và phát_triển lâm_trường quốc_doanh , ủy ban nhân_dân cấp tỉnh phối_hợp với các Bộ , ngành , Tổng_công_ty có lâm_trường quốc_doanh bàn_giao rừng cho các Công_ty Lâm_nghiệp và Ban Quản_lý rừng . 

3 . Ủy_ban nhân_dân cấp tỉnh thu_hồi và có phương_án quản_lý , sử_dụng các khu rừng không nằm trong quy_hoạch giao cho các Công_ty Lâm_nghiệp , Ban Quản_lý rừng . 

Các lâm_trường quốc_doanh có trách_nhiệm bàn_giao đầy_đủ hồ_sơ về diện_tích rừng và đất lâm_nghiệp bị thu_hồi cho ủy_ban nhân_dân cấp tỉnh nơi có rừng . 

4 . Việc quản_lý , sử_dụng rừng thực_hiện theo quy_định tại <QĐ rel="Reference"> Quyết_định số 08/2001/QĐ-TTg ngày 11 tháng 01 năm 2001 </QĐ> của Thủ_tướng Chính_phủ về việc ban_hành Quy_chế quản_lý rừng phòng_hộ , rừng đặc_dụng và rừng sản_xuất là rừng tự_nhiên .
Điều 9 .  Về tài_sản và tài_chính 

1 . Các lâm_trường quốc_doanh tổ_chức kiểm_kê , đánh_giá lại tài_sản và vốn hiện có , xử_lý nợ tồn_đọng theo quy_định như đối_với các doanh_nghiệp nhà_nước thực_hiện việc sắp_xếp , đổi_mới . 

2 . Các lâm_trường quốc_doanh bàn_giao cho ủy_ban nhân_dân cấp tỉnh ( hoặc các đơn_vị được ủy_ban nhân_dân cấp tỉnh ủy_quyền quản_lý ) các tài_sản do lâm_trường đầu_tư xây_dựng , hiện đang quản_lý , sử_dụng để phục_vụ nhu_cầu chung trên địa_bàn bao_gồm : đường giao_thông , công_trình thủy_lợi , trường_học , bệnh_xá .  Đồng_thời bàn_giao cho Tổng_công_ty Điện_lực Việt_Nam quản_lý hệ_thống điện do lâm_trường đã đầu_tư xây_dựng để phục_vụ chung cho dân_cư trên địa_bàn . 

Việc bàn_giao đường giao_thông , hệ_thống điện , công_trình thủy_lợi , trường_học , bệnh_xá của lâm_trường về địa_phương quản_lý thực_hiện theo <QĐ rel="Reference"> Quyết_định số 255/2003/QĐ-TTg ngày 01 tháng 12 năm 2003 </QĐ> của Thủ_tướng Chính_phủ về việc bàn_giao xử_lý vốn vay và đầu_tư tài_sản đường giao_thông , hệ_thống điện , công_trình thủy_lợi , trường_học , bệnh_xá của lâm_trường về địa_phương và Tổng_công_ty Điện_lực Việt_Nam quản_lý .
3 . Ngân_hàng Nhà_nước hướng_dẫn các tổ_chức , cá_nhân nhận bàn_giao , nhận nợ từ lâm_trường các tài_sản , diện_tích rừng hình_thành bằng nguồn vốn vay ngân_hàng . 

Trường_hợp tài_sản diện_tích rừng hình_thành từ nguồn vốn tín_dụng khi lâm_trường bàn_giao cho các ban quản_lý ( đơn_vị sự_nghiệp ) nếu có khó_khăn thì nhà_nước sẽ xem_xét hỗ_trợ như cơ_chế quy_định tại Điều 2 <QĐ rel="Reference"> Quyết_định số 255/2003/QĐ-TTg ngày 01 tháng 12 năm 2003 </QĐ> của Thủ_tướng Chính_phủ .
4 . Bộ Tài_chính hướng_dẫn việc bàn_giao tài_sản , rừng cây , vườn cây lâu_năm , giá_trị đầu_tư khai_hoang cải_tạo đất giữa các lâm_trường và các bên có liên_quan . 

5 . Hàng năm , căn_cứ kế_hoạch , nhiệm_vụ trồng , quản_lý , bảo_vệ rừng phòng_hộ và rừng đặc_dụng được cấp có thẩm_quyền giao , ngân_sách nhà_nước đảm_bảo kinh_phí để thực_hiện theo quy_định của <L rel="Reference"> Luật Ngân_sách Nhà_nước </L> và các văn_bản pháp_luật hiện_hành .
6 . Tiền bán gỗ và lâm_sản khác khai_thác từ rừng tự_nhiên , Công_ty Lâm_nghiệp được sử_dụng vào các mục_đích sau : 

a ) Thanh_toán chi_phí tạo rừng của Công_ty Lâm_nghiệp ( hợp_đồng khoán cho hộ gia_đình , cá_nhân và tổ_chức nhận khoán gây trồng , bảo_vệ , nuôi_dưỡng rừng theo hợp_đồng khoán ) , trang_trải chi_phí cho việc khai_thác , vận_chuyển và tiêu_thụ lâm_sản . 

b ) Thực_hiện nghĩa_vụ tài_chính với Nhà_nước . 

c ) Trích_lập các quỹ theo quy_định của pháp_luật . 

7 . Các Công_ty Lâm_nghiệp còn phải đảm_nhận một phần chức_năng , nhiệm_vụ xã_hội , an_ninh , quốc_phòng và các nhiệm_vụ công_ích khác thì phần chức_năng , nhiệm_vụ đó được Nhà_nước cấp kinh_phí theo dự_án , kế_hoạch được duyệt và phải hạch_toán riêng . 

8 . Các Công_ty Lâm_nghiệp được giao quản_lý những diện_tích rừng sản_xuất là rừng tự_nhiên nghèo kiệt , đang trong thời_kỳ nuôi_dưỡng , phục_hồi , chưa được phép khai_thác gỗ ( địa_bàn công_ty đóng ở vùng_sâu , vùng_xa , vùng có nhiều đồng_bào dân_tộc_thiểu_số ) thì được Nhà_nước hỗ_trợ kinh_phí để quản_lý , bảo_vệ các khu rừng này theo cơ_chế như đối_với rừng phòng_hộ . 

Điều 10 .  Về lao_động thuộc các lâm_trường quốc_doanh 

1 . Lâm_trường quốc_doanh tiến_hành rà_soát lại số cán_bộ , nhân_viên và lao_động hiện có đến thời_điểm sắp_xếp , đổi_mới .  Xây_dựng phương_án bố_trí cán_bộ , công_nhân_viên , lao_động của lâm_trường theo hướng sử_dụng tối_đa phù_hợp với năng_lực , sở_trường của người lao_động . 

2 . Giải_quyết lao_động dôi_dư : trong quá_trình sắp_xếp , tổ_chức lại sản_xuất , những cán_bộ , công_nhân_viên lâm_trường không bố_trí được việc_làm được giải_quyết chính_sách theo quy_định tại <NĐ rel="Reference"> Nghị_định số 41/2002/NĐ-CP ngày 11 tháng 4 năm 2002 </NĐ> của Chính_phủ về chính_sách đối_với người lao_động dôi_dư do sắp_xếp lại doanh_nghiệp nhà_nước . Riêng đối_với các chức_danh Giám_đốc , Phó_Giám_đốc , Kế_toán_trưởng được thực_hiện theo quy_định tại <NQ rel="Reference"> Nghị_quyết số 09/2003/NQ-CP ngày 28 tháng 7 năm 2003 </NQ> của Chính_phủ bổ_sung <NQ rel="Others"> Nghị_quyết số 16/2000/NQ-CP ngày 18 tháng 10 năm 2000 </NQ> của Chính_phủ về việc tinh_giản biên_chế trong các cơ_quan hành_chính , đơn_vị sự_nghiệp .
3 . Cán_bộ , công_nhân_viên trong danh_sách của Công_ty Lâm_nghiệp , đang làm_việc , có hưởng lương từ công_ty hoặc không hưởng lương từ công_ty nhưng có thu_nhập từ kết_quả sản_xuất do_nhận khoán đất , nhận khoán rừng , vườn cây của công_ty thì công_ty có trách_nhiệm thực_hiện các quy_định có liên_quan của pháp_luật về bảo_hộ lao_động , bảo_hiểm_xã_hội và bảo_hiểm_y_tế . 

4 . Đối_với số cán_bộ , công_nhân_viên nhận khoán , nếu vẫn hưởng lương theo cấp_bậc công_việc thì công_việc khoán đó phải được thể_hiện trong hợp_đồng lao_động theo quy_định hiện_hành .  Nếu tiền công được tính vào kết_quả khoán thì phải được quy_định rõ hình_thức trả lương trong hợp_đồng lao_động . 

Điều 11 .  Chính_sách khoa_học và công_nghệ 

1 . Các Công_ty Lâm_nghiệp được Nhà_nước hỗ_trợ để phát_triển , đẩy_mạnh ứng_dụng các tiến_bộ khoa_học-công_nghệ mới , công_nghệ_cao vào sản_xuất , chế_biến , nhất_là về giống cây_trồng rừng có năng_suất , chất_lượng cao ;  xây_dựng các cơ_sở nhân_giống mới bằng mô , hom để cung_cấp cho trồng rừng nguyên_liệu công_nghiệp ;  chuyển_giao , tiến_bộ khoa_học-công_nghệ mới và làm dịch_vụ khuyến_lâm , thông_tin thị_trường cho nông_dân trong vùng . 

2 . Khuyến_khích rộng_rãi việc hợp_tác , liên_doanh , liên_kết giữa Công_ty Lâm_nghiệp với các nhà đầu_tư , các viện , trường , trung_tâm , cơ_sở nghiên_cứu khoa_học của trung_ương , vùng , địa_phương để bảo_vệ nguồn gen , chọn_lọc , lai_tạo và sản_xuất những giống cây_trồng , vật_nuôi có năng_suất , chất_lượng cao , có sức cạnh_tranh lớn trên thị_trường . 

Điều 12 .  Trách_nhiệm của các Bộ , ngành 

1 . Bộ Nông_nghiệp và Phát_triển nông_thôn chủ_trì , phối_hợp với các Bộ , ngành liên_quan hướng_dẫn các địa_phương , các Bộ , ngành xây_dựng Đề_án sắp_xếp đổi_mới và phát_triển lâm_trường quốc_doanh hiện có ;  thẩm_định các đề_án để trình Thủ_tướng Chính_phủ phê_duyệt . 

Thành_lập Ban Chỉ_đạo từ Trung_ương xuống tỉnh để thực_hiện Nghị_định của Chính_phủ về sắp_xếp đổi_mới và phát_triển lâm_trường quốc_doanh .  Ở Trung_ương do Bộ_trưởng Bộ Nông_nghiệp và Phát_triển nông_thôn làm Trưởng_ban , thành_viên là đại_diện lãnh_đạo các Bộ , ngành liên_quan . 

Nhiệm_vụ của Ban Chỉ_đạo là xử_lý kịp_thời các vướng_mắc khó_khăn , tổng_hợp phương_án của các ngành và các địa_phương_trình Thủ_tướng Chính_phủ quyết_định . 

2 . Các Bộ : Tài_chính , Tài_nguyên và Môi_trường , Nội_vụ , Khoa_học và Công_nghệ , Lao_động-Thương_binh và Xã_hội , Ngân_hàng Nhà_nước Việt_Nam và các Bộ , ngành liên_quan hướng_dẫn thực_hiện nội_dung thuộc chức_năng quản_lý để thực_hiện Nghị_định này . 

Điều 13 .  Trách_nhiệm của ủy_ban nhân_dân cấp tỉnh 

1 . Xây_dựng Đề_án sắp_xếp lâm_trường quốc_doanh hiện có , trình Thủ_tướng Chính_phủ phê_duyệt trong quý I năm 2005 và tổ_chức chỉ_đạo thực_hiện . 

2 . Chỉ_đạo các ngành chuyên_môn hướng_dẫn , kiểm_tra việc xây_dựng quy_hoạch sử_dụng đất , phương_án điều_chế rừng , phương_án sản_xuất , kinh_doanh ( đối_với các lâm_trường được chuyển thành Công_ty Lâm_nghiệp ) ;  phương_án giải_thể , đề_án chuyển_đổi ( đối_với những lâm_trường quốc_doanh phải giải_thể hoặc chuyển_đổi thành Ban Quản_lý rừng và hình_thức kinh_doanh khác ) ;  phê_duyệt các phương_án , đề_án trên để các Công_ty , Ban Quản_lý rừng tổ_chức thực_hiện . 

Điều 14 .  Trách_nhiệm của các Tổng_công_ty 

1 . Xây_dựng Đề_án sắp_xếp lại lâm_trường quốc_doanh hiện có trình Thủ_tướng Chính_phủ phê_duyệt ( đối_với Tổng_công_ty 91 ) ;  trình Bộ trực_tiếp_quản_lý để Bộ trình Thủ_tướng Chính_phủ phê_duyệt ( đối_với Tổng_công_ty 90 ) trong quý I năm 2005 . 

2 . Phối_hợp với các cơ_quan_chức_năng của địa_phương chỉ_đạo các Công_ty Lâm_nghiệp rà_soát đất_đai và làm các thủ_tục trình ủy_ban nhân_dân tỉnh sở_tại giao , cho thuê và cấp giấy chứng_nhận quyền sử_dụng đất cho các Công_ty Lâm_nghiệp trực_thuộc . 

3 . Phối_hợp với cơ_quan_chức_năng của địa_phương có Công_ty Lâm_nghiệp hướng_dẫn các công_ty xây_dựng quy_hoạch sử_dụng đất , phương_án điều_chế rừng trình ủy_ban nhân_dân tỉnh sở_tại phê_duyệt . 

4 . Hướng_dẫn Công_ty Lâm_nghiệp xây_dựng và phê_duyệt phương_án sản_xuất , kinh_doanh của các Công_ty Lâm_nghiệp trực_thuộc và chỉ_đạo công_ty tổ_chức thực_hiện . 

Điều 15 .  Hiệu_lực và trách_nhiệm thi_hành 

1 . Nghị_định này có hiệu_lực sau 15 ngày , kể từ ngày đăng Công_báo . 

2 . Những quy_định trước_đây trái Nghị_định này đều bãi_bỏ . 

3 . Các Bộ_trưởng , Thủ_trưởng cơ_quan ngang Bộ , Thủ_trưởng cơ_quan thuộc Chính_phủ , Chủ_tịch ủy_ban nhân_dân các tỉnh , thành_phố trực_thuộc Trung_ương chịu trách_nhiệm thi_hành Nghị_định này ./. 