Nghị định Về thu tiền sử dụng đất

Căn_cứ <L rel="Pursuant"> Luật Tổ_chức Chính_phủ ngày 25 tháng 12 năm 2001 </L> ;
Căn_cứ <L rel="Pursuant"> Luật Đất_đai ngày 26 tháng 11 năm 2003 </L> ;
Căn_cứ tính thu tiền sử_dụng đất là diện_tích đất , giá đất và thời_hạn sử_dụng đất . 

Điều 1 .  Phạm_vi điều_chỉnh 

1 . Nhà_nước giao đất có thu tiền sử_dụng đất ; 

2 . Chuyển mục_đích sử_dụng đất ; 

3 . Chuyển từ thuê đất sang giao đất có thu tiền sử_dụng đất ; 

4 . Cấp giấy chứng_nhận quyền sử_dụng đất cho các đối_tượng phải nộp tiền sử_dụng đất theo quy_định tại Điều 2 Nghị_định này . 

5 . Xây_dựng khu công_nghiệp , khu công_nghệ_cao , khu kinh_tế . 

Điều 2 .  Đối_tượng phải nộp tiền sử_dụng đất 

1 . Người được Nhà_nước giao đất để sử_dụng vào các mục_đích sau đây : 

a ) Hộ gia_đình , cá_nhân được giao đất ở ; 

b ) Tổ_chức kinh_tế được giao đất sử_dụng vào mục_đích xây_dựng nhà ở để bán hoặc cho thuê ; 

c ) Tổ_chức kinh_tế , hộ gia_đình , cá_nhân trong nước được giao đất làm mặt_bằng xây_dựng cơ_sở sản_xuất , kinh_doanh ; 

d ) Tổ_chức kinh_tế được giao đất sử_dụng vào mục_đích đầu_tư xây_dựng kết_cấu_hạ_tầng để chuyển_nhượng hoặc cho thuê ; 

đ ) Tổ_chức kinh_tế , hộ gia_đình , cá_nhân được giao đất để xây_dựng công_trình công_cộng có mục_đích kinh_doanh theo quy_định của Chính_phủ ; 

e ) Tổ_chức kinh_tế được giao đất để sản_xuất nông_nghiệp , lâm_nghiệp , nuôi_trồng thủy_sản , làm muối ; 

g ) Người Việt_Nam định_cư ở nước_ngoài được giao đất để thực_hiện dự_án đầu_tư . 

2 . Người đang sử_dụng đất trong các trường_hợp : 

a ) Đất nông_nghiệp , đất phi nông_nghiệp được giao không thu tiền sử_dụng đất hoặc được thuê đất , nay được cơ_quan nhà_nước có thẩm_quyền cho phép chuyển sang sử_dụng vào mục_đích đất ở hoặc đất phi nông_nghiệp có thu tiền sử_dụng đất , đất sử_dụng để xây_dựng công_trình công_cộng có mục_đích kinh_doanh ( xã_hội hóa ) thuộc lĩnh_vực giáo_dục , y_tế , văn_hóa , thể_dục thể_thao ; 

b ) Đất nông_nghiệp được Nhà_nước giao có thu tiền sử_dụng đất , chuyển sang sử_dụng vào mục_đích đất phi nông_nghiệp có thu tiền sử_dụng đất ; 

c ) Đất phi nông_nghiệp ( không phải là đất ở ) được Nhà_nước giao có thu tiền sử_dụng đất chuyển sang sử_dụng làm đất ở . 

3 . Hộ gia_đình , cá_nhân đang sử_dụng đất ở mà đất đó được sử_dụng từ ngày 15 tháng 10 năm 1993 đến thời_điểm cấp giấy chứng_nhận quyền sử_dụng đất , chưa nộp tiền sử_dụng đất , nay được cơ_quan nhà_nước có thẩm_quyền cấp giấy chứng_nhận quyền sử_dụng đất . 

4 . Các trường_hợp khác khi có quy_định của Chính_phủ . 

Điều 3 .  Đối_tượng không phải nộp tiền sử_dụng đất 

1 . Người được Nhà_nước giao đất không thu tiền sử_dụng đất theo quy_định tại Điều 33 <L rel="Reference"> Luật Đất_đai 2003 </L> .
2 . Người được Nhà_nước cho thuê đất và phải nộp tiền thuê đất theo quy_định tại Điều 35 <L rel="Reference"> Luật Đất_đai 2003 </L> .
3 . Người sử_dụng đất xây_dựng kết_cấu_hạ_tầng sử_dụng chung trong khu công_nghiệp theo dự_án được cấp có thẩm_quyền phê_duyệt . 

4 . Hộ gia_đình , cá_nhân đang sử_dụng đất , khi được cấp giấy chứng_nhận quyền sử_dụng đất trong các trường_hợp sau đây : 

a ) Đất đã sử_dụng ổn_định , được ủy_ban nhân_dân xã , phường , thị_trấn ( sau đây gọi chung là ủy_ban nhân_dân cấp xã ) xác_nhận không có tranh_chấp thuộc một trong các trường_hợp quy_định tại khoản 1 , khoản 2 , khoản 3 , khoản 4 Điều 50 <L rel="Reference"> Luật Đất_đai 2003 </L> ;
b ) Hộ gia_đình , cá_nhân được cơ_quan nhà_nước có thẩm_quyền giao đất ở trước ngày 15 tháng 10 năm 1993 theo quy_định của pháp_luật về đất_đai . 

5 . Hộ gia_đình , cá_nhân sử_dụng diện_tích đất ở đối_với trường_hợp có vườn , ao khi được cấp giấy chứng_nhận quyền sử_dụng đất theo quy_định tại Điều 87 <L rel="Reference"> Luật Đất_đai 2003 </L> và được quy_định tại Điều 45 của <NĐ rel="Reference"> Nghị_định số 181/2004/NĐ-CP ngày 29 tháng 10 năm 2004 </NĐ> của Chính_phủ về thi_hành <L rel="Others"> Luật Đất_đai </L> .
6 . Tổ_chức kinh_tế nhận góp vốn liên_doanh bằng giá_trị quyền sử_dụng đất của các tổ_chức , hộ gia_đình , cá_nhân khác hoặc nhận chuyển_nhượng quyền sử_dụng đất của người sử_dụng đất hợp_pháp bằng tiền không có nguồn_gốc từ ngân_sách nhà_nước , nay được cấp giấy chứng_nhận quyền sử_dụng đất . 

Điều 4 .  Căn_cứ tính thu tiền sử_dụng đất 

1 . Diện_tích đất tính thu tiền sử_dụng đất là diện_tích đất được Nhà_nước giao , được phép chuyển mục_đích sử_dụng , được chuyển từ hình_thức thuê đất sang giao đất có thu tiền sử_dụng đất , được cấp giấy chứng_nhận quyền sử_dụng đất . 

2 . Giá đất tính thu tiền sử_dụng đất là giá đất theo mục_đích sử_dụng đất được giao tại thời_điểm giao đất do ủy_ban nhân_dân tỉnh , thành_phố trực_thuộc Trung_ương ( sau đây gọi chung là ủy_ban nhân_dân cấp tỉnh ) ban_hành theo quy_định của Chính_phủ . 

3 . Giá đất tính thu tiền sử_dụng đất trong trường_hợp đấu_giá đất hoặc đấu_thầu dự_án có sử_dụng đất là giá đất trúng đấu_giá . 

4 . Thời_hạn sử_dụng đất được xác_định theo quyết_định giao đất , quyết_định cho phép chuyển mục_đích sử_dụng đất , quyết_định gia_hạn sử_dụng đất hoặc giấy chứng_nhận quyền sử_dụng đất . 

Điều 5 .  Thu tiền sử_dụng đất khi Nhà_nước giao đất 

1 . Giao đất theo hình_thức đấu_giá quyền sử_dụng đất hoặc đấu_thầu dự_án có sử_dụng đất thì thu tiền sử_dụng đất được tính theo căn_cứ quy_định tại khoản 1 và khoản 3 Điều 4 Nghị_định này . 

2 . Giao đất sử_dụng ổn_định lâu_dài theo quyết_định của cơ_quan nhà_nước có thẩm_quyền không qua đấu_giá quyền sử_dụng đất thì thu tiền sử_dụng đất được tính theo căn_cứ quy_định tại khoản 1 và khoản 2 Điều 4 Nghị_định này . 

3 . Giao đất sử_dụng có thời_hạn theo quyết_định của cơ_quan nhà_nước có thẩm_quyền : 

a ) Dự_án có thời_hạn sử_dụng đất 70 năm , thì thu tiền sử_dụng đất được tính theo căn_cứ quy_định tại khoản 1 và khoản 2 Điều 4 Nghị_định này ; 

b ) Dự_án có thời_hạn sử_dụng đất dưới 70 năm , thì giảm thu tiền sử_dụng đất của mỗi năm không được giao đất sử_dụng là 1,2 % của mức thu 70 năm . 

4 . Trường_hợp người được giao đất thực_hiện bồi_thường , hỗ_trợ cho người có đất bị thu_hồi theo quy_định tại Điều 3 <NĐ rel="Reference"> Nghị_định số 197/2004/NĐ-CP ngày 03 tháng 12 năm 2004 </NĐ> của Chính_phủ về bồi_thường , hỗ_trợ và tái_định_cư khi Nhà_nước thu_hồi đất , thì được trừ số tiền đã bồi_thường đất , hỗ_trợ đất vào tiền sử_dụng đất phải nộp , nhưng mức được trừ không vượt quá tiền sử_dụng đất phải nộp .
Điều 6 .  Thu tiền sử_dụng đất khi chuyển mục_đích sử_dụng đất 

1 . Đối_với tổ_chức kinh_tế : 

a ) Chuyển từ đất nông_nghiệp , đất phi nông_nghiệp được giao không thu tiền sử_dụng đất sang đất giao sử_dụng ổn_định lâu_dài có thu tiền sử_dụng đất thì thu tiền sử_dụng đất theo quy_định tại khoản 2 Điều 5 Nghị_định này ; 

b ) Chuyển từ đất nông_nghiệp , đất phi nông_nghiệp được giao không thu tiền sử_dụng đất sang giao đất sử_dụng có thời_hạn thì thu tiền sử_dụng đất theo quy_định tại khoản 3 Điều 5 Nghị_định này . 

2 . Đối_với hộ gia_đình , cá_nhân : 

a ) Chuyển từ đất vườn , ao trong cùng thửa đất có nhà ở thuộc khu dân_cư không được công_nhận là đất ở sang làm đất ở thì thu tiền sử_dụng đất bằng 50 % chênh_lệch giữa thu tiền sử_dụng đất tính theo giá đất ở với thu tiền sử_dụng đất tính theo giá đất nông_nghiệp ; 

b ) Chuyển từ đất nông_nghiệp được Nhà_nước giao không thu tiền sử_dụng đất sang đất ở thì thu tiền sử_dụng đất bằng mức chênh_lệch giữa thu tiền sử_dụng đất tính theo giá đất ở với thu tiền sử_dụng đất tính theo giá đất nông_nghiệp ; 

c ) Chuyển mục_đích sử_dụng đất có nguồn_gốc từ nhận chuyển_nhượng của người sử_dụng đất hợp_pháp sang đất ở thì thu tiền sử_dụng đất như sau : 

Đất nhận chuyển_nhượng có nguồn_gốc là đất nông_nghiệp thì thu tiền sử_dụng đất bằng mức chênh_lệch giữa thu tiền sử_dụng đất tính theo giá đất ở với thu tiền sử_dụng đất tính theo giá đất nông_nghiệp ; 

Đất nhận chuyển_nhượng có nguồn_gốc là đất phi nông_nghiệp ( không phải là đất ở ) thì thu tiền sử_dụng đất bằng mức chênh_lệch giữa thu tiền sử_dụng đất tính theo giá đất ở với thu tiền sử_dụng đất tính theo giá đất phi nông_nghiệp . 

3 . Chuyển mục_đích sử_dụng từ đất ở được giao sử_dụng ổn_định lâu_dài sang đất làm mặt_bằng sản_xuất , kinh_doanh thì không thu tiền sử_dụng đất . 

4 . Chuyển mục_đích sử_dụng từ đất giao có thời_hạn sang đất ở ( thời_hạn ổn_định lâu_dài ) thì thu tiền sử_dụng đất tính theo giá đất ở trừ tiền sử_dụng đất đã nộp theo giá đất của loại đất giao có thời_hạn . 

Điều 7 .  Thu tiền sử_dụng đất khi chuyển từ thuê đất sang giao đất có thu tiền sử_dụng đất 

1 . Giao đất sử_dụng ổn_định lâu_dài : 

Chuyển từ thuê đất sang giao đất có thu tiền sử_dụng đất sử_dụng ổn_định lâu_dài thì thu tiền sử_dụng đất theo quy_định tại khoản 2 Điều 5 Nghị_định này . 

2 . Giao đất sử_dụng có thời_hạn : 

Chuyển từ thuê đất sang giao đất có thu tiền sử_dụng đất sử_dụng có thời_hạn thì thu tiền sử_dụng đất theo quy_định tại khoản 3 Điều 5 Nghị_định này . 

3 . Trường_hợp đất được chuyển từ thuê đất sang giao đất có thu tiền sử_dụng đất mà trước đó người sử_dụng đất đã chi_trả tiền bồi_thường về đất và nộp trước tiền thuê đất thì được trừ chi_phí bồi_thường về đất theo quy_định của pháp_luật về bồi_thường , hỗ_trợ và tiền thuê đất nộp trước ( của thời_gian còn lại ) vào tiền sử_dụng đất phải nộp . 

Điều 8 .  Thu tiền sử_dụng đất khi cấp giấy chứng_nhận quyền sử_dụng đất cho người đang sử_dụng đất 

1 . Hộ gia_đình , cá_nhân sử_dụng đất ở từ ngày 15 tháng 10 năm 1993 đến thời_điểm cấp giấy chứng_nhận quyền sử_dụng đất mà chưa nộp tiền sử_dụng đất thì phải nộp tiền sử_dụng đất theo căn_cứ quy_định tại khoản 1 và khoản 2 Điều 4 và điểm b , c khoản 2 Điều 6 Nghị_định này . 

2 . Hộ gia_đình , cá_nhân đang sử_dụng đất thuộc trường_hợp quy_định tại khoản 6 Điều 50 của <L rel="Reference"> Luật Đất_đai 2003 </L> được cấp giấy chứng_nhận quyền sử_dụng đất thì thu tiền sử_dụng đất được tính theo giá bằng 50 % giá đất do ủy_ban nhân_dân tỉnh , thành_phố trực_thuộc Trung_ương quy_định tại thời_điểm cấp giấy chứng_nhận quyền sử_dụng đất .
3 . Hộ gia_đình , cá_nhân đang sử_dụng đất ở do tổ_chức sử_dụng đất được Nhà_nước giao đất không thu tiền sử_dụng đất , được Nhà_nước cho thuê đất , tự chuyển mục_đích sử_dụng đất sang làm đất ở và đã phân_phối đất ở đó cho cán_bộ , công_nhân_viên của tổ_chức trong thời_gian từ ngày 15 tháng 10 năm 1993 đến ngày Nghị_định này có hiệu_lực thi_hành , khi được cấp giấy chứng_nhận quyền sử_dụng đất thì thu tiền sử_dụng đất theo quy_định tại khoản 2 Điều 5 Nghị_định này , cụ_thể như sau : 

a ) Thu tiền sử_dụng đất bằng 50 % tiền sử_dụng đất đối_với diện_tích trong hạn_mức giao đất ở ;  quy_định này chỉ được thực_hiện một lần đối_với hộ gia_đình , cá_nhân ;  lần giao đất sau thu 100 % tiền sử_dụng đất ; 

b ) Thu tiền sử_dụng đất bằng 100 % tiền sử_dụng đất đối_với diện_tích vượt hạn_mức giao đất ở . 

Điều 9 .  Thu tiền sử_dụng đất đối_với đất khu công_nghiệp 

1 . Nhà_nước giao đất có thu tiền sử_dụng đất đối_với tổ_chức kinh_tế , người Việt_Nam định_cư ở nước_ngoài để đầu_tư xây_dựng và kinh_doanh hạ_tầng khu công_nghiệp thì thu tiền sử_dụng đất được quy_định như sau : 

a ) Giao đất theo quyết_định của cơ_quan nhà_nước có thẩm_quyền thì thu tiền sử_dụng đất theo quy_định tại khoản 2 , khoản 3 Điều 5 Nghị_định này ; 

b ) Giao đất theo hình_thức đấu_giá hoặc đấu_thầu dự_án có sử_dụng đất thì thu tiền sử_dụng đất theo quy_định tại khoản 1 Điều 5 Nghị_định này ; 

c ) Diện_tích đất sử_dụng để xây_dựng các công_trình kết_cấu_hạ_tầng chung theo dự_án được cấp có thẩm_quyền phê_duyệt , không thu tiền sử_dụng đất . 

2 . Tổ_chức , hộ gia_đình , cá_nhân , người Việt_Nam định_cư ở nước_ngoài có nhu_cầu sử_dụng đất trong khu công_nghiệp do Nhà_nước đầu_tư để làm mặt_bằng sản_xuất , kinh_doanh thì thu tiền sử_dụng đất được quy_định như sau : 

a ) Giao đất theo hình_thức đấu_giá thì thu tiền sử_dụng đất theo quy_định tại khoản 1 Điều 5 Nghị_định này ; 

b ) Giao đất theo quyết_định của cơ_quan nhà_nước có thẩm_quyền thì thu tiền sử_dụng đất được tính theo căn_cứ quy_định tại khoản 1 và khoản 2 Điều 4 Nghị_định này . 

Điều 10 .  Thu tiền sử_dụng đất đối_với đất xây_dựng khu công_nghệ_cao , khu kinh_tế 

1 . Giao đất theo hình_thức đấu_giá thì thu tiền sử_dụng đất theo quy_định tại khoản 1 Điều 5 Nghị_định này . 

2 . Giao đất theo quyết_định của cơ_quan nhà_nước có thẩm_quyền thì thu tiền sử_dụng đất được tính theo căn_cứ quy_định tại khoản 1 và khoản 2 Điều 4 Nghị_định này . 

Điều 11 .  Nguyên_tắc thực_hiện miễn , giảm tiền sử_dụng đất 

1 . Hộ gia_đình , cá_nhân thuộc đối_tượng được miễn hoặc giảm tiền sử_dụng đất chỉ được miễn hoặc giảm một lần trong trường_hợp : được Nhà_nước giao đất để làm nhà ở hoặc được phép chuyển mục_đích sử_dụng đất từ đất khác sang làm đất ở hoặc được cấp giấy chứng_nhận quyền sử_dụng đất ở . 

2 . Trong hộ gia_đình có nhiều thành_viên thuộc diện được giảm tiền sử_dụng đất thì được cộng các mức giảm của từng thành_viên thành mức giảm chung của cả hộ , nhưng mức giảm tối_đa không vượt quá số tiền sử_dụng đất phải nộp trong hạn_mức đất ở . 

3 . Trong trường_hợp một hộ gia_đình hoặc một người thuộc đối_tượng được hưởng cả miễn và giảm tiền sử_dụng đất thì được hưởng miễn tiền sử_dụng đất ;  nếu một người thuộc đối_tượng được hưởng giảm tiền sử_dụng đất mà có nhiều mức giảm khác nhau thì được hưởng mức cao nhất . 

4 . Không áp_dụng miễn , giảm tiền sử_dụng đất trong trường_hợp đấu_giá quyền sử_dụng đất để giao đất có thu tiền sử_dụng đất ;  chuyển từ hình_thức thuê đất sang giao đất có thu tiền sử_dụng đất để sử_dụng vào mục_đích sản_xuất , kinh_doanh . 

5 . Miễn , giảm tiền sử_dụng đất theo quy_định tại Điều 12 , Điều 13 Nghị_định này chỉ được thực_hiện trực_tiếp với đối_tượng được miễn , giảm và tính trên số tiền sử_dụng đất phải nộp theo quy_định tại Điều 5 , 6 , 7 , 8 , 9 , 10 Nghị_định này . 

Điều 12 .  Miễn tiền sử_dụng đất 

1 . Miễn tiền sử_dụng đất theo quy_định của pháp_luật về khuyến_khích đầu_tư . 

2 . Đất giao để thực_hiện dự_án đầu_tư xây_dựng nhà ở để thực_hiện chính_sách nhà ở đối_với người có công với cách_mạng theo pháp_luật người có công . 

3 . Đối_với đất giao để xây_dựng ký_túc_xá sinh_viên bằng tiền từ ngân_sách nhà_nước ;  đất để xây_dựng nhà ở cho người phải di_dời do thiên_tai ;  đất xây_dựng nhà ở của đồng_bào dân_tộc_thiểu_số ở vùng có điều_kiện kinh_tế-xã_hội đặc_biệt khó_khăn ;  đất xây_dựng nhà_chung_cư cao_tầng cho công_nhân khu công_nghiệp . 

4 . Đất xây_dựng công_trình công_cộng có mục_đích kinh_doanh ( xã_hội_hoá ) thuộc lĩnh_vực giáo_dục , y_tế , văn_hóa , thể_dục , thể_thao . 

5 . Đất ở trong hạn_mức giao đất ( bao_gồm giao đất , cấp giấy chứng_nhận quyền sử_dụng đất cho người đang sử_dụng đất , chuyển mục_đích sử_dụng đất ) đối_với người có công với cách_mạng theo quyết_định của Thủ_tướng Chính_phủ . 

6 . Hộ gia_đình , cá_nhân đã được cấp giấy chứng_nhận quyền sử_dụng đất nhưng đất đó đã được sử_dụng ổn_định trước ngày 15 tháng 10 năm 1993 mà còn nợ tiền sử_dụng đất . 

7 . Các trường_hợp khác theo quyết_định của Thủ_tướng Chính_phủ . 

Điều 13 .  Giảm tiền sử_dụng đất 

1 . Giảm tiền sử_dụng đất theo quy_định của pháp_luật về khuyến_khích đầu_tư . 

2 . Giảm 50 % tiền sử_dụng đất đối_với đất trong hạn_mức đất ở được giao của hộ gia_đình nghèo .  Việc xác_định hộ gia_đình nghèo do Bộ Lao_động-Thương_binh và Xã_hội quy_định . 

3 . Giảm 20 % tiền sử_dụng đất khi được nhà_nước giao đất đối_với nhà_máy , xí_nghiệp phải di_dời theo quy_hoạch ;  nhưng diện_tích đất được giảm tối_đa không vượt quá diện_tích tại địa_điểm phải di_dời . 

4 . Đất ở trong hạn_mức giao đất ( bao_gồm giao đất , chuyển mục_đích sử_dụng đất , cấp giấy chứng_nhận quyền sử_dụng đất cho người đang sử_dụng đất ) đối_với người có công với cách_mạng theo quyết_định của Thủ_tướng Chính_phủ . 

5 . Các trường_hợp khác theo quyết_định của Thủ_tướng Chính_phủ . 

Điều 14 .  Xác_định tiền sử_dụng đất và các khoản thu khác 

1 . Hồ_sơ ( tài_liệu ) địa_chính do Văn_phòng đăng_ký quyền sử_dụng đất hoặc cơ_quan_tài_nguyên và môi_trường gửi đến là căn_cứ để cơ_quan thuế xác_định số tiền sử_dụng đất và các khoản thu khác mà tổ_chức , hộ gia_đình , cá_nhân phải nộp . 

2 . Trong thời_hạn 03 ngày làm_việc kể từ ngày nhận được hồ_sơ địa_chính do Văn_phòng đăng_ký quyền sử_dụng đất hoặc cơ_quan_tài_nguyên và môi_trường gửi đến , cơ_quan thuế phải thực_hiện : 

a ) Kiểm_tra hồ_sơ địa_chính , xác_định số tiền sử_dụng đất và các khoản thu khác phải nộp ;  trường_hợp chưa đủ cơ_sở để tính số thu tiền sử_dụng đất và các khoản nộp khác thì phải thông_báo bằng văn_bản cho cơ_quan gửi hồ_sơ để bổ_sung ; 

b ) Thông_báo tiền sử_dụng đất phải nộp và các khoản thu khác đến cơ_quan gửi hồ_sơ địa_chính .  Thông_báo phải ghi rõ tên tổ_chức , hộ gia_đình , cá_nhân phải nộp , số tiền phải nộp của từng khoản , địa_điểm nộp ( Kho_bạc Nhà_nước ) , thời_gian nộp và các nội_dung khác do Bộ Tài_chính quy_định . 

Trong trường_hợp , Văn_phòng đăng_ký quyền sử_dụng đất hoặc cơ_quan_tài_nguyên và môi_trường phải gửi bổ_sung hồ_sơ địa_chính thì thời_hạn sau 3 ngày làm_việc được tính từ ngày nhận hồ_sơ bổ_sung . 

Điều 15 .  Thời_hạn nộp tiền sử_dụng đất và các khoản khác 

1 . Trong thời_hạn 03 ngày làm_việc kể từ ngày nhận được thông_báo của cơ_quan thuế , Văn_phòng đăng_ký quyền sử_dụng đất hoặc cơ_quan_tài_nguyên và môi_trường phải gửi thông_báo đã nhận đến tổ_chức , hộ gia_đình , cá_nhân có trách_nhiệm thực_hiện nghĩa_vụ tài_chính . 

2 . Trong thời_hạn 30 ngày làm_việc kể từ ngày nhận được thông_báo nộp tiền sử_dụng đất và các khoản nộp khác , tổ_chức , hộ gia_đình , cá_nhân phải nộp đủ số tiền sử_dụng đất và các khoản nộp khác tại địa_điểm nộp tiền theo đúng thông_báo . 

3 . Căn_cứ vào thông_báo của cơ_quan thuế do Văn_phòng đăng_ký quyền sử_dụng đất hoặc cơ_quan_tài_nguyên và môi_trường gửi tới , cơ_quan ( Kho_bạc ) trực_tiếp_thu tiền sử_dụng đất và các khoản nộp khác phải thu , nộp ngay vào Kho_bạc Nhà_nước khi tổ_chức , hộ gia_đình , cá_nhân thực_hiện nghĩa_vụ nộp tiền sử_dụng đất và các khoản nộp khác . 

Điều 16 .  Trách_nhiệm của cơ_quan thuế , kho_bạc và của người nộp tiền sử_dụng đất . 

1 . Cơ_quan thuế : 

a ) Tính đúng , tính đủ , thông_báo nộp tiền sử_dụng đất và các khoản thu khác đúng thời_hạn ; 

b ) Giải_thích những thắc_mắc cho người nộp tiền sử_dụng đất ;  trong thời_hạn 03 ngày làm_việc kể từ ngày nhận được đề_nghị của người có trách_nhiệm thực_hiện nghĩa_vụ tài_chính phải thực_hiện xem_xét và điều_chỉnh lại số tiền thu sử_dụng đất và các khoản nộp khác và gửi thông_báo đã điều_chỉnh hoặc không điều_chỉnh cho văn_phòng đăng_ký quyền sử_dụng đất hoặc cơ_quan_tài_nguyên và môi_trường theo thẩm_quyền . 

2 . Cơ_quan kho_bạc : 

a ) Thu đủ số tiền sử_dụng đất và các khoản nộp khác vào Kho_bạc Nhà_nước ngay trong ngày nộp tiền của người có trách_nhiệm thực_hiện nghĩa_vụ tài_chính ; 

b ) Không được chuyển việc thu tiền sang ngày hôm sau khi đã nhận đủ thủ_tục nộp tiền của người có trách_nhiệm thực_hiện nghĩa_vụ tài_chính ; 

c ) Không được từ_chối thu vì bất_cứ lý_do gì . 

3 . Trách_nhiệm của người sử_dụng đất . 

Quá thời_hạn nộp tiền sử_dụng đất theo thông_báo của cơ_quan thuế mà không nộp đủ tiền sử_dụng đất và các khoản nộp khác thì phải chịu phạt chậm nộp theo quy_định tại khoản 1 Điều 18 Nghị_định này . 

Điều 17 .  Nộp tiền sử_dụng đất đối_với trường_hợp còn ghi_nhận nợ 

1 . Hộ gia_đình , cá_nhân đang sử_dụng đất , mà đất đó đã sử_dụng từ ngày 15 tháng 10 năm 1993 đến ngày Nghị_định này có hiệu_lực thi_hành , đã được cấp giấy chứng_nhận quyền sử_dụng đất mà còn nợ tiền sử_dụng đất thì phải nộp tiền sử_dụng đất vào ngân_sách nhà_nước theo quy_định tại thời_điểm cấp giấy chứng_nhận quyền sử_dụng đất . 

2 . Trường_hợp hộ gia_đình , cá_nhân đã được cấp giấy chứng_nhận quyền sử_dụng đất mà đất đó được sử_dụng ổn_định trước ngày 15 tháng 10 năm 1993 , đã nộp tiền sử_dụng đất vào ngân_sách nhà_nước theo quy_định của pháp_luật thì nay ngân_sách nhà_nước không hoàn lại . 

Điều 18 .  Xử_phạt 

1 . Chậm nộp tiền sử_dụng đất vào ngân_sách nhà_nước , thì mỗi ngày chậm nộp chịu phạt 0,02 % ( hai phần vạn ) tính trên số tiền sử_dụng đất chậm nộp . 

2 . Người nào lợi_dụng chức_vụ , quyền_hạn , cố_ý gây khó_khăn , trở_ngại cho người nộp tiền sử_dụng đất , chiếm_dụng , tham_ô tiền sử_dụng đất ;  làm sai_lệch hồ_sơ , gây thất_thu cho ngân_sách nhà_nước thì tùy theo mức_độ vi_phạm mà bị xử_lý kỷ_luật , xử_phạt hành_chính , bồi_thường thiệt_hại hoặc bị truy_cứu trách_nhiệm hình_sự theo quy_định của pháp_luật . 

Điều 19 .  Khiếu_nại và giải_quyết khiếu_nại 

1 . Người phải nộp tiền sử_dụng đất có quyền khiếu_nại việc thi_hành không đúng những quy_định về thu tiền sử_dụng đất theo Nghị_định này .  Đơn khiếu_nại phải được gửi đến cơ_quan trực_tiếp tính và thu tiền sử_dụng đất trong thời_hạn 30 ngày , kể từ ngày nhận được thông_báo nộp tiền sử_dụng đất .  Trong thời_gian chờ giải_quyết , người khiếu_nại phải nộp đúng thời_hạn và nộp đủ số tiền sử_dụng đất đã thông_báo . 

2 . Việc giải_quyết khiếu_nại thực_hiện theo quy_định của <L rel="Reference"> Luật Khiếu_nại , tố_cáo </L> .
Điều 20 .  Tổ_chức thực_hiện 

1 . Bộ Tài_chính hướng_dẫn việc nộp tiền sử_dụng đất , hướng_dẫn thủ_tục hồ_sơ và quy_định thẩm_quyền quyết_định miễn , giảm tiền sử_dụng đất theo quy_định tại Nghị_định này . 

2 . Bộ Tài_nguyên và Môi_trường hướng_dẫn việc xác_định loại đất , diện_tích đất sử_dụng , các loại giấy_tờ hợp_pháp , hợp_lệ về quyền sử_dụng đất để làm căn_cứ tính thu tiền sử_dụng đất theo quy_định tại Nghị_định này . 

3 . Ủy_ban nhân_dân các tỉnh , thành_phố trực_thuộc Trung_ương có trách_nhiệm chỉ_đạo các cấp , các ngành thuộc địa_phương quản_lý , thực_hiện thu tiền sử_dụng đất theo quy_định của Nghị_định này , kiểm_tra và xử_lý các trường_hợp sai_phạm về kê_khai , xác_định không đúng thực_tế thời_gian sử_dụng đất gây thiệt_hại cho Nhà_nước cũng như cho người nộp tiền sử_dụng đất . 

Điều 21 .  Hiệu_lực thi_hành 

1 . Nghị_định này có hiệu_lực thi_hành sau 15 ngày , kể từ ngày đăng Công_báo . 

2 . Việc thu tiền sử_dụng đất khi bán nhà thuộc sở_hữu nhà_nước cho người đang thuê thực_hiện theo quy_định tại <NĐ rel="Reference"> Nghị_định số 61/CP ngày 05 tháng 7 năm 1994 </NĐ> về mua_bán và kinh_doanh nhà ở của Chính_phủ .
3 . Nghị_định này thay_thế <NĐ rel="Replace"> Nghị_định số 38/2000/NĐ-CP ngày 23 tháng 8 năm 2000 </NĐ> của Chính_phủ về thu tiền sử_dụng đất , khoản 1 Điều 13 <NĐ rel="PartReplace"> Nghị_định số 71/2001/NĐ-CP ngày 05 tháng 10 năm 2001 </NĐ> của Chính_phủ về ưu_đãi đầu_tư xây_dựng nhà ở để bán và cho thuê .
Những quy_định trước_đây về thu tiền sử_dụng đất trái với quy_định tại Nghị_định này đều bãi_bỏ . 

Điều 22 .  Trách_nhiệm thi_hành 

Bộ_trưởng Bộ Tài_chính chịu trách_nhiệm hướng_dẫn thi_hành Nghị_định này . 

Các Bộ_trưởng , Thủ_trưởng cơ_quan ngang Bộ , Thủ_trưởng cơ_quan thuộc Chính_phủ , Chủ_tịch ủy_ban nhân_dân các tỉnh , thành_phố trực_thuộc Trung_ương , tổ_chức , hộ gia_đình , cá_nhân sử_dụng đất chịu trách_nhiệm thi_hành Nghị_định này ./. 