Nghị định Về tổ chức và hoạt động của Thanh tra quốc phòng

Căn_cứ <L rel="Pursuant"> Luật Tổ_chức Chính_phủ ngày 25 tháng 12 năm 2001 </L> ;
Căn_cứ <L rel="Pursuant"> Luật_Sĩ_quan Quân_đội nhân_dân Việt_Nam ngày 21 tháng 12 năm 1999 </L> ;
Căn_cứ <L rel="Pursuant"> Luật Thanh_tra ngày 15 tháng 6 năm 2004 </L> ;
Điều 1 .  Vị_trí , chức_năng của Thanh_tra quốc_phòng 

Thanh_tra quốc_phòng là Thanh_tra nhà_nước được tổ_chức thành hệ_thống trong Quân_đội , có chức_năng thanh_tra hành_chính và thanh_tra chuyên_ngành thuộc phạm_vi quản_lý nhà_nước về quốc_phòng . 

Điều 2 .  Đối_tượng của Thanh_tra quốc_phòng 

1 . Các cơ_quan , đơn_vị , cá_nhân thuộc Bộ Quốc_phòng quản_lý . 

2 . Tổ_chức , cá_nhân Việt_Nam_chấp_hành pháp_luật về quốc_phòng và thực_hiện nhiệm_vụ quốc_phòng . 

3 . Tổ_chức , cá_nhân nước_ngoài tại Việt_Nam có hoạt_động liên_quan đến pháp_luật về quốc_phòng của Việt_Nam .  Trường_hợp Điều_ước quốc_tế mà Việt_Nam đã ký_kết hoặc gia_nhập có quy_định khác thì áp_dụng quy_định của Điều_ước quốc_tế đó . 

Điều 3 .  Nội_dung hoạt_động Thanh_tra quốc_phòng 

1 . Thanh_tra việc thực_hiện chính_sách , pháp_luật , nhiệm_vụ , kế_hoạch nhà_nước về quốc_phòng đối_với cơ_quan , tổ_chức , cá_nhân thuộc thẩm_quyền quản_lý nhà_nước của Bộ Quốc_phòng . 

2 . Thanh_tra việc thực_hiện chính_sách , pháp_luật nhà_nước , chấp_hành nhiệm_vụ , mệnh_lệnh , chỉ_thị , quyết_định của người chỉ_huy đối_với các cơ_quan , đơn_vị thuộc quyền người chỉ_huy cùng cấp . 

3 . Tham_mưu và giúp người chỉ_huy cùng cấp tổ_chức , quản_lý và thực_hiện việc giải_quyết khiếu_nại , tố_cáo theo quy_định của pháp_luật về khiếu_nại , tố_cáo ;  công_tác tiếp công_dân , phòng_ngừa , đấu_tranh chống tham_nhũng theo quy_định của pháp_luật và quy_định của Bộ Quốc_phòng . 

4 . Kiến_nghị người chỉ_huy các cấp đình_chỉ thi_hành hoặc hủy_bỏ các quy_định do đơn_vị ban_hành trái với văn_bản pháp_luật về công_tác thanh_tra . 

5 . Thực_hiện quyền xử_phạt vi_phạm hành_chính về lĩnh_vực quốc_phòng theo quy_định của pháp_luật . 

Điều 4 .  Nguyên_tắc hoạt_động Thanh_tra quốc_phòng 

1 . Hoạt_động Thanh_tra quốc_phòng phải tuân theo pháp_luật nhà_nước , Điều_lệnh , Điều_lệ và các quy_định của Quân_đội . 

2 . Hoạt_động Thanh_tra quốc_phòng phải bảo_đảm chính_xác , khách_quan , trung_thực , kịp_thời , công_khai , dân_chủ và không làm cản_trở đến hoạt_động bình_thường của cơ_quan , tổ_chức , cá_nhân là đối_tượng_thanh_tra . 

Điều 5 .  Mối quan_hệ của Thanh_tra quốc_phòng 

1 . Thanh_tra Bộ Quốc_phòng chịu sự lãnh_đạo của Đảng_ủy Quân_sự Trung_ương , sự chỉ_huy , quản_lý của Bộ_trưởng Bộ Quốc_phòng và chỉ_đạo về nghiệp_vụ của Thanh_tra Chính_phủ . 

2 . Thanh_tra quốc_phòng các cấp chịu sự lãnh_đạo của cấp_ủy Đảng , sự chỉ_huy , quản_lý của người chỉ_huy cùng cấp và sự chỉ_đạo thống_nhất về nghiệp_vụ của Thanh_tra Bộ Quốc_phòng . 

3 . Quan_hệ giữa cơ_quan Thanh_tra quốc_phòng các cấp với các cơ_quan thanh_tra Bộ , ngành , địa_phương là quan_hệ phối_hợp trong thực_hiện nhiệm_vụ thanh_tra thuộc phạm_vi quản_lý nhà_nước của Bộ Quốc_phòng . 

Điều 6 .  Hoạt_động thanh_tra ở các cơ_quan , đơn_vị không có cơ_quan Thanh_tra quốc_phòng 

1 . Các cơ_quan , đơn_vị trong quân_đội từ cấp Trung_đoàn và tương_đương trở lên không có cơ_quan Thanh_tra quốc_phòng thì Chỉ_huy_trưởng phụ_trách và sử_dụng cán_bộ thuộc quyền để kiêm_nhiệm một_số nhiệm_vụ công_tác thanh_tra trong đơn_vị . 

2 . Các cơ_quan , đơn_vị sự_nghiệp và doanh_nghiệp nhà_nước trong quân_đội tổ_chức Ban thanh_tra nhân_dân do Ban_Chấp_hành Công_đoàn cơ_sở chịu trách_nhiệm chỉ_đạo hoạt_động theo quy_định của pháp_luật về thanh_tra . 

Điều 7 .  Hệ_thống tổ_chức Thanh_tra quốc_phòng 

1 . Các cơ_quan trong hệ_thống Thanh_tra quốc_phòng gồm : 

a ) Thanh_tra Bộ Quốc_phòng ; 

b ) Thanh_tra quốc_phòng tỉnh , thành_phố trực_thuộc Trung_ương ( dưới đây gọi chung là Thanh_tra quốc_phòng cấp tỉnh ) ; 

c ) Thanh_tra quốc_phòng Quân_khu ; 

d ) Thanh_tra Bộ Tổng_tham_mưu ;  Tổng_cục Chính_trị và các Tổng_cục ; 

đ ) Thanh_tra Quân_chủng ; 

e ) Thanh_tra Bộ_đội biên_phòng ; 

g ) Thanh_tra Quân_đoàn , Binh_chủng và tương_đương . 

2 . Tổ_chức , biên_chế , trang_bị cụ_thể của Thanh_tra quốc_phòng các cấp do Bộ_trưởng Bộ Quốc_phòng quy_định . 

3 . Việc bổ_nhiệm , miễn_nhiệm , cách_chức Chánh thanh_tra , Phó_chánh thanh_tra và các chức_danh khác của Thanh_tra quốc_phòng các cấp thực_hiện theo quy_định của <L rel="Reference"> Luật_Sĩ_quan Quân_đội nhân_dân Việt_Nam </L> , <L rel="Reference"> Luật Thanh_tra </L> và các quy_định khác của pháp_luật .
4 . Cơ_quan Thanh_tra quốc_phòng các cấp có con_dấu riêng theo quy_định của pháp_luật . 

Điều 8 .  Thanh_tra Bộ Quốc_phòng 

1 . Thanh_tra Bộ Quốc_phòng là cơ_quan của Bộ Quốc_phòng , giúp Bộ_trưởng Bộ Quốc_phòng quản_lý nhà_nước về công_tác thanh_tra , thực_hiện nhiệm_vụ , quyền_hạn thanh_tra hành_chính và thanh_tra chuyên_ngành trong các lĩnh_vực thuộc phạm_vi quản_lý nhà_nước của Bộ Quốc_phòng ;  quản_lý , chỉ_đạo các tổ_chức thanh_tra chuyên_ngành thuộc Bộ Quốc_phòng . 

2 . Thanh_tra Bộ Quốc_phòng có Chánh_Thanh_tra , Phó_Chánh Thanh_tra và Thanh_tra viên . 

3 . Thanh_tra Bộ Quốc_phòng có tài_khoản riêng . 

Điều 9 .  Nhiệm_vụ , quyền_hạn của Thanh_tra Bộ Quốc_phòng 

1 . Thanh_tra việc thực_hiện chính_sách , pháp_luật , nhiệm_vụ , kế_hoạch nhà_nước về quốc_phòng và thực_hiện chỉ_thị , nghị_quyết của Đảng_ủy quân_sự Trung_ương , các mệnh_lệnh , chỉ_thị , quyết_định của Bộ_trưởng Bộ Quốc_phòng đối_với các cơ_quan , đơn_vị thuộc Bộ Quốc_phòng . 

2 . Thanh_tra hoặc phối_hợp với Thanh_tra các Bộ , ngành , địa_phương tiến_hành thanh_tra việc chấp_hành pháp_luật chuyên_ngành và thực_hiện chính_sách , nhiệm_vụ , kế_hoạch nhà_nước về quốc_phòng theo thẩm_quyền quản_lý nhà_nước của Bộ Quốc_phòng đối_với các cơ_quan , tổ_chức và cá_nhân .  Thanh_tra chấp_hành pháp_luật về quốc_phòng của Việt_Nam đối_với tổ_chức , cá_nhân nước_ngoài có hoạt_động liên_quan đến pháp_luật về quốc_phòng Việt_Nam . 

3 . Thanh_tra việc chấp_hành pháp_luật về khiếu_nại , tố_cáo đối_với các cơ_quan , đơn_vị trong toàn quân .  Thực_hiện nhiệm_vụ giải_quyết khiếu_nại tố_cáo , tiếp công_dân theo thẩm_quyền và thanh_tra các vụ_việc khác do Bộ_trưởng Bộ Quốc_phòng giao . 

4 . Tham_mưu giúp Bộ_trưởng Bộ Quốc_phòng thực_hiện việc giải_quyết khiếu_nại , tố_cáo theo quy_định của pháp_luật về khiếu_nại , tố_cáo ;  công_tác tiếp công_dân , phòng_ngừa và đấu_tranh chống tham_nhũng theo quy_định của pháp_luật .  Tổng_hợp , báo_cáo kết_quả về công_tác thanh_tra , giải_quyết khiếu_nại , tố_cáo , chống tham_nhũng thuộc phạm_vi quản_lý nhà_nước của Bộ Quốc_phòng . 

5 . Xử_phạt vi_phạm hành_chính theo quy_định của pháp_luật về xử_lý vi_phạm hành_chính . 

6 . Hướng_dẫn , kiểm_tra người chỉ_huy các cơ_quan , đơn_vị thuộc Bộ Quốc_phòng trong việc thực_hiện các quy_định của pháp_luật và của Bộ Quốc_phòng về công_tác thanh_tra quốc_phòng và công_tác giải_quyết khiếu_nại , tố_cáo theo thẩm_quyền .  Chỉ_đạo , hướng_dẫn , quản_lý , kiểm_tra , thông_tin và bồi_dưỡng nghiệp_vụ thanh_tra cho cán_bộ thanh_tra quốc_phòng các cấp ;  tham_gia quản_lý , sử_dụng cán_bộ thanh_tra ở các cơ_quan , đơn_vị thuộc Bộ Quốc_phòng . 

7 . Nghiên_cứu khoa_học , tổng_kết , biên_soạn tài_liệu nghiệp_vụ về thanh_tra quốc_phòng . 

8 . Thực_hiện các nhiệm_vụ , quyền_hạn khác theo quy_định của pháp_luật . 

Điều 10 .  Nhiệm_vụ , quyền_hạn của Chánh_Thanh_tra Bộ Quốc_phòng 

1 . Quản_lý , chỉ_đạo công_tác thanh_tra trong phạm_vi quản_lý nhà_nước của Bộ Quốc_phòng . 

2 . Xây_dựng chương_trình , kế_hoạch thanh_tra trình Bộ_trưởng Bộ Quốc_phòng phê_duyệt và tổ_chức thực_hiện chương_trình kế_hoạch đó .  Trình Bộ_trưởng Bộ Quốc_phòng ra quyết_định thanh_tra khi phát_hiện có dấu_hiệu vi_phạm pháp_luật . 

3 . Yêu_cầu các cơ_quan_chức_năng và các đơn_vị thuộc Bộ Quốc_phòng thông_báo , cung_cấp tình_hình , tài_liệu liên_quan đến công_tác thanh_tra quốc_phòng , cử người tham_gia các đoàn thanh_tra . 

4 . Yêu_cầu người chỉ_huy cơ_quan , đơn_vị trực_thuộc Bộ Quốc_phòng tổ_chức thanh_tra những vụ_việc theo phạm_vi trách_nhiệm của mình ;  xem_xét lại những vấn_đề mà Chánh Thanh_tra không nhất_trí với người chỉ_huy cùng cấp .  Nếu yêu_cầu trên không được thực_hiện hoặc Chánh_Thanh_tra Bộ Quốc_phòng còn ý_kiến không nhất_trí thì báo_cáo Bộ_trưởng Bộ Quốc_phòng xem_xét , quyết_định . 

5 . Kiến_nghị Bộ_trưởng Bộ Quốc_phòng tạm đình_chỉ việc thi_hành quyết_định sai_trái về thanh_tra của cơ_quan , đơn_vị thuộc quyền quản_lý trực_tiếp của Bộ Quốc_phòng ;  tham_mưu cho Bộ_trưởng Bộ Quốc_phòng thực_hiện việc giải_quyết khiếu_nại , tố_cáo theo quy_định của pháp_luật về khiếu_nại , tố_cáo ;  tiếp công_dân và xem_xét trách_nhiệm , xử_lý cá_nhân có hành_vi vi_phạm thuộc quyền quản_lý của Bộ Quốc_phòng . 

6 . Quyết_định hoặc kiến_nghị cấp có thẩm_quyền quyết_định tạm đình_chỉ việc thi_hành kỷ_luật , thuyên_chuyển công_tác của người chỉ_huy các cơ_quan , đơn_vị thuộc Bộ Quốc_phòng đối_với người đang cộng_tác với tổ_chức thanh_tra hoặc đang là đối_tượng_thanh_tra , nếu xét thấy việc thi_hành quyết_định đó gây trở_ngại cho việc tiến_hành thanh_tra . 

7 . Xử_phạt vi_phạm hành_chính về lĩnh_vực quốc_phòng theo quy_định của pháp_luật về xử_lý vi_phạm hành_chính . 

8 . Quyết_định hoặc kiến_nghị Bộ_trưởng Bộ Quốc_phòng quyết_định cảnh_cáo , tạm đình_chỉ công_tác đối_với quân_nhân , viên_chức quốc_phòng ở các cơ_quan , đơn_vị thuộc Bộ Quốc_phòng khi có hành_vi cố_ý cản_trở việc thanh_tra hoặc không thực_hiện các yêu_cầu , quyết_định về thanh_tra theo quy_định của pháp_luật . 

9 . Tham_gia ý_kiến với lãnh_đạo , chỉ_huy các đơn_vị trực_thuộc Bộ Quốc_phòng về thống_nhất quản_lý thanh_tra viên quốc_phòng và sắp_xếp , sử_dụng , bổ_nhiệm , miễn_nhiệm , cách_chức Chánh_Thanh_tra , Phó_Chánh Thanh_tra quốc_phòng cùng cấp trước khi trình cấp có thẩm_quyền quyết_định . 

10 .  Quản_lý , chỉ_đạo , tổ_chức cơ_quan Thanh_tra Bộ Quốc_phòng thực_hiện các nhiệm_vụ , quyền_hạn quy_định tại Điều 9 Nghị_định này và thực_hiện các nhiệm_vụ , quyền_hạn khác theo quy_định của pháp_luật về thanh_tra , Điều_lệnh quản_lý bộ_đội Quân_đội nhân_dân Việt_Nam , các văn_bản pháp_luật khác có liên_quan . 

Điều 11 .  Thanh_tra quốc_phòng cấp tỉnh 

1 . Thanh_tra quốc_phòng cấp tỉnh là cơ_quan trực_thuộc tỉnh đội , giúp Tỉnh đội_trưởng thực_hiện nhiệm_vụ , quyền_hạn thanh_tra hành_chính và thanh_tra chuyên_ngành trong phạm_vi quản_lý nhà_nước về lĩnh_vực quốc_phòng trên địa_bàn tỉnh .  Chỉ_đạo , quản_lý công_tác thanh_tra đối_với các cơ_quan , đơn_vị thuộc tỉnh đội . 

2 . Tổ_chức thanh_tra quốc_phòng cấp tỉnh có Chánh_Thanh_tra , Phó_Chánh Thanh_tra và Thanh_tra viên . 

Điều 12 .  Nhiệm_vụ , quyền_hạn của Thanh_tra quốc_phòng cấp tỉnh 

1 . Phối_hợp với Thanh_tra tỉnh tổ_chức thanh_tra các sở , ban , ngành , các huyện , quận , thị_xã và cá_nhân thực_hiện chính_sách , pháp_luật , nhiệm_vụ kế_hoạch nhà_nước về quốc_phòng và giải_quyết những vấn_đề có liên_quan đến công_tác quốc_phòng trên địa_bàn tỉnh . 

2 . Thanh_tra việc thực_hiện chính_sách , pháp_luật , nhiệm_vụ , kế_hoạch nhà_nước về quốc_phòng , nhiệm_vụ quân_sự đối_với các cơ_quan , đơn_vị thuộc tỉnh đội . 

3 . Thanh_tra việc chấp_hành pháp_luật về khiếu_nại , tố_cáo theo quy_định của pháp_luật về khiếu_nại , tố_cáo và thực_hiện nhiệm_vụ giải_quyết khiếu_nại , tố_cáo theo thẩm_quyền quy_định của pháp_luật đối_với cơ_quan , đơn_vị thuộc tỉnh đội . 

4 . Thanh_tra các vụ_việc khác do Tỉnh đội_trưởng giao . 

5 . Tham_mưu và tổ_chức thực_hiện giúp Tỉnh đội_trưởng quản_lý công_tác giải_quyết khiếu_nại tố_cáo , công_tác tiếp công_dân , thực_hiện nhiệm_vụ phòng_ngừa và đấu_tranh chống tham_nhũng theo quy_định của pháp_luật và của Bộ Quốc_phòng . 

6 . Hướng_dẫn kiểm_tra việc thực_hiện các quy_định về công_tác thanh_tra , giải_quyết khiếu_nại tố_cáo đối_với người chỉ_huy cơ_quan , đơn_vị thuộc tỉnh đội .  Tạm đình_chỉ những quyết_định không đúng của người chỉ_huy các cơ_quan , đơn_vị thuộc tỉnh đội về công_tác thanh_tra , đồng_thời kiến_nghị Tỉnh đội_trưởng giải_quyết ;  kiểm_tra , đôn_đốc , theo_dõi và báo_cáo việc thực_hiện các kết_luận , yêu_cầu kiến_nghị , quyết_định về thanh_tra do thanh_tra quốc_phòng cấp trên và Thanh_tra Nhà_nước tỉnh đã tiến_hành thanh_tra ở những đơn_vị thuộc quyền tỉnh đội quản_lý . 

7 . Kiến_nghị Tỉnh đội_trưởng giải_quyết những vấn_đề về thanh_tra , trong trường_hợp kiến_nghị không được chấp_nhận thì có quyền bảo_lưu và báo_cáo Chánh_Thanh_tra quốc_phòng Quân_khu xem_xét , giải_quyết . 

Điều 13 .  Nhiệm_vụ , quyền_hạn của Chánh_Thanh_tra quốc_phòng cấp tỉnh 

1 . Yêu_cầu các cơ_quan_chức_năng và các đơn_vị trực_thuộc tỉnh đội thông_báo , cung_cấp tình_hình , tài_liệu cần_thiết có liên_quan đến công_tác thanh_tra , cử người tham_gia đoàn thanh_tra . 

2 . Giúp Tỉnh đội_trưởng lập kế_hoạch thanh_tra thực_hiện chính_sách , pháp_luật ;  nhiệm_vụ , kế_hoạch nhà_nước về quốc_phòng hàng năm đối_với các sở , ban , ngành , huyện , quận , thị_xã và cá_nhân trên địa_bàn tỉnh , trình Chủ_tịch ủy_ban nhân_dân tỉnh phê_duyệt . 

3 . Quyết_định hoặc đề_nghị cấp có thẩm_quyền quyết_định tạm đình_chỉ việc thi_hành các quyết_định kỷ_luật , thuyên_chuyển công_tác của quân_nhân , viên_chức quốc_phòng ở cơ_quan , đơn_vị thuộc quyền tỉnh đội đang cộng_tác với tổ_chức thanh_tra hoặc đang là đối_tượng_thanh_tra , nếu xét thấy việc thi_hành quyết_định gây trở_ngại cho việc thanh_tra . 

4 . Quyết_định hoặc đề_nghị Tỉnh đội_trưởng quyết_định cảnh_cáo , tạm đình_chỉ công_tác đối_với quân_nhân , nhân_viên quốc_phòng thuộc quyền quản_lý của tỉnh đội có hành_vi cản_trở việc thanh_tra hoặc không thực_hiện yêu_cầu , quyết_định về thanh_tra . 

5 . Quyết_định xử_phạt vi_phạm hành_chính về lĩnh_vực quốc_phòng theo quy_định của pháp_luật . 

6 . Chỉ_đạo cơ_quan Thanh_tra quốc_phòng cấp tỉnh thực_hiện các nhiệm_vụ , quyền_hạn quy_định tại Điều 12 Nghị_định này và thực_hiện các nhiệm_vụ , quyền_hạn khác theo quy_định của pháp_luật . 

Điều 14 .  Nhiệm_vụ , quyền_hạn của các cơ_quan Thanh_tra quốc_phòng Quân_khu ;  Bộ Tổng_tham_mưu ;  Tổng_cục Chính_trị và các Tổng_cục ;  Quân_chủng ;  Bộ_đội biên_phòng ;  Quân_đoàn ;  Binh_chủng và tương_đương 

Chức_năng , nhiệm_vụ , quyền_hạn của các cơ_quan Thanh_tra quốc_phòng Quân_khu ;  Bộ Tổng_tham_mưu ;  Tổng_cục Chính_trị và các Tổng_cục ;  Quân_chủng ;  Bộ_đội biên_phòng ;  Quân_đoàn ;  Binh_chủng và tương_đương do Bộ_Trưởng Bộ Quốc_phòng quy_định . 

Điều 15 .  Thanh_tra viên , Cộng_tác_viên Thanh_tra quốc_phòng 

1 . Thanh_tra viên quốc_phòng là sĩ_quan Quân_đội nhân_dân Việt_Nam , có cương_vị chỉ_huy và trình_độ chuyên_môn nghiệp_vụ tương_ứng với nhiệm_vụ thanh_tra được giao , được bổ_nhiệm vào ngạch Thanh_tra để thực_hiện nhiệm_vụ thanh_tra .  Thanh_tra viên quốc_phòng có đủ tiêu_chuẩn theo quy_định của pháp_luật thì được bổ_nhiệm và cấp thẻ Thanh_tra viên . 

2 . Trong hoạt_động thanh_tra , khi cần_thiết Thanh_tra quốc_phòng các cấp được trưng_tập người có chuyên_môn , nghiệp_vụ phù_hợp với nhiệm_vụ thanh_tra làm Cộng_tác_viên . 

Điều 16 .  Trách_nhiệm của Thanh_tra viên , Cộng_tác_viên Thanh_tra quốc_phòng 

1 . Khi thực_hiện nhiệm_vụ , Thanh_tra viên , Cộng_tác_viên Thanh_tra quốc_phòng phải tuân theo pháp_luật , chịu trách_nhiệm trước pháp_luật và người chỉ_huy cơ_quan quản_lý trực_tiếp về nhiệm_vụ thanh_tra . 

2 . Thanh_tra viên , cộng_tác_viên thanh_tra quốc_phòng có hành_vi vi_phạm pháp_luật thì tùy theo tính_chất , mức_độ vi_phạm mà bị xử_lý kỷ_luật hoặc bị truy_cứu trách_nhiệm hình_sự ;  nếu gây thiệt_hại thì phải bồi_thường hoặc bồi_hoàn theo quy_định của pháp_luật . 

Điều 17 .  Quyền_lợi của Thanh_tra viên và Cộng_tác_viên Thanh_tra quốc_phòng 

1 . Thanh_tra viên và cán_bộ trong ngành Thanh_tra quốc_phòng sử_dụng trang_phục theo chế_độ quy_định của Quân_đội nhân_dân Việt_Nam .  Ngoài tiêu_chuẩn quy_định của quân_đội , Thanh_tra viên quốc_phòng được hưởng các quyền_lợi chung như đối_với Thanh_tra viên nhà_nước , được trích thưởng trong hoạt_động thanh_tra theo quy_định chung của Chính_phủ . 

2 . Tiêu_chuẩn , chế_độ đãi_ngộ đối_với Cộng_tác_viên thanh_tra quốc_phòng thực_hiện theo quy_định chung của Chính_phủ . 

Điều 18 .  Hình_thức và thời_hạn thanh_tra 

1 . Hình_thức thanh_tra : 

a ) Thanh_tra theo chương_trình , kế_hoạch đã được phê_duyệt . 

b ) Thanh_tra đột_xuất khi phát_hiện cơ_quan , đơn_vị , cá_nhân có dấu_hiệu vi_phạm pháp_luật , khi được người chỉ_huy cùng cấp giao và thực_hiện nhiệm_vụ giải_quyết khiếu_nại , tố_cáo theo quy_định của pháp_luật . 

2 . Thời_hạn thanh_tra : 

a ) Cuộc thanh_tra hành_chính do Thanh_tra Bộ , Thanh_tra Quân_khu , Thanh_tra Tổng_Cục , Thanh_tra Quân_chủng và Thanh_tra Bộ_đội Biên_phòng tiến_hành không quá bốn mươi lăm ngày , trường_hợp phức_tạp thì có_thể kéo_dài nhưng không quá bảy mươi ngày . 

b ) Cuộc thanh_tra hành_chính do Thanh_tra các cấp khác tiến_hành không quá ba mươi ngày , trường_hợp phức_tạp thì có_thể kéo_dài , nhưng không quá bốn mươi lăm ngày . 

c ) Cuộc thanh_tra chuyên_ngành do Thanh_tra các cấp_tiến_hành không quá ba mươi ngày , trong trường_hợp cần_thiết thì có_thể gia_hạn nhưng thời_gian gia_hạn không quá ba mươi ngày . 

Điều 19 .  Thẩm_quyền phê_duyệt kế_hoạch và ra quyết_định thanh_tra 

1 . Người chỉ_huy các cấp có trách_nhiệm phê_duyệt chương_trình , kế_hoạch thanh_tra của năm sau do Chánh Thanh_tra cùng cấp trình , chậm nhất vào ngày 31 tháng 12 năm trước . 

2 . Chánh Thanh_tra cùng cấp ra quyết_định thanh_tra và thành_lập Đoàn thanh_tra để thực_hiện quyết_định thanh_tra .  Khi xét thấy cần_thiết , người chỉ_huy cùng cấp ra quyết_định thanh_tra và thành_lập Đoàn thanh_tra . 

3 . Việc ra quyết_định thanh_tra phải có một trong các căn_cứ sau đây : 

a ) Trong chương_trình , kế_hoạch thanh_tra đã được cấp có thẩm_quyền phê_duyệt . 

b ) Khi có yêu_cầu của người chỉ_huy cùng cấp . 

c ) Khi phát_hiện có dấu_hiệu vi_phạm pháp_luật thì Chánh_Thanh_tra kiến_nghị người chỉ_huy cùng cấp ra quyết_định thanh_tra . 

Điều 20 .  Nhiệm_vụ , quyền_hạn của người ra quyết_định thanh_tra 

1 . Khi thực_hiện nhiệm_vụ , người ra quyết_định thanh_tra phải chịu trách_nhiệm trước pháp_luật về mọi quyết_định của mình .  Trong quá_trình thanh_tra người ra quyết_định thanh_tra phải chỉ_đạo , kiểm_tra mọi hoạt_động của Đoàn thanh_tra , Thanh_tra viên thực_hiện các nhiệm_vụ được giao . 

2 . Kết_luận hoặc ủy_quyền cho Trưởng_đoàn thanh_tra kết_luận với đối_tượng_thanh_tra về nội_dung cuộc thanh_tra . 

3 . Quyết_định xử_lý theo thẩm_quyền hoặc kiến_nghị người có thẩm_quyền xử_lý theo quy_định của pháp_luật . 

4 . Giải_quyết khiếu_nại , tố_cáo liên_quan đến trách_nhiệm của Trưởng_đoàn thanh_tra và các thành_viên khác của Đoàn thanh_tra . 

5 . Thực_hiện các nhiệm_vụ và quyền_hạn khác theo quy_định của pháp_luật về thanh_tra . 

Điều 21 .  Nhiệm_vụ , quyền_hạn của Trưởng_đoàn thanh_tra , Thanh_tra viên khi thực_hiện nhiệm_vụ 

1 . Khi thực_hiện nhiệm_vụ thanh_tra , Trưởng_đoàn Thanh_tra , Thanh_tra viên quốc_phòng chịu trách_nhiệm trước pháp_luật về mọi quyết_định của mình . 

2 . Kiến_nghị người ra quyết_định thanh_tra áp_dụng các biện_pháp theo thẩm_quyền để bảo_đảm thực_hiện nhiệm_vụ của Đoàn thanh_tra . 

3 . Báo_cáo với người ra quyết_định thanh_tra về kết_quả thanh_tra , đề_nghị xử_lý sau thanh_tra và chịu trách_nhiệm về tính chính_xác , trung_thực , khách_quan của báo_cáo đó . 

4 . Kết_luận cuộc thanh_tra khi được người ra quyết_định thanh_tra ủy_quyền . 

Điều 22 .  Trách_nhiệm phối_hợp , hiệp_đồng của các địa_phương , cơ_quan , đơn_vị đối_với hoạt_động thanh_tra quốc_phòng khi thực_hiện nhiệm_vụ 

1 . Người chỉ_huy các cấp trong Quân_đội và người đứng đầu các cơ_quan , tổ_chức nơi tiến_hành thanh_tra có trách_nhiệm phối_hợp chặt_chẽ với tổ_chức thanh_tra , Đoàn thanh_tra để tổ_chức tốt nhiệm_vụ thanh_tra theo quy_định của pháp_luật . 

2 . Các cơ_quan Thanh_tra quốc_phòng có trách_nhiệm chủ_trì , phối_hợp với các cơ_quan_chức_năng cùng cấp , cơ_quan Thanh_tra nhà_nước các cấp để thực_hiện nhiệm_vụ thanh_tra , các nhiệm_vụ khác và giải_quyết những vấn_đề có liên_quan đến hoạt_động thanh_tra quốc_phòng . 

3 . Trong phạm_vi trách_nhiệm của mình , các cơ_quan , đơn_vị lực_lượng vũ_trang và các địa_phương , các cơ_quan , tổ_chức và cá_nhân phải thực_hiện các yêu_cầu của tổ_chức thanh_tra và thanh_tra viên quốc_phòng liên_quan đến hoạt_động thanh_tra quốc_phòng theo quy_định của pháp_luật . 

Điều 23 .  Trách_nhiệm thực_hiện kết_luận , kiến_nghị thanh_tra 

1 . Kết_luận , kiến_nghị , quyết_định xử_lý về thanh_tra phải ghi rõ nội_dung , thời_gian , đối_tượng thực_hiện , phải được công_bố , công_khai với đối_tượng_thanh_tra và cơ_quan , đơn_vị có liên_quan . 

2 . Người chỉ_huy các cơ_quan , đơn_vị , cá_nhân có liên_quan và đối_tượng_thanh_tra phải thực_hiện đúng kết_luận , kiến_nghị , quyết_định xử_lý sau cuộc thanh_tra theo quy_định của pháp_luật . 

Điều 24 .  Bảo_đảm cho hoạt_động thanh_tra 

1 . Kinh_phí bảo_đảm cho hoạt_động thanh_tra quốc_phòng thuộc dự_toán ngân_sách nhà_nước được thông_báo hàng năm của Bộ Quốc_phòng . 

2 . Việc bảo_đảm vật_chất , phương_tiện phục_vụ cho tổ_chức và hoạt_động Thanh_tra quốc_phòng các cấp do người chỉ_huy cùng cấp chịu trách_nhiệm theo quy_định của Bộ_trưởng Bộ Quốc_phòng . 

Điều 25 .  Xử_lý vi_phạm trong hoạt_động thanh_tra 

Người nào cản_trở , đưa hối_lộ , trả_thù người_làm nhiệm_vụ thanh_tra , tố_cáo sai sự_thật , vi_phạm pháp_luật về thanh_tra ;  người nào lợi_dụng chức_vụ , quyền_hạn thanh_tra hoặc vì động_cơ cá_nhân hoặc thiếu tinh_thần trách_nhiệm mà xử_lý vi_phạm , kết_luận không đúng , xâm_phạm quyền và lợi_ích hợp_pháp của tổ_chức , cá_nhân thì tùy theo tính_chất , mức_độ vi_phạm sẽ bị xử_lý kỷ_luật , xử_phạt vi_phạm hành_chính , trường_hợp gây thiệt_hại thì phải bồi_thường hoặc bị truy_cứu trách_nhiệm hình_sự theo quy_định của pháp_luật . 

Điều 26 .  Hiệu_lực thi_hành 

Nghị_định này có hiệu_lực sau 15 ngày , kể từ ngày đăng Công_báo .  Các quy_định trước_đây trái với Nghị_định này đều bãi_bỏ . 

Điều 27 .  Hướng_dẫn và trách_nhiệm thi_hành 

1 . Bộ_trưởng Bộ Quốc_phòng có trách_nhiệm hướng_dẫn thi_hành Nghị_định này . 

2 . Các Bộ_trưởng , Thủ_trưởng cơ_quan ngang Bộ , Thủ_trưởng cơ_quan thuộc Chính_phủ , Chủ_tịch Ủy_ban nhân_dân tỉnh , thành_phố trực_thuộc Trung_ương chịu trách_nhiệm thi_hành Nghị_định này ./. 
