Nghị định Quy định chi tiết một số điều của Pháp lệnh về Tổ chức và hoạt động hoà giải ở cơ sở

Căn_cứ <L rel="Pursuant"> Luật Tổ_chức Chính_phủ ngày 30 tháng 9 năm 1992 </L> ;
Căn_cứ <PL rel="Pursuant"> Pháp_lệnh về Tổ_chức và hoạt_động hòa giải ở cơ_sở ngày 25 tháng 12 năm 1998 </PL> ;
Căn_cứ tình_hình_cụ_thể và khả_năng ngân_sách của địa_phương , ủy ban nhân_dân các cấp tạo điều_kiện , hỗ_trợ về kinh_phí cho việc kiện_toàn tổ_chức , bồi_dưỡng nghiệp_vụ , sơ_kết , tổng_kết , thi_đua , khen_thưởng nhằm nâng cao hiệu_quả hoạt_động hòa giải ở địa_phương . 

Điều 1 .  Phạm_vi áp_dụng 

1 . Nghị_định này quy_định chi_tiết một_số điều về Tổ_chức và hoạt_động hòa giải được quy_định tại <PL rel="Reference"> Pháp_lệnh của Ủy_ban Thường_vụ Quốc_hội số 09/1998/PL-UBTVQH ngày 25 tháng 12 năm 1998 </PL> về Tổ_chức và hoạt_động hòa giải ở cơ_sở .
2 . Các quy_định của Nghị_định này không áp_dụng đối_với hoạt_động hòa_giải trong tố_tụng của Tòa_án nhân_dân và của Trọng_tài kinh_tế . 

Điều 2 .  Hòa_giải ở cơ_sở 

1 . Hòa_giải ở cơ_sở là việc hướng_dẫn , giúp_đỡ , thuyết_phục các bên tranh_chấp đạt được thỏa_thuận , tự_nguyện giải_quyết với nhau những việc vi_phạm pháp_luật và tranh_chấp nhỏ nhằm giữ_gìn đoàn_kết trong nội_bộ nhân_dân , củng_cố , phát_huy những tình_cảm và đạo_lý truyền_thống tốt_đẹp trong gia_đình và cộng_đồng dân_cư , phòng_ngừa , hạn_chế vi_phạm pháp_luật , bảo_đảm trật_tự , an_toàn xã_hội trong cộng_đồng dân_cư . 

2 . " Các bên " nói tại Điều 1 <PL rel="Reference"> Pháp_lệnh về Tổ_chức và hoạt_động hòa giải ở cơ_sở </PL> có_thể là các thành_viên trong một hộ gia_đình , các hộ gia_đình với nhau hoặc các cá_nhân với nhau .
3 . Thuật_ngữ " cơ_sở " theo quy_định của <PL rel="Reference"> Pháp_lệnh về Tổ_chức và hoạt_động hòa giải ở cơ_sở </PL> và Nghị_định này là thôn , xóm , bản , ấp , tổ dân_phố và các cụm dân_cư khác như các chợ cố_định , tụ_điểm du_lịch , vui_chơi giải_trí .
Điều 3 .  Hình_thức hòa_giải 

Hòa_giải ở cơ_sở được thực_hiện thông_qua hoạt_động của Tổ_hòa giải hoặc các tổ_chức thích_hợp khác của nhân_dân ở thôn , xóm , bản , ấp , tổ dân_phố và các cụm dân_cư khác phù_hợp với pháp_luật , đạo_đức xã_hội và phong_tục tập_quán tốt_đẹp của nhân_dân . 

Điều 4 .  Phạm_vi hòa_giải 

1 . Hòa_giải được tiến_hành đối_với việc vi_phạm pháp_luật và tranh_chấp nhỏ trong cộng_đồng dân_cư , bao_gồm : 

a ) Mâu_thuẫn , xích_mích giữa các thành_viên trong gia_đình do khác nhau về quan_niệm sống , lối sống , tính_tình không hợp hoặc mâu_thuẫn , xích_mích giữa các cá_nhân trong quan_hệ xóm_giềng như sử_dụng lối đi qua nhà , sử_dụng điện , nước sinh_hoạt , công_trình_phụ , giờ_giấc sinh_hoạt , gây mất vệ_sinh chung ... ; 

b ) Tranh_chấp về quyền , lợi_ích phát_sinh từ quan_hệ dân_sự như tranh_chấp phát_sinh từ các quan_hệ về tài_sản , quan_hệ hợp_đồng dân_sự , nghĩa_vụ dân_sự , thừa_kế , quyền sử_dụng đất ; 

c ) Tranh_chấp về quyền , lợi_ích phát_sinh từ quan_hệ hôn_nhân gia_đình như : thực_hiện quyền và nghĩa_vụ của vợ , chồng ;  quyền và nghĩa_vụ của cha_mẹ và con ;  nhận nuôi con_nuôi ;  ly_hôn ;  yêu_cầu cấp_dưỡng ; 

d ) Tranh_chấp phát_sinh từ những việc vi_phạm pháp_luật mà theo quy_định của pháp_luật , những việc vi_phạm đó chưa đến mức bị xử_lý bằng biện_pháp hình_sự hoặc biện_pháp hành_chính như trộm_cắp vặt , đánh chửi nhau gây mất trật_tự công_cộng , đánh nhau gây thương_tích nhẹ , va_quệt xe_cộ gây thương_tích nhẹ . 

2 . Không hòa giải các vụ_việc sau đây : 

a ) Các tội_phạm hình_sự . 

Riêng đối_với các hành_vi vi_phạm_pháp luật hình_sự mà người bị_hại đã không yêu_cầu hoặc rút yêu_cầu khởi_tố vụ án hình_sự theo quy_định của <BL rel="Reference"> Bộ luật Tố_tụng_hình_sự </BL> , Viện_Kiểm_sát hoặc Tòa_án không tiếp_tục tiến_hành việc tố_tụng và không bị cơ_quan nhà_nước có thẩm_quyền xử_lý vi_phạm hành_chính theo quy_định của pháp_luật đối_với các hành_vi như : cố_ý gây thương_tích hoặc gây tổn_hại cho sức_khỏe của người khác thì có_thể hòa giải ;
b ) Hành_vi vi_phạm pháp_luật bị xử_lý vi_phạm hành_chính bao_gồm : 

- Hành_vi cố_ý hoặc vô_ý vi_phạm các quy_tắc quản_lý nhà_nước mà chưa đến mức truy_cứu trách_nhiệm hình_sự và theo quy_định của pháp_luật phải bị xử_lý vi_phạm hành_chính ; 

- Hành_vi vi_phạm pháp_luật về an_ninh , trật_tự , an_toàn xã_hội nhưng chưa đến mức truy_cứu trách_nhiệm hình_sự và theo quy_định của pháp_luật phải bị áp_dụng các biện_pháp xử_lý vi_phạm hành_chính như : giáo_dục tại xã , phường , thị_trấn ;  đưa vào trường_giáo_dưỡng ;  đưa vào cơ_sở giáo_dục ;  đưa vào cơ_sở chữa bệnh ;  quản_chế hành_chính . 

c ) Các vi_phạm pháp_luật và tranh_chấp mà theo quy_định của pháp_luật không được hòa giải quy_định tại điểm c khoản 2 Điều 3 của <PL rel="Reference"> Pháp_lệnh về Tổ_chức và hoạt_động hòa giải ở cơ_sở </PL> bao_gồm :
Kết_hôn trái pháp_luật ; 

Gây thiệt_hại đến tài_sản nhà_nước ; 

Tranh_chấp phát_sinh từ giao_dịch trái pháp_luật ; 

Tranh_chấp về lao_động . 

Điều 5 .  Trách_nhiệm của Bộ Tư_pháp và ủy_ban nhân_dân các cấp về công_tác hòa giải ở cơ_sở 

1 . Bộ Tư_pháp có trách_nhiệm : 

Dự_thảo văn_bản quy_phạm pháp_luật về tổ_chức và hoạt_động hòa giải_trình Chính_phủ ban_hành hoặc ban_hành theo thẩm_quyền ; 

Hướng_dẫn về tổ_chức và hoạt_động hòa_giải trong phạm_vi cả nước ; 

Tổ_chức bồi_dưỡng và hướng_dẫn các Sở Tư_pháp tổ_chức bồi_dưỡng về đường_lối , chính_sách của Đảng , pháp_luật của Nhà_nước , nâng cao nghiệp_vụ hòa giải cho người làm công_tác hòa giải ; 

Sơ_kết , tổng_kết công_tác hòa_giải của Tổ_hòa giải trong phạm_vi cả nước . 

2 . ủy_ban nhân_dân các cấp thực_hiện quản_lý nhà_nước về công_tác hòa_giải theo sự chỉ_đạo và hướng_dẫn của Bộ Tư_pháp . 

Điều 6 .  Trách_nhiệm của các cơ_quan tư_pháp địa_phương về công_tác hòa giải ở cơ_sở 

1 . Sở Tư_pháp có trách_nhiệm : 

a ) Dự_thảo văn_bản quy_phạm pháp_luật về công_tác hòa giải_trình ủy_ban nhân_dân cấp tỉnh ban_hành ; 

b ) Theo sự chỉ_đạo của Bộ Tư_pháp và ủy_ban nhân_dân cấp tỉnh , hướng_dẫn việc thực_hiện quy_định của cấp trên về tổ_chức và hoạt_động hòa_giải trong phạm_vi địa_phương ; 

c ) Tổ_chức bồi_dưỡng và hướng_dẫn Phòng Tư_pháp tổ_chức bồi_dưỡng về đường_lối , chính_sách của Đảng , pháp_luật của Nhà_nước , nâng cao nghiệp_vụ hòa giải cho người làm công_tác hòa giải ; 

d ) Sơ_kết , tổng_kết và báo_cáo ủy_ban nhân_dân cấp tỉnh và Bộ Tư_pháp về công_tác hòa_giải của tổ hòa giải ở địa_phương ;  tổ_chức thi_đua , khen_thưởng công_tác hòa giải ở địa_phương . 

2 . Phòng Tư_pháp có trách_nhiệm : 

a ) Theo sự chỉ_đạo của cơ_quan tư_pháp cấp trên và ủy_ban nhân_dân cấp huyện , hướng_dẫn các Ban Tư_pháp triển_khai thực_hiện các quy_định về công_tác hòa giải ở địa_phương ;  đề_xuất với ủy_ban nhân_dân cấp huyện biện_pháp kiện_toàn tổ_chức và nâng cao hiệu_quả hoạt_động hòa giải ở địa_phương ; 

b ) Tổ_chức bồi_dưỡng nghiệp_vụ hòa giải ở địa_phương theo hướng_dẫn của cơ_quan Tư_pháp cấp trên ; 

c ) Sơ_kết , tổng_kết công_tác hòa_giải của Tổ_hòa giải ở địa_phương và báo_cáo về công_tác hòa_giải với ủy_ban nhân_dân cấp huyện và cơ_quan tư_pháp cấp trên ;  tổ_chức thi_đua , khen_thưởng công_tác hòa_giải của Tổ_hòa giải ở địa_phương . 

3 . Ban Tư_pháp có trách_nhiệm : 

a ) Thực_hiện việc bồi_dưỡng nghiệp_vụ hòa_giải , cung_cấp tài_liệu nghiệp_vụ cho tổ hòa giải ở địa_phương theo sự hướng_dẫn của cơ_quan tư_pháp cấp trên ; 

b ) Sơ_kết , tổng_kết công_tác hòa_giải của Tổ_hòa giải ở địa_phương , báo_cáo công_tác hòa_giải với ủy_ban nhân_dân xã , phường , thị_trấn và cơ_quan tư_pháp cấp trên ;  tổ_chức thi_đua , khen_thưởng công_tác hòa giải ở địa_phương 

Điều 7 .  Tổ_hòa_giải 

1 . Tổ_hòa giải ở cơ_sở là tổ_chức tự_quản của nhân_dân được thành_lập ở thôn , xóm , bản , ấp , tổ dân_phố và các cụm dân_cư khác để thực_hiện hoặc tổ_chức thực_hiện việc hòa giải . 

2 . Tổ_hòa giải có Tổ_trưởng và các tổ_viên . 

Mỗi Tổ_hòa giải có từ 3 tổ_viên trở lên .  Căn_cứ đặc_điểm , tình_hình_cụ_thể của cụm dân_cư và kết_quả cuộc họp thôn , xóm , bản , ấp , tổ dân_phố , kết_quả cuộc họp chủ_hộ hoặc kết_quả phiếu lấy ý_kiến chủ_hộ , Chủ_tịch ủy_ban nhân_dân xã , phường , thị_trấn quyết_định số_lượng tổ hòa giải ở địa_phương . 

Điều 8 .  Thủ_tục bầu tổ_viên , tổ_trưởng tổ hòa_giải 

1 . ủy_ban Mặt_trận Tổ_quốc xã , phường , thị_trấn phối_hợp với các tổ_chức thành_viên của Mặt_trận lựa_chọn , giới_thiệu người để nhân_dân bầu tổ_viên tổ hòa giải . Công_dân từ 18 tuổi trở lên , có năng_lực hành_vi dân_sự và có đủ các tiêu_chuẩn quy_định tại Điều 9 của <PL rel="Reference"> Pháp_lệnh về Tổ_chức và hoạt_động hòa giải ở cơ_sở </PL> đều có quyền đề_cử , ứng_cử vào danh_sách bầu tổ_viên tổ hòa giải .
2 . Việc bầu tổ_viên tổ hòa giải được tổ_chức ở thôn , xóm , bản , ấp , tổ dân_phố và cụm dân_cư nơi Tổ_hòa giải hoạt_động và được tiến_hành theo một trong các hình_thức sau đây : 

Họp nhân_dân bàn , biểu_quyết công_khai hoặc bỏ_phiếu kín ; 

Họp chủ_hộ trong thôn , xóm , bản , ấp , tổ dân_phố , biểu_quyết công_khai hoặc bỏ_phiếu kín . 

Những người tham_dự họp nhân_dân hoặc đại_diện cho chủ_hộ trong cuộc họp chủ_hộ phải là người từ 18 tuổi trở lên và có năng_lực hành_vi dân_sự . 

Các cuộc họp nói trên được tiến_hành khi có ít_nhất 2/3 số người trong diện họp tham_dự . 

c ) Trong trường_hợp không tổ_chức họp được thì phát phiếu lấy ý_kiến chủ_hộ gia_đình . 

Người được bầu là tổ_viên Tổ_hòa giải phải được quá nửa số người tham_gia bầu tán_thành . 

3 . Tổ_trưởng tổ hòa giải do các tổ_viên tổ hòa giải bầu trong số tổ_viên của tổ . 

4 . Trưởng_thôn , xóm , bản , ấp , tổ dân_phố tổ_chức và chủ_trì các cuộc họp nhân_dân , họp chủ_hộ để bầu tổ_viên Tổ_hòa giải hoặc tổ_chức việc phát phiếu lấy ý_kiến chủ_hộ . 

Biên_bản bầu tổ_viên tổ hòa_giải trong các cuộc họp nhân_dân , họp chủ_hộ , biên_bản kết_quả phiếu lấy ý_kiến chủ_hộ và biên_bản bầu Tổ_trưởng Tổ_hòa giải được gửi đến Chủ_tịch ủy_ban nhân_dân xã , phường , thị_trấn xem_xét để công_nhận thành_phần Tổ_hòa giải . 

Điều 9 .  Miễn_nhiệm tổ_viên tổ hòa_giải 

1 . Việc miễn_nhiệm tổ_viên Tổ_hòa giải được thực_hiện trong những trường_hợp sau đây : 

a ) Có hành_vi vi_phạm pháp_luật ; 

b ) Có hành_vi trái đạo_đức xã_hội ; 

c ) Thiếu nhiệt_tình trong hoạt_động hòa giải ; 

d ) Theo nguyện_vọng cá_nhân xin rút khỏi tổ hòa giải . 

2 . Căn_cứ biên_bản họp nhân_dân , họp chủ_hộ hoặc kết_quả phiếu lấy ý_kiến chủ_hộ về việc miễn_nhiệm tổ_viên Tổ_hòa giải do Trưởng_thôn , xóm , bản , ấp , tổ dân_phố chủ_trì , Ban Tư_pháp đề_nghị bằng văn_bản để Chủ_tịch ủy_ban nhân_dân cùng cấp xem_xét , quyết_định việc miễn_nhiệm . 

Điều 10 .  Tổ_trưởng tổ hòa_giải 

1 . Tổ_trưởng Tổ_hòa giải là người phụ_trách Tổ_hòa giải , đồng_thời tham_gia hoạt_động hòa_giải với tư_cách là tổ_viên Tổ_hòa giải . 

2 . Tổ_trưởng tổ hòa giải có các quyền_hạn , nhiệm_vụ sau đây : 

a ) Phân_công , điều hòa , phối_hợp hoạt_động của tổ_viên Tổ_hòa giải ;  phối_hợp với các tổ hòa_giải trong việc nâng cao nghiệp_vụ và trong hoạt_động hòa giải tranh_chấp liên_quan đến địa_bàn hoạt_động của các Tổ_hòa giải đó ; 

b ) Tổ_chức các cuộc họp định_kỳ và đột_xuất để rút kinh_nghiệm về công_tác hòa_giải và đề_xuất với ủy_ban nhân_dân xã , phường , thị_trấn về các biện_pháp nâng cao hiệu_quả của công_tác hòa_giải ;  cung_cấp tài_liệu và các thông_tin nâng cao nghiệp_vụ hòa giải ; 

c ) Báo_cáo định_kỳ và đột_xuất về công_tác hòa giải cho ủy_ban nhân_dân xã , phường , thị_trấn và ủy_ban Mặt_trận Tổ_quốc cùng cấp ; 

Đại_diện cho Tổ_hòa giải trong quan_hệ với Trưởng_thôn , xóm , bản , ấp , Tổ_trưởng tổ dân_phố , cụm dân_cư và với các cơ_quan nhà_nước , tổ_chức chính_trị-xã_hội ở cơ_sở . 

Điều 11 .  Tổ_viên tổ hòa_giải 

1 . Hòa_giải các vụ_việc theo quy_định tại khoản 1 Điều 4 của Nghị_định này ; 

2 . Thông_qua hoạt_động hòa giải , tuyên_truyền , vận_động nhân_dân nghiêm_chỉnh chấp_hành pháp_luật ; 

3 . Đối_với những tranh_chấp không thuộc phạm_vi hòa giải có_thể ảnh_hưởng đến trật_tự , an_ninh ở địa_phương , thì tổ_viên Tổ_hòa giải phải báo_cáo ủy_ban nhân_dân xã , phường , thị_trấn để xem_xét và có biện_pháp giải_quyết . 

Điều 12 .  Tiến_hành việc hòa_giải 

1 . Tổ_viên Tổ_hòa giải chủ_động tiến_hành hòa giải hoặc mời người_ngoài Tổ_hòa giải thực_hiện việc hòa_giải theo sáng_kiến của mình trong trường_hợp trực_tiếp chứng_kiến hoặc biết về việc tranh_chấp ; 

2 . Theo phân_công của Tổ_trưởng Tổ_hòa giải ; 

3 . Theo đề_nghị của các cơ_quan , tổ_chức hoặc cá_nhân ; 

4 . Theo yêu_cầu của một hoặc các bên tranh_chấp . 

Điều 13 .  Thời_gian , địa_điểm tiến_hành việc hòa_giải 

1 . Việc hòa giải được tiến_hành vào thời_gian mà các đương_sự yêu_cầu hoặc theo sáng_kiến của tổ_viên Tổ_hòa giải . 

Việc hòa giải có_thể được tiến_hành theo sáng_kiến của tổ_viên Tổ_hòa giải ngay tại thời_điểm xảy ra tranh_chấp , nếu tổ_viên Tổ_hòa giải là người chứng_kiến và xét thấy cần_thiết phải hòa_giải ngay . 

2 . Tổ_viên Tổ_hòa giải lựa_chọn địa_điểm thuận_lợi cho việc hòa giải , phù_hợp với nguyện_vọng của các bên . 

Điều 14 .  Người tiến_hành hòa_giải 

1 . Việc hòa giải có_thể do một hoặc một_số tổ_viên Tổ_hòa giải tiến_hành . 

2 . Tổ_viên Tổ_hòa giải có_thể mời người_ngoài Tổ_hòa giải thực_hiện việc hòa giải hoặc cùng tham_gia hòa giải .  Người được mời có_thể là người có trình_độ pháp_lý , có kiến_thức xã_hội và có uy_tín đối_với các bên tranh_chấp .  Trong từng trường_hợp cụ_thể , người được mời có_thể là người thân_thích , bạn_bè , người hàng_xóm của một hoặc các bên , người cao_tuổi , người biết rõ nguyên_nhân tranh_chấp . 

3 . Tổ_viên Tổ_hòa giải không tiến_hành việc hòa_giải nếu họ là người có liên_quan đến vụ_việc cần được hòa giải hoặc vì những lý_do cá_nhân khác mà không_thể bảo_đảm hòa giải được khách_quan hoặc không đem lại kết_quả . 

Trong trường_hợp không_thể tiếp_tục tiến_hành hòa giải , tổ_viên Tổ_hòa giải có trách_nhiệm báo_cáo kịp_thời cho Tổ_trưởng và bàn_giao công_việc cho tổ_viên khác được Tổ_trưởng phân_công . 

Điều 15 .  Hòa giải tranh_chấp mà các đương_sự ở các cụm dân_cư khác nhau 

1 . Tổ_trưởng hoặc người được Tổ_trưởng phân_công hòa giải thực_hiện . 

2 . Các tổ_viên là người thực_hiện việc hòa giải có_thể trực_tiếp phối_hợp với nhau , nhưng phải báo_cáo ngay với Tổ_trưởng về việc phối_hợp thực_hiện việc hòa giải . 

Điều 16 .  Kết_thúc việc hòa_giải 

1 . Việc hòa giải được kết_thúc khi các bên đã đạt được thỏa_thuận và tự_nguyện thực_hiện thỏa_thuận đó . 

Trong trường_hợp việc thực_hiện thỏa_thuận có khó_khăn , thì tổ_viên Tổ_hòa_giải động_viên , thuyết_phục các bên thực_hiện thỏa_thuận và có_thể đề_nghị Trưởng_thôn , xóm , bản , ấp , tổ dân_phố hoặc kiến_nghị với ủy_ban nhân_dân xã , phường , thị_trấn tạo điều_kiện để các bên tự_nguyện thực_hiện thỏa_thuận . 

2 . Trong trường_hợp các bên không_thể đạt được thỏa_thuận và việc tiếp_tục hòa giải không_thể đạt kết_quả , thì tổ_viên Tổ_hòa giải hướng_dẫn cho các bên làm thủ_tục cần_thiết để đề_nghị cơ_quan nhà_nước có thẩm_quyền giải_quyết .  Đối_với tranh_chấp phức_tạp , mâu_thuẫn giữa các bên gay_gắt , có_thể gây hậu_quả ảnh_hưởng đến an_ninh , trật_tự trong địa_bàn dân_cư , thì tổ_viên Tổ_hòa giải kịp_thời báo_cáo cho Tổ_trưởng Tổ_hòa giải để kiến_nghị cơ_quan có thẩm_quyền có biện_pháp giải_quyết . 

Điều 17 .  Khen_thưởng 

1 . Tổ_hòa giải và tổ_viên Tổ_hòa giải có thành_tích trong công_tác hòa giải thì được khen_thưởng . 

Đối_với việc khen_thưởng ở xã , phường , thị_trấn , Ban Tư_pháp phối_hợp với Ban_công_tác mặt_trận , lập danh_sách người được khen_thưởng trên cơ_sở bình_xét trong các tổ hòa giải để đề_nghị Chủ_tịch ủy_ban nhân_dân xã , phường , thị_trấn khen_thưởng . 

Phòng Tư_pháp lập danh_sách người được khen_thưởng ở cấp huyện trình Chủ_tịch ủy_ban nhân_dân cấp huyện khen_thưởng . 

Sở Tư_pháp báo_cáo ủy_ban nhân_dân tỉnh , thành_phố trực_thuộc Trung_ương và tổ_chức việc khen_thưởng ở cấp tỉnh ;  báo_cáo Bộ Tư_pháp về công_tác thi_đua , khen_thưởng để tổ_chức việc khen_thưởng ở cấp Bộ . 

2 . Cơ_quan nhà_nước , tổ_chức chính_trị-xã_hội , tổ_chức xã_hội và cá_nhân có thành_tích trong việc xây_dựng , củng_cố tổ_chức và nâng cao hiệu_quả hoạt_động hòa giải ở cơ_sở thì được khen_thưởng . 

Điều 18 .  Xử_lý vi_phạm 

Người nào có hành_vi vi_phạm <PL rel="Reference"> Pháp_lệnh về Tổ_chức và hoạt_động hòa giải ở cơ_sở </PL> và Nghị_định này và các quy_định khác của pháp_luật về hòa giải ở cơ_sở , thì tùy theo tính_chất , mức_độ vi_phạm mà bị xử_lý kỷ_luật , xử_phạt hành_chính hoặc bị truy_cứu trách_nhiệm hình_sự theo quy_định của pháp_luật .
Điều 19 .  Việc công_nhận các tổ hòa giải được thành_lập trước ngày Pháp_lệnh về Tổ_chức và hoạt_động hòa giải ở cơ_sở có hiệu_lực 

Các tổ hòa giải được thành_lập trước ngày Pháp_lệnh về Tổ_chức và hoạt_động hòa giải ở cơ_sở có hiệu_lực đều được ủy_ban nhân_dân xã , phường , thị_trấn nơi Tổ_hòa giải đó hoạt_động củng_cố , kiện_toàn , công_nhận và cho tiếp_tục hoạt_động . 

Điều 20 .  Hiệu_lực thi_hành 

Nghị_định này có hiệu_lực sau 15 ngày , kể từ ngày ký . 

Bộ Tư_pháp có trách_nhiệm hướng_dẫn thi_hành Nghị_định này . 

Các Bộ_trưởng , Thủ_trưởng cơ_quan ngang Bộ , Thủ_trưởng cơ_quan thuộc Chính_phủ , Chủ_tịch ủy_ban nhân_dân các tỉnh , thành_phố trực_thuộc Trung_ương chịu trách_nhiệm thi_hành Nghị_định này ./. 

TM .  CHÍNH_PHỦ 

THỦ_TƯỚNG 

( Đã ký ) 

Phan_Văn_Khải 