Thông tư Quy định việc xét duyệt, thẩm định, phê duyệt nhiệm vụ được hỗ trợ kinh phí từ ngân sách nhà nước chi sự nghiệp khoa học và công nghệ thuộc Dự án đầu tư sản xuất sản phẩm quốc gia

Căn_cứ <L rel="Pursuant"> Luật_Khoa_học và công_nghệ ngày 18 tháng 6 năm 2013 </L> ;
Căn_cứ <NĐ rel="Pursuant"> Nghị_định số 08/2014/NĐ-CP ngày 27 tháng 01 năm 2014 </NĐ> của Chính_phủ quy_định chi_tiết và hướng_dẫn thi_hành một_số điều của <L rel="Others"> Luật_Khoa_học và công_nghệ </L> ;
Căn_cứ <NĐ rel="Pursuant"> Nghị_định số 20/2013/NĐ-CP ngày 26 tháng 02 năm 2013 </NĐ> của Chính_phủ quy_định chức_năng , nhiệm_vụ , quyền_hạn và cơ_cấu tổ_chức của Bộ Khoa_học và Công_nghệ ;
Căn_cứ <QĐ rel="Pursuant"> Quyết_định số 2441/QĐ-TTg ngày 31 tháng 12 năm 2010 </QĐ> của Thủ_tướng Chính_phủ về việc phê_duyệt Chương_trình phát_triển sản_phẩm quốc_gia đến năm 2020 ;
Điều 1 .  Phạm_vi điều_chỉnh và đối_tượng áp_dụng 

1 . Thông_tư này quy_định việc xét_duyệt , thẩm_định , phê_duyệt nhiệm_vụ được hỗ_trợ kinh_phí từ ngân_sách nhà_nước chi sự_nghiệp khoa_học và công_nghệ ( KH & CN ) thuộc Dự_án đầu_tư_sản_xuất sản_phẩm quốc_gia ( sau đây viết tắt là Dự_án đầu_tư SPQG ) . 

Các dự_án đầu_tư nâng cao tiềm_lực KH & CN phục_vụ phát_triển sản_phẩm quốc_gia được hỗ_trợ kinh_phí từ ngân_sách chi đầu_tư phát_triển không thuộc phạm_vi điều_chỉnh của Thông_tư này . 

2 . Thông_tư này áp_dụng với cơ_quan , tổ_chức và cá_nhân có liên_quan đến việc quản_lý và thực_hiện nhiệm_vụ được hỗ_trợ kinh_phí từ ngân_sách nhà_nước chi sự_nghiệp KH & CN thuộc Dự_án đầu_tư SPQG của Chương_trình phát_triển sản_phẩm quốc_gia đến năm 2020 . 

Điều 2 .  Giải_thích từ_ngữ 

1 . Nhiệm_vụ được hỗ_trợ kinh_phí từ ngân_sách nhà_nước chi sự_nghiệp KH & CN thuộc Dự_án đầu_tư SPQG ( sau đây viết tắt là nhiệm_vụ thuộc Dự_án đầu_tư SPQG ) là việc nghiên_cứu ứng_dụng các kết_quả của nhiệm_vụ KH & CN hoặc tiếp_nhận chuyển_giao công_nghệ mới , tiên_tiến từ các nguồn khác nhằm làm_chủ , hoàn_thiện và ổn_định công_nghệ để sản_xuất SPQG , bao_gồm các loại_hình sau đây : 

a ) Chuyển_giao công_nghệ sản_xuất SPQG : tiếp_nhận chuyển_giao bí_quyết kỹ_thuật ;  phương_án công_nghệ , quy_trình công_nghệ , giải_pháp kỹ_thuật , công_thức , thông_số kỹ_thuật , bản_vẽ , sơ_đồ kỹ_thuật , chương_trình máy_tính , thông_tin dữ_liệu ;  giải_pháp hợp_lý_hóa sản_xuất , đổi_mới công_nghệ ;  mua_sắm , nhập_khẩu máy_móc thiết_bị chuyên_dụng trong nước chưa sản_xuất được phục_vụ nghiên_cứu công_nghệ sản_xuất SPQG ; 

b ) Ứng_dụng công_nghệ sản_xuất SPQG : hoàn_thiện quy_trình công_nghệ , giải_pháp KH & CN ;  xây_dựng các phần_mềm máy_tính ;  thử_nghiệm , phân_tích , kiểm_tra , đánh_giá chất_lượng sản_phẩm ;  sản_xuất lô số không . 

2 . Lô số không là lô sản_phẩm được sản_xuất thử trên hệ_thống_thiết_bị , dây_chuyền công_nghệ đã được hoàn_thiện ( đối_với các sản_phẩm sản_xuất theo phương_thức công_nghiệp ) hoặc mô_hình sản_xuất thí_điểm , thử_nghiệm ( đối_với các sản_phẩm sản_xuất theo phương_thức khác ) nhằm ổn_định công_nghệ , quy_mô sản_xuất , chất_lượng sản_phẩm trước khi đưa vào sản_xuất hàng_loạt . 

3 . Đơn_vị quản_lý SPQG là đơn_vị có chức_năng quản_lý nhà_nước của Cơ_quan chủ_quản SPQG được Thủ_trưởng Cơ_quan chủ_quản SPQG giao trách_nhiệm quản_lý các đề_án , dự_án phát_triển SPQG . 

Vụ KH & CN các ngành kinh_tế-kỹ_thuật thuộc Bộ Khoa_học và Công_nghệ ( Bộ KH & CN ) là đơn_vị đầu_mối quản_lý Chương_trình phát_triển sản_phẩm quốc_gia đến năm 2020 , đồng_thời là Đơn_vị quản_lý SPQG của Bộ KH & CN . 

Điều 3 .  Áp_dụng văn_bản pháp_luật 

1 . Cơ_chế phối_hợp giữa Bộ KH & CN , Cơ_quan chủ_quản SPQG , Ban chủ_nhiệm chương_trình , Đơn_vị quản_lý SPQG , tổ_chức chủ_trì Dự_án đầu_tư SPQG , giám_đốc Dự_án đầu_tư SPQG , chủ_nhiệm nhiệm_vụ thuộc Dự_án đầu_tư SPQG và các tổ_chức , cá_nhân có liên_quan trong quá_trình xét_duyệt , thẩm_định , phê_duyệt nhiệm_vụ thuộc Dự_án đầu_tư SPQG được hỗ_trợ kinh_phí từ ngân_sách nhà_nước chi sự_nghiệp KH & CN thực_hiện theo quy_định tại <TT rel="Reference"> Thông_tư hướng_dẫn quản_lý Chương_trình phát_triển SPQG đến năm 2020 </TT> của Bộ Khoa_học và Công_nghệ và các văn_bản khác có liên_quan .
2 . Nguyên_tắc làm_việc và trách_nhiệm của các hội_đồng xét_duyệt và hội_đồng thẩm_định quy_định tại Điều 7 và Điều 11 của Thông_tư này được áp_dụng theo Điều 10 <TT rel="Reference"> Thông_tư số 10/2014/TT-BKHCN ngày 30 tháng 5 năm 2014 </TT> của Bộ Khoa_học và Công_nghệ quy_định tuyển_chọn , giao trực_tiếp tổ_chức và cá_nhân thực_hiện nhiệm_vụ khoa_học và công_nghệ cấp quốc_gia sử_dụng ngân_sách nhà_nước .
3 . Tư_vấn độc_lập : quy_định về chuyên_gia_tư_vấn độc_lập , thủ_tục lấy ý_kiến và trách_nhiệm của chuyên_gia_tư_vấn độc_lập được áp_dụng theo Điều 16 , Điều 17 và Điều 18 <TT rel="Reference"> Thông_tư số 10/2014/TT-BKHCN </TT> của Bộ Khoa_học và Công_nghệ .
Điều 4 .  Yêu_cầu đối_với Dự_án đầu_tư SPQG được hỗ_trợ kinh_phí từ ngân_sách nhà_nước chi sự_nghiệp KH & CN 

1 . Dự_án đầu_tư SPQG ( bao_gồm cả dự_án đầu_tư mới hoặc dự_án đầu_tư mở_rộng ) được hỗ_trợ kinh_phí từ ngân_sách nhà_nước chi sự_nghiệp KH & CN phải có xuất_xứ từ kết_quả của nhiệm_vụ KH & CN hoặc tiếp_nhận công_nghệ chuyển_giao từ các nguồn trong và ngoài nước để sản_xuất SPQG trong khuôn_khổ Đề_án khung phát_triển SPQG đã được phê_duyệt . 

2 . Trình_tự , thủ_tục đầu_tư của Dự_án đầu_tư SPQG được thực_hiện theo <L rel="Reference"> Luật_Đầu_tư </L> , <L rel="Reference"> Luật_Đầu_tư công </L> và các văn_bản quy_phạm pháp_luật có liên_quan .
3 . Việc thẩm_định cơ_sở khoa_học , thẩm_định và giám_định công_nghệ của Dự_án đầu_tư SPQG được thực_hiện theo quy_định của <L rel="Reference"> Luật Chuyển_giao công_nghệ </L> và các văn_bản quy_phạm pháp_luật có liên_quan .
4 . Nội_dung đề_nghị hỗ_trợ kinh_phí từ ngân_sách nhà_nước chi sự_nghiệp KH & CN cho các nhiệm_vụ thuộc Dự_án đầu_tư SPQG không được trùng_lặp với các nội_dung của dự_án KH & CN phát_triển SPQG hoặc nhiệm_vụ KH & CN khác đã được hỗ_trợ từ nguồn ngân_sách . 

Điều 5 .  Hồ_sơ đăng_ký xét_duyệt 

1 . Tổ_chức chủ_trì Dự_án đầu_tư SPQG lập hồ_sơ đăng_ký xét_duyệt theo quy_định tại khoản 2 Điều này gửi cơ_quan có thẩm_quyền xét_duyệt , thẩm_định và phê_duyệt kinh_phí hỗ_trợ từ ngân_sách nhà_nước trước khi tiến_hành thủ_tục đầu_tư . 

2 . Hồ_sơ đăng_ký xét_duyệt gồm các tài_liệu sau : 

a ) 01 Đơn đăng_ký của tổ_chức chủ_trì Dự_án đầu_tư SPQG theo mẫu A1-ĐK-DAĐT-SPQG quy_định tại Phụ_lục I của Thông_tư này ; 

b ) 01 bản_chính Thuyết_minh về Dự_án đầu_tư SPQG theo mẫu A2-TMDA-DAĐT-SPQG và bản_chính các Thuyết_minh nhiệm_vụ thuộc Dự_án đầu_tư SPQG theo mẫu A3-TMNV-DAĐT-SPQG quy_định tại Phụ_lục I của Thông_tư này ; 

c ) Báo_cáo nghiên_cứu tiền khả_thi hoặc báo_cáo kinh_tế-kỹ_thuật của Dự_án đầu_tư SPQG và các văn_bản pháp_lý có liên_quan ( nếu có ) ; 

d ) Báo_cáo kết_quả thẩm_định cơ_sở khoa_học , thẩm_định và giám_định công_nghệ của dự_án theo quy_định của <L rel="Reference"> Luật Chuyển_giao công_nghệ </L> và các văn_bản quy_phạm pháp_luật có liên_quan ;
đ ) Bản_sao có chứng_thực của 01 trong các văn_bản : Quyết_định thành_lập , Giấy chứng_nhận đăng_ký hoạt_động KH & CN , văn_bản đăng_ký hoạt_động_sản_xuất , kinh_doanh của tổ_chức chủ_trì Dự_án đầu_tư SPQG ; 

e ) 01 Báo_cáo tóm_tắt hoạt_động KH & CN , sản_xuất kinh_doanh của tổ_chức chủ_trì Dự_án đầu_tư SPQG . 

3 . Nộp hồ_sơ : Tổ_chức chủ_trì Dự_án đầu_tư SPQG gửi trực_tiếp về Cơ_quan chủ_quản SPQG 01 bộ hồ_sơ gốc ( có dấu và chữ_ký trực_tiếp ) đóng_thành 01 tập , trình_bày và in trên khổ giấy A4 , sử_dụng phông_chữ tiếng Việt của bộ mã ký_tự Unicode theo tiêu_chuẩn Việt_Nam TCVN 6909 : 2001 , cỡ chữ 13 hoặc 14 và một bản điện_tử ( dạng PDF , không cài bảo_mật ) các tài_liệu của hồ_sơ quy_định tại khoản 2 Điều này . 

Tài_liệu thuộc hồ_sơ được đóng_gói trong túi hồ_sơ có niêm_phong và bên ngoài ghi rõ : 

a ) Tên hồ_sơ : Hồ_sơ đăng_ký xét_duyệt Dự_án đầu_tư SPQG ; 

b ) Nơi nhận hồ_sơ : Tên , địa_chỉ Cơ_quan chủ_quản SPQG ; 

c ) Tên Dự_án đầu_tư SPQG ; 

d ) Tên , địa_chỉ của tổ_chức chủ_trì Dự_án đầu_tư SPQG ; 

đ ) Danh_sách họ , tên của giám_đốc dự_án và các chủ_nhiệm nhiệm_vụ thuộc Dự_án đầu_tư SPQG ; 

e ) Danh_mục tài_liệu có trong hồ_sơ . 

Điều 6 .  Tiếp_nhận và xử_lý hồ_sơ đăng_ký xét_duyệt 

1 . Cơ_quan chủ_quản SPQG tiếp_nhận hồ_sơ đăng_ký xét_duyệt của các tổ_chức chủ_trì Dự_án đầu_tư SPQG và giao cho Đơn_vị quản_lý SPQG thụ_lý hồ_sơ .  Trong vòng 10 ngày làm_việc , Đơn_vị quản_lý SPQG chủ_trì , phối_hợp với các đơn_vị có liên_quan tiến_hành mở , kiểm_tra tính đầy_đủ và hợp_lệ của hồ_sơ với sự tham_dự của đại_diện tổ_chức chủ_trì Dự_án đầu_tư SPQG . 

2 . Đối_với các hồ_sơ không đáp_ứng yêu_cầu quy_định tại Điều 5 của Thông_tư này , chậm nhất 03 ngày làm_việc sau ngày mở hồ_sơ , Đơn_vị quản_lý SPQG có trách_nhiệm thông_báo bằng văn_bản cho tổ_chức chủ_trì Dự_án đầu_tư SPQG biết nội_dung yêu_cầu bổ_sung hoặc thay_thế tài_liệu của hồ_sơ và quy_định cụ_thể thời_hạn tiếp_nhận . 

3 . Đơn_vị quản_lý SPQG chủ_trì , phối_hợp với các đơn_vị có liên_quan căn_cứ vào các quy_định tại <TT rel="Reference"> Thông_tư hướng_dẫn quản_lý Chương_trình phát_triển SPQG đến năm 2020 </TT> của Bộ KH & CN , Đề_án khung phát_triển SPQG và các văn_bản khác có liên_quan xem_xét , lựa_chọn hồ_sơ đáp_ứng các yêu_cầu để xây_dựng danh_mục sơ_bộ các Dự_án đầu_tư SPQG và các nhiệm_vụ thuộc Dự_án đầu_tư SPQG để đưa ra hội_đồng xét_duyệt theo mẫu A4-DMSB-DAĐT-SPQG quy_định tại Phụ_lục I của Thông_tư này , trình thủ_trưởng Cơ_quan chủ_quản SPQG quyết_định .
Điều 7 .  Hội_đồng xét_duyệt 

1 . Tổ_chức hội_đồng 

a ) Hội_đồng xét_duyệt do thủ_trưởng Cơ_quan chủ_quản SPQG thành_lập trên cơ_sở đề_xuất của Đơn_vị quản_lý SPQG .  Hội_đồng có trách_nhiệm tư_vấn xét_duyệt hồ_sơ Dự_án đầu_tư SPQG và các nhiệm_vụ thuộc Dự_án đầu_tư SPQG . 

b ) Hội_đồng có 09 thành_viên , gồm : chủ_tịch ;  phó_chủ_tịch ;  thư_ký hội_đồng ;  02 ủy_viên phản_biện đối_với từng nhiệm_vụ và các ủy_viên là các chuyên_gia khoa_học , cán_bộ quản_lý , chuyên_gia kinh_tế , trong đó 01 ủy_viên là đại_diện Đơn_vị quản_lý SPQG .  Cá_nhân thuộc tổ_chức chủ_trì hoặc tham_gia thực_hiện Dự_án đầu_tư SPQG không là thành_viên của hội_đồng . 

Trường_hợp đặc_biệt cần thay_đổi về số_lượng thành_viên và cơ_cấu hội_đồng thì Thủ_trưởng Cơ_quan chủ_quản SPQG xem_xét , quyết_định . 

c ) Thư_ký hành_chính của hội_đồng : 01 người thuộc Đơn_vị quản_lý SPQG và 01 người thuộc Đơn_vị quản_lý kinh_phí SPQG . 

d ) Đơn_vị quản_lý SPQG có trách_nhiệm tổ_chức các phiên họp hội_đồng .  Thời_điểm họp hội_đồng không quá 15 ngày làm_việc kể từ khi tiếp_nhận hồ_sơ đầy_đủ , hợp_lệ .  Kinh_phí họp hội_đồng lấy từ ngân_sách nhà_nước chi cho hoạt_động chung của Chương_trình phát_triển SPQG đến năm 2020 được phân_bổ về Văn_phòng các chương_trình KH & CN quốc_gia ( đối_với các SPQG do Bộ KH & CN quản_lý ) hoặc Đơn_vị quản_lý kinh_phí ( đối_với các SPQG do Bộ ngành quản_lý ) . 

2 . Đại_biểu mời tham_dự cuộc họp của hội_đồng gồm : đại_diện tổ_chức chủ_trì Dự_án đầu_tư SPQG , giám_đốc Dự_án đầu_tư SPQG , chủ_nhiệm nhiệm_vụ ;  đại_diện Ban chủ_nhiệm chương_trình ;  đại_diện Vụ KH & CN các ngành kinh_tế-kỹ_thuật của Bộ KH & CN ( đối_với các SPQG do Bộ ngành quản_lý ) . 

3 . Trong trường_hợp cần_thiết , Đơn_vị quản_lý SPQG kiến_nghị Cơ_quan chủ_quản SPQG lấy ý_kiến chuyên_gia_tư_vấn độc_lập đánh_giá hồ_sơ Dự_án đầu_tư SPQG sau khi họp hội_đồng . 

Điều 8 .  Trình_tự , nội_dung làm_việc của hội_đồng xét_duyệt 

1 . Gửi hồ_sơ đăng_ký xét_duyệt và tài_liệu cho các thành_viên hội_đồng : 

a ) Ít_nhất 05 ngày làm_việc trước phiên họp thứ nhất của hội_đồng , Đơn_vị quản_lý SPQG có trách_nhiệm chuẩn_bị tài_liệu gửi cho các thành_viên hội_đồng gồm 01 bản_sao : Hồ_sơ đăng_ký xét_duyệt quy_định tại khoản 2 Điều 5 của Thông_tư này ;  danh_mục sơ_bộ các Dự_án đầu_tư SPQG ;  quyết_định thành_lập hội_đồng ;  phiếu nhận_xét hồ_sơ Dự_án đầu_tư SPQG , phiếu nhận_xét thuyết_minh nhiệm_vụ thuộc Dự_án đầu_tư SPQG theo mẫu A5-PNXHS-DAĐT-SPQG , A6-PNXNV-DAĐT-SPQG quy_định tại Phụ_lục I của Thông_tư này . 

b ) Các thành_viên hội_đồng có trách_nhiệm nghiên_cứu kỹ hồ_sơ đăng_ký xét_duyệt và các tài_liệu có liên_quan , đồng_thời ghi_nhận_xét vào các phiếu nhận_xét gửi cho thư_ký hành_chính trước khi họp hội_đồng . 

2 . Trình_tự , nội_dung làm_việc của hội_đồng xét_duyệt : 

a ) Đại_diện Đơn_vị quản_lý SPQG ( thư_ký hành_chính ) tuyên_bố lý_do cuộc họp , đọc quyết_định thành_lập hội_đồng , giới_thiệu thành_phần hội_đồng và đại_biểu tham_dự ;  đại_diện Cơ_quan chủ_quản SPQG phát_biểu ý_kiến , nêu yêu_cầu và nội_dung chủ_yếu về việc xét_duyệt hồ_sơ Dự_án đầu_tư SPQG và các nhiệm_vụ thuộc Dự_án đầu_tư SPQG ; 

b ) Hội_đồng trao_đổi thống_nhất_nguyên_tắc làm_việc và bầu thư_ký hội_đồng ; 

c ) Giám_đốc Dự_án đầu_tư SPQG báo_cáo tóm_tắt trước hội_đồng về Thuyết_minh về Dự_án đầu_tư SPQG và các nhiệm_vụ thuộc Dự_án đầu_tư SPQG , trả_lời các câu hỏi của thành_viên hội_đồng ( nếu có ) và không tiếp_tục tham_dự phiên họp của hội_đồng ; 

d ) Các ủy_viên phản_biện , thành_viên hội_đồng trình_bày nhận_xét , đánh_giá về hồ_sơ Dự_án đầu_tư SPQG và thuyết_minh nhiệm_vụ thuộc Dự_án đầu_tư SPQG theo các tiêu_chí quy_định tại phiếu nhận_xét hồ_sơ Dự_án đầu_tư SPQG , phiếu nhận_xét thuyết_minh nhiệm_vụ thuộc Dự_án đầu_tư SPQG ;  thư_ký hội_đồng đọc ý_kiến nhận_xét , đánh_giá của các thành_viên vắng_mặt ( nếu có ) để hội_đồng xem_xét , tham_khảo ; 

đ ) Hội_đồng thảo_luận , phân_tích , đánh_giá chung Dự_án đầu_tư SPQG về sự cần_thiết phải đầu_tư ; tính phù_hợp , đáp_ứng các tiêu_chí quy_định tại <QĐ rel="Reference"> Quyết_định số 2441/QĐ-TTg ngày 31 tháng 12 năm 2010 </QĐ> của Thủ_tướng Chính_phủ về việc phê_duyệt Chương_trình phát_triển SPQG đến năm 2020 và tại <TT rel="Reference"> Thông_tư hướng_dẫn quản_lý Chương_trình phát_triển SPQG đến năm 2020 </TT> của Bộ KH & CN ; tính phù_hợp với nội_dung của Đề_án khung phát_triển SPQG ;
e ) Hội_đồng thảo_luận , đánh_giá về hồ_sơ Dự_án đầu_tư SPQG và thuyết_minh nhiệm_vụ thuộc Dự_án đầu_tư SPQG theo các tiêu_chí quy_định .  Trong quá_trình thảo_luận hội_đồng có_thể nêu câu hỏi đối_với các ủy_viên phản_biện , ủy_viên hội_đồng về ý_kiến nhận_xét ; 

g ) Hội_đồng cho điểm đánh_giá độc_lập hồ_sơ Dự_án đầu_tư SPQG và thuyết_minh của từng nhiệm_vụ thuộc Dự_án đầu_tư SPQG theo các tiêu_chí đánh_giá ghi trong phiếu đánh_giá hồ_sơ Dự_án đầu_tư SPQG , phiếu đánh_giá thuyết_minh nhiệm_vụ thuộc Dự_án đầu_tư SPQG theo mẫu A7-PĐGHS-DAĐT-SPQG , A8-PĐGNV-DAĐT-SPQG quy_định tại Phụ_lục I của Thông_tư này ) và bỏ_phiếu đánh_giá theo phương_thức bỏ_phiếu kín ; 

h ) Hội_đồng bầu_ban kiểm phiếu gồm 03 người là ủy_viên của hội_đồng , trong đó có trưởng ban kiểm phiếu và 02 thành_viên ; 

i ) Ban_kiểm phiếu tổng_hợp kết_quả bỏ_phiếu đánh_giá của các thành_viên hội_đồng theo mẫu A9-BBKPHS-DAĐT-SPQG , mẫu A10-BBKPNV-DAĐT-SPQG quy_định tại Phụ_lục I của Thông_tư này ; 

k ) Hội_đồng công_bố công_khai kết_quả chấm điểm đánh_giá và thông_qua biên_bản họp của hội_đồng xét_duyệt , danh_mục các nhiệm_vụ thuộc Dự_án đầu_tư SPQG được hội_đồng xét_duyệt đề_nghị hỗ_trợ , kiến_nghị về những điểm cần bổ_sung , hoàn_thiện trong hồ_sơ , Thuyết_minh về Dự_án đầu_tư SPQG và các nhiệm_vụ thuộc Dự_án đầu_tư SPQG ; 

l ) Dự_án đầu_tư SPQG được đề_nghị hỗ_trợ kinh_phí từ ngân_sách nhà_nước chi sự_nghiệp KH & CN phải được ít_nhất 2/3 tổng_số thành_viên hội_đồng có_mặt bỏ_phiếu đánh_giá " Đáp_ứng yêu_cầu " .  Nhiệm_vụ thuộc Dự_án đầu_tư SPQG được hội_đồng đề_nghị hỗ_trợ kinh_phí từ ngân_sách nhà_nước chi sự_nghiệp KH & CN phải được ít_nhất 2/3 số thành_viên hội_đồng có_mặt bỏ_phiếu đánh_giá " Đề_nghị hỗ_trợ " .  Phiếu nhận_xét , đánh_giá của các thành_viên vắng_mặt được công_bố tại phiên họp , nhưng không được tính vào số phiếu đánh_giá của phiên họp .  Đối_với Dự_án đầu_tư SPQG không được hội_đồng xét_duyệt đề_nghị hỗ_trợ kinh_phí từ ngân_sách nhà_nước chi sự_nghiệp KH & CN , Đơn_vị quản_lý SPQG có trách_nhiệm báo_cáo thủ_trưởng Cơ_quan chủ_quản SPQG để thông_báo bằng văn_bản cho tổ_chức chủ_trì Dự_án đầu_tư SPQG biết ; 

m ) Thư_ký khoa_học hoàn_thiện biên_bản họp của hội_đồng xét_duyệt và danh_mục các nhiệm_vụ thuộc Dự_án đầu_tư SPQG được hội_đồng xét_duyệt đề_nghị hỗ_trợ kinh_phí từ ngân_sách nhà_nước chi sự_nghiệp KH & CN theo mẫu A11-BBHĐ-DAĐT-SPQG , A12-DMNV-DAĐT-SPQG quy_định tại Phụ_lục I của Thông_tư này . 

Điều 9 .  Xử_lý kết_quả xét_duyệt 

1 . Trên_cơ_sở kết_quả xét_duyệt của hội_đồng và báo_cáo của chuyên_gia_tư_vấn độc_lập ( nếu có ) , Đơn_vị quản_lý SPQG tổng_hợp danh_mục các nhiệm_vụ thuộc Dự_án đầu_tư SPQG đề_nghị được hỗ_trợ kinh_phí từ ngân_sách nhà_nước chi sự_nghiệp KH & CN theo mẫu A13-THDM-DAĐT-SPQG quy_định tại Phụ_lục I của Thông_tư này để báo_cáo thủ_trưởng Cơ_quan chủ_quản SPQG . 

2 . Đơn_vị quản_lý SPQG có trách_nhiệm thông_báo cho tổ_chức chủ_trì Dự_án đầu_tư SPQG biết kết_quả xét_duyệt và ý_kiến khuyến_nghị của hội_đồng để hoàn_thiện hồ_sơ thẩm_định . 

3 . Đối_với nhiệm_vụ thuộc Dự_án đầu_tư SPQG được Thủ_trưởng Cơ_quan chủ_quản SPQG đồng_ý đề_nghị hỗ_trợ , Cơ_quan chủ_quản SPQG có công_văn kèm theo hồ_sơ quy_định tại Điều 10 của Thông_tư này , gửi Bộ KH & CN để thẩm_định . 

Điều 10 .  Hồ_sơ thẩm_định 

1 . Hồ_sơ thẩm_định gồm 01 bộ các tài_liệu sau đây : 

a ) Bản_sao có chứng_thực của ít_nhất một trong các văn_bản : Quyết_định thành_lập , Giấy chứng_nhận đăng_ký hoạt_động KH & CN , văn_bản đăng_ký hoạt_động_sản_xuất , kinh_doanh của tổ_chức chủ_trì Dự_án đầu_tư SPQG ; 

b ) Bản_chính Thuyết_minh về Dự_án đầu_tư SPQG theo mẫu A2-TMDA-DAĐT-SPQG và bản_chính các Thuyết_minh nhiệm_vụ thuộc Dự_án đầu_tư SPQG theo mẫu A3-TMNV-DAĐT-SPQG quy_định tại Phụ_lục I của Thông_tư này đã được hoàn_thiện sau khi xét_duyệt ;  bản giải_trình của Tổ_chức chủ_trì Dự_án đầu_tư SPQG về các nội_dung đã chỉnh_sửa kèm theo thuyết_minh và dự_toán kinh_phí chi_tiết ; 

c ) Bản_chính phương_án huy_động các nguồn tài_chính đáp_ứng yêu_cầu quy_định tại Điều 4 của <TTLT rel="Reference"> Thông_tư liên_tịch số 218/2012/TTLT-BTC-BKHCN ngày 20 tháng 12 năm 2012 </TTLT> của liên Bộ Tài_chính-Bộ Khoa_học và Công_nghệ quy_định quản_lý_tài_chính thực_hiện Chương_trình phát_triển SPQG đến năm 2020 ;
d ) Bản_sao danh_mục liệt_kê các văn_bản quy_định_chế_độ , định_mức và các văn_bản có liên_quan được sử_dụng để xây_dựng dự_toán kinh_phí ;  báo_giá nguyên vật_liệu , thiết_bị , bản_quyền công_nghệ , hợp_đồng thuê chuyên_gia và các báo_giá khác có liên_quan ; 

đ ) Bản_sao văn_bản ý_kiến của chuyên_gia_tư_vấn độc_lập ( nếu có ) ; 

e ) Bản_chính biên_bản họp hội_đồng xét_duyệt . 

2 . Nộp hồ_sơ thẩm_định và công_tác chuẩn_bị trước khi họp hội_đồng 

a ) Tổ_chức chủ_trì Dự_án đầu_tư SPQG có trách_nhiệm chuẩn_bị tài_liệu quy_định tại các điểm a , b , c , d khoản 1 Điều này nộp cho Đơn_vị quản_lý SPQG . 

b ) Đơn_vị quản_lý SPQG có trách_nhiệm kiểm_tra tính đầy_đủ , hợp_lệ của tài_liệu do tổ_chức chủ_trì Dự_án đầu_tư SPQG cung_cấp .  Trường_hợp hồ_sơ không đầy_đủ , hợp_lệ Đơn_vị quản_lý SPQG có trách_nhiệm thông_báo cho tổ_chức chủ_trì Dự_án đầu_tư SPQG biết nội_dung yêu_cầu bổ_sung hoặc thay_thế tài_liệu của hồ_sơ và quy_định cụ_thể thời_hạn tiếp_nhận .  Đơn_vị quản_lý SPQG chuẩn_bị tài_liệu quy_định tại các điểm đ , e khoản 1 Điều này và chuyển hồ_sơ thẩm_định cho Vụ KH & CN các ngành kinh_tế-kỹ_thuật của Bộ KH & CN để lập hội_đồng thẩm_định . 

c ) Vụ KH & CN các ngành kinh_tế-kỹ_thuật gửi bản_sao hồ_sơ thẩm_định , phiếu thẩm_định theo mẫu B1-PTĐHS-DAĐT-SPQG , B2-PTĐNV-DAĐT-SPQG quy_định tại Phụ_lục II của Thông_tư này , bản_chính quyết_định thành_lập hội_đồng thẩm_định , giấy mời họp kèm lịch họp cho các thành_viên hội_đồng thẩm_định ít_nhất 05 ngày làm_việc trước ngày họp hội_đồng . 

d ) Các thành_viên hội_đồng có trách_nhiệm nghiên_cứu kỹ hồ_sơ thẩm_định và các tài_liệu có liên_quan , đồng_thời ghi_nhận_xét vào các phiếu thẩm_định và gửi cho thư_ký hành_chính trước khi họp hội_đồng . 

Điều 11 .  Hội_đồng thẩm_định 

1 . Hội_đồng thẩm_định do Bộ_trưởng Bộ Khoa_học và Công_nghệ thành_lập trên cơ_sở đề_xuất của Vụ KH & CN các ngành kinh_tế-kỹ_thuật .  Hội_đồng có trách_nhiệm thẩm_định hồ_sơ Dự_án đầu_tư SPQG , nội_dung và kinh_phí hỗ_trợ các nhiệm_vụ thuộc Dự_án đầu_tư SPQG để tư_vấn cho Bộ_trưởng Bộ Khoa_học và Công_nghệ phê_duyệt . 

2 . Thành_phần hội_đồng gồm 05 thành_viên : 

a ) Chủ_tịch là lãnh_đạo Vụ KH & CN các ngành kinh_tế-kỹ_thuật ; 

b ) 01 phó_chủ_tịch là lãnh_đạo Đơn_vị quản_lý kinh_phí ; 

c ) 03 ủy_viên gồm : 01 ủy_viên là chủ_tịch hoặc phó_chủ_tịch hội_đồng xét_duyệt , 01 ủy_viên là chuyên_gia về công_nghệ và 01 ủy_viên là chuyên_gia kinh_tế . 

3 . Thư_ký hội_đồng là chuyên_viên Vụ KH & CN các ngành kinh_tế-kỹ_thuật ;  thư_ký hành_chính giúp_việc cho hội_đồng là chuyên_viên ( cán_bộ ) thuộc Văn_phòng các chương_trình KH & CN quốc_gia . 

4 . Đại_biểu mời tham_dự cuộc họp của hội_đồng gồm : đại_diện Ban chủ_nhiệm chương_trình , đại_diện Vụ Kế_hoạch-Tổng_hợp ;  đại_diện Văn_phòng các chương_trình KH & CN quốc_gia , đại_diện Đơn_vị quản_lý SPQG ( đối_với SPQG do Bộ ngành quản_lý ) ;  đại_diện tổ_chức chủ_trì Dự_án đầu_tư SPQG , giám_đốc Dự_án đầu_tư SPQG , chủ_nhiệm nhiệm_vụ thuộc Dự_án đầu_tư SPQG . 

5 . Văn_phòng các chương_trình KH & CN quốc_gia có trách_nhiệm tổ_chức các phiên họp hội_đồng .  Thời_gian họp hội_đồng không quá 15 ngày làm_việc sau khi có quyết_định thành_lập hội_đồng thẩm_định .  Kinh_phí họp hội_đồng được lấy từ ngân_sách nhà_nước chi cho hoạt_động chung của Chương_trình do Văn_phòng các chương_trình KH & CN quốc_gia quản_lý . 

Điều 12 .  Nội_dung thẩm_định 

1 . Thẩm_định hồ_sơ : Xem_xét , rà_soát tính đầy_đủ , hợp_lệ và mức_độ hoàn_thiện của hồ_sơ ;  tính phù_hợp của Dự_án đầu_tư SPQG với Chương_trình phát_triển sản_phẩm quốc_gia và Đề_án khung phát_triển SPQG ;  tiến_độ thực_hiện Dự_án đầu_tư SPQG và các nhiệm_vụ thuộc Dự_án đầu_tư SPQG . 

2 . Thẩm_định nội_dung : Rà_soát tính đầy_đủ , tính phù_hợp của nội_dung Thuyết_minh về Dự_án đầu_tư SPQG , thuyết_minh nhiệm_vụ thuộc Dự_án đầu_tư SPQG với kết_luận của hội_đồng xét_duyệt ;  xác_định các nội_dung của nhiệm_vụ thuộc Dự_án đầu_tư SPQG được hỗ_trợ kinh_phí từ ngân_sách nhà_nước chi sự_nghiệp KH & CN . 

3 . Thẩm_định kinh_phí : Xem_xét , đánh_giá tính chính_xác , hợp_lý của dự_toán kinh_phí , tính pháp_lý và khả_thi của phương_án huy_động các nguồn tài_chính ; xác_định các nội_dung chi và mức hỗ_trợ theo quy_định tại <TTLT rel="Reference"> Thông_tư liên_tịch số 218/2012/TTLT-BTC-BKHCN </TTLT> .
Điều 13 .  Trình_tự , nội_dung làm_việc của hội_đồng thẩm_định 

1 . Chủ_tịch hội_đồng điều_hành các phiên họp của hội_đồng theo trình_tự sau : 

a ) Giám_đốc Dự_án đầu_tư SPQG , chủ_nhiệm nhiệm_vụ hoặc đại_diện tổ_chức chủ_trì báo_cáo , giải_trình các nội_dung hoàn_thiện hồ_sơ , thuyết_minh ; 

b ) Các ủy_viên nhận_xét thẩm_định về hồ_sơ Dự_án đầu_tư SPQG và nội_dung , kinh_phí các nhiệm_vụ thuộc Dự_án đầu_tư SPQG ; 

c ) Thư_ký hội_đồng đọc ý_kiến của chuyên_gia thẩm_định độc_lập ( nếu có ) ; 

d ) Các thành_viên hội_đồng nhận_xét thẩm_định về hồ_sơ Dự_án đầu_tư SPQG và nội_dung , kinh_phí các nhiệm_vụ thuộc Dự_án đầu_tư SPQG ; 

đ ) Giám_đốc Dự_án đầu_tư SPQG , chủ_nhiệm nhiệm_vụ hoặc đại_diện tổ_chức chủ_trì Dự_án đầu_tư SPQG trả_lời những câu hỏi của hội_đồng và các đại_biểu tham_dự ; 

e ) Hội_đồng thảo_luận riêng ( không có_mặt đại_diện tổ_chức chủ_trì Dự_án đầu_tư SPQG và đại_biểu mời ) ;  hội_đồng thống_nhất kết_luận thẩm_định về hồ_sơ Dự_án đầu_tư SPQG , nội_dung và kinh_phí các nhiệm_vụ thuộc Dự_án đầu_tư SPQG ;  hội_đồng thông_qua phương_án huy_động các nguồn tài_chính ; 

g ) Thư_ký hội_đồng có trách_nhiệm ghi_chép ý_kiến phát_biểu của các thành_viên hội_đồng và đại_biểu tham_dự ;  thu phiếu thẩm_định của các thành_viên hội_đồng ;  ghi biên_bản họp hội_đồng thẩm_định theo mẫu B3-BBTĐHS-DAĐT-SPQG , B4-BBTĐNV-DAĐT-SPQG quy_định tại Phụ_lục II Thông_tư này ; 

h ) Chủ_tịch hội_đồng thông_báo kết_luận của hội_đồng thẩm_định . 

2 . Chủ_tịch hội_đồng có trách_nhiệm báo_cáo bằng văn_bản cho Bộ_trưởng Bộ Khoa_học và Công_nghệ và đề_xuất phương_án xử_lý những vấn_đề vượt quá thẩm_quyền giải_quyết phát_sinh trong quá_trình xem_xét hồ_sơ thẩm_định để Bộ_trưởng Bộ Khoa_học và Công_nghệ xem_xét , quyết_định trong các trường_hợp sau : 

a ) Thành_viên hội_đồng không nhất_trí với kết_luận chung của hội_đồng thẩm_định và đề_nghị bảo_lưu_ý_kiến ; 

b ) Do công_nghệ chuyển_giao hoặc nội_dung , mức hỗ_trợ có các yếu_tố đặc_thù vượt quá khả_năng xem_xét của hội_đồng . 

3 . Trường_hợp cần_thiết , Bộ_trưởng Bộ Khoa_học và Công_nghệ lấy thêm ý_kiến chuyên_gia_tư_vấn độc_lập . 

Chương_IV 

PHÊ_DUYỆT NHIỆM_VỤ THUỘC DỰ_ÁN ĐẦU TƯ_SẢN_XUẤT SẢN_PHẨM QUỒC GIA 

Điều 14 .  Trình phê_duyệt 

1 . Hồ_sơ dự_án trình phê_duyệt gồm : 

a ) 01 bản_chính Thuyết_minh về Dự_án đầu_tư SPQG đã được hoàn_thiện sau khi thẩm_định ; 

b ) 01 bản_chính quyết_định thành_lập hội_đồng xét_duyệt ; 

c ) 01 bản_chính biên_bản họp hội_đồng xét_duyệt ; 

d ) 01 bản_chính quyết_định thành_lập hội_đồng thẩm_định ; 

đ ) 01 bản_chính biên_bản họp hội_đồng thẩm_định hồ_sơ Dự_án đầu_tư SPQG và các bản_chính biên_bản họp hội_đồng thẩm_định nhiệm_vụ thuộc Dự_án đầu_tư SPQG ; 

e ) 01 bản_chính phương_án huy_động các nguồn tài_chính để thực_hiện các nhiệm_vụ thuộc Dự_án đầu_tư SPQG đã được hội_đồng thẩm_định thông_qua ; 

g ) Văn_bản ý_kiến của chuyên_gia_tư_vấn thẩm_định độc_lập ( nếu có ) . 

2 . Trình phê_duyệt 

a ) Vụ KH & CN các ngành kinh_tế-kỹ_thuật chủ_trì , phối_hợp với Đơn_vị quản_lý SPQG ( của Bộ ngành ) , tổ_chức chủ_trì Dự_án đầu_tư SPQG rà_soát , hoàn_thiện hồ_sơ dự_án trình phê_duyệt theo quy_định tại khoản 1 Điều này và dự_thảo quyết_định phê_duyệt theo mẫu B5-QĐPD-DAĐT-SPQG quy_định tại Phụ_lục II của Thông_tư này . 

b ) Vụ Kế_hoạch-Tổng_hợp chủ_trì , phối_hợp với Vụ KH & CN các ngành kinh_tế-kỹ_thuật trình Bộ_trưởng Bộ Khoa_học và Công_nghệ phê_duyệt . 

Điều 15 .  Phê_duyệt nhiệm_vụ được hỗ_trợ từ ngân_sách nhà_nước chi sự_nghiệp KH & CN thuộc Dự_án đầu_tư SPQG 

1 . Bộ_trưởng Bộ Khoa_học và Công_nghệ xem_xét , phê_duyệt nhiệm_vụ được hỗ_trợ từ ngân_sách nhà_nước chi sự_nghiệp KH & CN thuộc Dự_án đầu_tư SPQG . 

Quyết_định phê_duyệt được sử_dụng thay cho văn_bản chấp_thuận việc sử_dụng vốn từ ngân_sách nhà_nước chi sự_nghiệp KH & CN của Dự_án đầu_tư SPQG để tiến_hành thủ_tục đầu_tư theo quy_định của <L rel="Reference"> Luật_Đầu_tư </L> , <L rel="Reference"> Luật_Đầu_tư công </L> .
2 . Sau khi có quyết_định phê_duyệt , Vụ KH & CN các ngành kinh_tế-kỹ_thuật có trách_nhiệm bàn_giao cho Văn_phòng các chương_trình KH & CN quốc_gia thuộc Bộ KH & CN toàn_bộ hồ_sơ gốc và các văn_bản_chính trong quá_trình xét_duyệt , thẩm_định , phê_duyệt các nhiệm_vụ thuộc Dự_án đầu_tư SPQG đối_với sản_phẩm quốc_gia do Bộ KH & CN quản_lý và bàn_giao cho Đơn_vị quản_lý SPQG ( của Bộ ngành ) toàn_bộ các văn_bản_chính trong quá_trình thẩm_định , phê_duyệt các nhiệm_vụ thuộc Dự_án đầu_tư SPQG đối_với sản_phẩm quốc_gia do Bộ ngành quản_lý . 

Điều 16 .  Điều_khoản thi_hành 

Thông_tư này có hiệu_lực thi_hành kể từ ngày 01 tháng 12 năm 2014 . 

Điều 17 .  Trách_nhiệm thi_hành 

1 . Cơ_quan , tổ_chức , cá_nhân có liên_quan đến việc quản_lý và thực_hiện Chương_trình phát_triển sản_phẩm quốc_gia đến năm 2020 căn_cứ vào hướng_dẫn của Thông_tư này để tổ_chức thực_hiện . 

2 . Đơn_vị quản_lý SPQG của các Bộ ngành , Văn_phòng các chương_trình KH & CN quốc_gia thuộc Bộ KH & CN có trách_nhiệm quản_lý toàn_bộ các hồ_sơ gốc và các văn_bản_chính trong quá_trình xét_duyệt , thẩm_định , phê_duyệt các nhiệm_vụ thuộc Dự_án đầu_tư SPQG đối_với sản_phẩm quốc_gia thuộc thẩm_quyền quản_lý ./. 