Nghị định Quy định chi tiết và hướng dẫn thi hành một số điều của Bộ luật Lao động về việc làm

Căn_cứ <L rel="Pursuant"> Luật Tổ_chức Chính_phủ ngày 25 tháng 12 năm 2001 </L> ;
Căn_cứ <BL rel="Pursuant"> Bộ_Luật Lao_động ngày 23 tháng 6 năm 1994 </BL> ; <L rel="Pursuant"> Luật sửa_đổi , bổ_sung một_số điều của <BL rel="Others"> Bộ_Luật Lao_động </BL> ngày 02 tháng 4 năm 2002 </L> ;
Điều 1 .  Chỉ_tiêu tạo việc_làm và chính_sách hỗ_trợ việc_làm . 

1 . Chỉ_tiêu tạo việc_làm mới theo quy_định tại Điều 14 của <BL rel="Reference"> Bộ_Luật Lao_động </BL> được quy_định là số lao_động mới cần tuyển thêm vào làm_việc thường_xuyên tại doanh_nghiệp , tổ_chức , đơn_vị và cá_nhân sử_dụng lao_động theo hợp_đồng lao_động thuộc mọi thành_phần kinh_tế do nhu_cầu mới thành_lập hoặc mở_rộng thêm về quy_mô và các mặt hoạt_động , sắp_xếp lại lao_động .
2 . Xây_dựng và thực_hiện chỉ_tiêu tạo việc_làm mới : 

a ) Trong các chương_trình , dự_án và kế_hoạch phát_triển kinh_tế-xã_hội nhất_thiết phải có chỉ_tiêu tạo việc_làm mới . 

b ) Hằng năm , các doanh_nghiệp , tổ_chức , đơn_vị và cá_nhân có sử_dụng lao_động phải báo_cáo kết_quả thực_hiện chỉ_tiêu tạo việc_làm mới về các Bộ , ngành và địa_phương . 

c ) Hằng năm , các Bộ , ngành và các địa_phương có trách_nhiệm tổng_hợp và báo_cáo chỉ_tiêu tạo việc_làm mới về Bộ Lao_động-Thương_binh và Xã_hội và Bộ Kế_hoạch và Đầu_tư . 

d ) Bộ Lao_động-Thương_binh và Xã_hội phối_hợp với Bộ Kế_hoạch và Đầu_tư có trách_nhiệm hướng_dẫn , kiểm_tra và báo_cáo Chính_phủ kết_quả thực_hiện chỉ_tiêu tạo việc_làm mới năm năm và hằng năm . 

3 . Chính_sách hỗ_trợ việc_làm : 

a ) Bộ Tài_chính chủ_trì , phối_hợp với Bộ Lao_động-Thương_binh và Xã_hội và các Bộ , ngành có liên_quan trình Chính_phủ ban_hành hoặc ban_hành theo thẩm_quyền chính_sách hỗ_trợ tài_chính , miễn_giảm thuế và áp_dụng các biện_pháp khuyến_khích khác để các doanh_nghiệp , tổ_chức , đơn_vị và cá_nhân thuộc mọi thành_phần kinh_tế tạo việc_làm cho nhiều người lao_động . 

b ) Ngân_hàng Nhà_nước Việt_Nam chủ_trì , phối_hợp với Bộ Lao_động-Thương_binh và Xã_hội nghiên_cứu trình Chính_phủ ban_hành hoặc ban_hành theo thẩm_quyền chính_sách cho vay vốn để lao_động đi làm_việc có thời_hạn ở nước_ngoài , tự tạo việc_làm và khuyến_khích thu_hút nhiều lao_động . 

c ) Bộ Khoa_học và Công_nghệ chủ_trì , phối_hợp với Bộ Lao_động-Thương_binh và Xã_hội nghiên_cứu trình Chính_phủ ban_hành hoặc ban_hành theo thẩm_quyền chính_sách khuyến_khích phát_triển công_nghệ mới , kỹ_thuật mới thu_hút nhiều lao_động . 

d ) Ủy_ban Dân_tộc chủ_trì , phối_hợp với Bộ Lao_động-Thương_binh và Xã_hội và các Bộ , ngành khác có liên_quan nghiên_cứu trình Chính_phủ ban_hành hoặc ban_hành theo thẩm_quyền chính_sách ưu_đãi về giải_quyết việc_làm để thu_hút và sử_dụng lao_động là người dân_tộc_thiểu_số . 

đ ) Bộ Nông_nghiệp và Phát_triển nông_thôn chủ_trì , phối_hợp với Bộ Lao_động-Thương_binh và Xã_hội và các Bộ , ngành có liên_quan nghiên_cứu và ban_hành chính_sách khuyến_khích tạo việc_làm ở khu_vực nông_thôn . 

e ) Bộ Lao_động-Thương_binh và Xã_hội có trách_nhiệm nghiên_cứu trình Chính_phủ ban_hành hoặc ban_hành theo thẩm_quyền : 

Chính_sách hỗ_trợ giải_quyết việc_làm cho các đối_tượng là lao_động nữ và lao_động là người tàn_tật ; 

Chính_sách đào_tạo và đào_tạo lại nghề cho người lao_động . 

g ) Bộ Giáo_dục và Đào_tạo chủ_trì , phối_hợp với Bộ Lao_động-Thương_binh và Xã_hội và các Bộ , ngành khác có liên_quan nghiên_cứu trình Chính_phủ ban_hành hoặc ban_hành theo thẩm_quyền : 

Chính_sách khuyến_khích người lao_động học_tập , bồi_dưỡng nâng cao_trình_độ đáp_ứng phát_triển sản_xuất và công_nghệ mới ; 

Chính_sách giải_quyết việc_làm cho sinh_viên , học_sinh đã tốt_nghiệp các trường đại_học , cao_đẳng , trung_học chuyên_nghiệp . 

h ) Bộ Quốc_phòng , Bộ Công_an chủ_trì , phối_hợp Bộ Lao_động-Thương_binh và Xã_hội và các Bộ , ngành khác có liên_quan nghiên_cứu , xây_dựng trình Chính_phủ ban_hành hoặc ban_hành theo thẩm_quyền chính_sách giải_quyết việc_làm cho quân_nhân , chiến_sĩ công_an nhân_dân sau khi hoàn_thành nghĩa_vụ . 

Điều 2 .  Chương_trình quốc_gia về việc_làm : 

1 . Chương_trình quốc_gia về việc_làm theo quy_định tại khoản 1 Điều 15 của <BL rel="Reference"> Bộ_luật Lao_động </BL> , bao_gồm : mục_tiêu , chỉ_tiêu , các nội_dung hoạt_động , thời_gian , các giải_pháp , nguồn tài_chính , tổ_chức thực_hiện và quản_lý chương_trình .
2 . Bộ Lao_động-Thương_binh và Xã_hội chủ_trì , phối_hợp với Bộ Kế_hoạch và Đầu_tư , Bộ Tài_chính trình Chính_phủ Chương_trình quốc_gia về việc_làm và trình Thủ_tướng Chính_phủ ban_hành cơ_chế quản_lý điều_hành hoạt_động Quỹ quốc_gia về việc_làm . 

3 . Bộ Kế_hoạch và Đầu_tư chủ_trì , phối_hợp với Bộ Tài_chính , Bộ Lao_động-Thương_binh và Xã_hội lập kế_hoạch các nguồn tài_chính hằng năm và năm năm cho Chương_trình quốc_gia về việc_làm . 

Điều 3 .  Quỹ quốc_gia về việc_làm được hình_thành và sử_dụng như sau : 

1 . Quỹ quốc_gia về việc_làm hình_thành từ các nguồn sau : 

a ) Ngân_sách nhà_nước . 

b ) Các nguồn hỗ_trợ của các tổ_chức và cá_nhân ở trong và ngoài nước . 

c ) Các nguồn hỗ_trợ khác . 

2 . Quỹ quốc_gia về việc_làm sử_dụng vào các mục_đích sau : 

a ) Cho vay vốn theo dự_án nhỏ để giải_quyết việc_làm cho một_số đối_tượng . 

b ) Cho các doanh_nghiệp vay để hạn_chế lao_động mất việc_làm và nhận người thất_nghiệp . 

c ) Hỗ_trợ để củng_cố và phát_triển hệ_thống tổ_chức giới_thiệu việc_làm và các hoạt_động phát_triển thị_trường lao_động . 

Điều 4 .  Chương_trình giải_quyết việc_làm của địa_phương : 

1 . Chương_trình giải_quyết việc_làm của địa_phương theo quy_định tại khoản 2 Điều 15 của <BL rel="Reference"> Bộ_Luật Lao_động </BL> , bao_gồm : mục_tiêu , chỉ_tiêu , các nội_dung hoạt_động , thời_gian , các giải_pháp , nguồn tài_chính , tổ_chức thực_hiện và quản_lý chương_trình .
2 . Hằng năm , ủy ban nhân_dân tỉnh , thành_phố trực_thuộc Trung_ương xây_dựng Chương_trình và Quỹ giải_quyết việc_làm của địa_phương_trình Hội_đồng nhân_dân cùng cấp quyết_định ;  tổ_chức thực_hiện quyết_định đó và báo_cáo kết_quả về Bộ Lao_động-Thương_binh và Xã_hội và Bộ Kế_hoạch và Đầu_tư . 

Điều 5 .  Quỹ giải_quyết việc_làm của địa_phương được hình_thành và sử_dụng như sau : 

1 . Quỹ giải_quyết việc_làm của địa_phương được hình_thành từ các nguồn sau : 

a ) Ngân_sách của địa_phương do Hội_đồng nhân_dân tỉnh , thành_phố trực_thuộc Trung_ương quyết_định . 

b ) Các nguồn hỗ_trợ của các tổ_chức và cá_nhân trong và ngoài nước . 

2 . Quỹ giải_quyết việc_làm được sử_dụng theo đúng mục_tiêu của Chương_trình giải_quyết việc_làm của địa_phương . 

Điều 6 .  Bộ Tài_chính chủ_trì , phối_hợp với Bộ Lao_động-Thương_binh và Xã_hội , Bộ Kế_hoạch và Đầu_tư xây_dựng và ban_hành Quy_chế quản_lý_tài_chính của Quỹ quốc_gia về việc_làm và Quỹ giải_quyết việc_làm ở địa_phương . 

Điều 7 . Việc tuyển lao_động Việt_Nam theo quy_định tại khoản 2 Điều 16 và khoản 1 Điều 132 của <BL rel="Reference"> Bộ_luật Lao_động </BL> được quy_định như sau :
1 . Người sử_dụng lao_động có quyền trực_tiếp hoặc thông_qua tổ_chức giới_thiệu việc_làm để tuyển lao_động Việt_Nam theo yêu_cầu của mình . 

2 . Người lao_động có quyền trực_tiếp liên_hệ để tìm việc_làm hoặc đăng_ký tại các tổ_chức giới_thiệu việc_làm để tìm việc_làm . 

Điều 8 .  Thủ_tục tuyển lao_động : 

1 . Ít_nhất bảy ngày_trước khi nhận hồ_sơ đăng_ký dự_tuyển của người lao_động , người sử_dụng lao_động phải thông_báo trên các phương_tiện thông_tin đại_chúng và niêm_yết tại trụ trở về nhu_cầu tuyển_dụng lao_động .  Nội_dung bao_gồm : nghề , công_việc , trình_độ chuyên_môn , số_lượng cần tuyển , thời_hạn hợp_đồng lao_động , mức lương , điều_kiện làm_việc và một_số yêu_cầu cần_thiết khác nếu doanh_nghiệp cần . 

2 . Hồ_sơ đăng_ký dự_tuyển bao_gồm : 

Phiếu đăng_ký dự_tuyển lao_động theo mẫu do Bộ Lao_động-Thương_binh và Xã_hội quy_định . 

Bản_sao sổ lao_động ( không cần công_chứng ) .  Trường_hợp chưa được cấp sổ lao_động thì phải có sơ_yếu lý_lịch theo mẫu do Bộ Lao_động-Thương_binh và Xã_hội quy_định . 

Bản_sao các văn_bằng , chứng_chỉ theo yêu_cầu của vị_trí dự_tuyển ( không cần công_chứng ) . 

Giấy khám sức_khỏe của cơ_quan y_tế có thẩm_quyền . 

Các giấy_tờ khác do doanh_nghiệp quy_định do tính_chất nghiêm_ngặt của công_việc . 

3 . Khi nhận hồ_sơ đăng_ký dự_tuyển lao_động , người sử_dụng lao_động phải vào_sổ theo_dõi và trao giấy biên_nhận hồ_sơ cho người lao_động trong đó ghi rõ thời_gian tuyển .  Khi người lao_động không trúng_tuyển hoặc không đến dự_tuyển , thì người sử_dụng lao_động phải trả hồ_sơ cho người lao_động và thu lại giấy biên_nhận . 

4 . Người sử_dụng lao_động chịu trách_nhiệm chi_trả mọi chi_phí cho việc tuyển lao_động ( trừ hồ_sơ đăng_ký dự_tuyển lao_động ) và được hạch_toán vào giá_thành hoặc phí lưu_thông . 

5 . Người sử_dụng lao_động tuyển lao_động thông_qua tổ_chức giới_thiệu việc_làm phải trả phí giới_thiệu việc_làm cho tổ_chức giới_thiệu việc_làm theo quy_định của pháp_luật . 

6 . Người lao_động đăng_ký tìm việc_làm thông_qua tổ_chức giới_thiệu việc_làm cũng phải nộp hồ_sơ cho tổ_chức giới_thiệu việc_làm theo quy_định tại khoản 2 Điều này và nếu nhận được việc_làm thì phải trả phí giới_thiệu việc_làm cho tổ_chức giới_thiệu việc_làm theo quy_định của pháp_luật .  Trường_hợp người lao_động đăng_ký tìm việc_làm thông_qua trung_tâm giới_thiệu việc_làm theo quy_định tại khoản 1 Điều 15 của Nghị_định này thì được miễn_phí giới_thiệu việc_làm .  Nhà_nước hỗ_trợ các trung_tâm giới_thiệu việc_làm để thực_hiện việc đăng_ký tìm việc_làm cho người lao_động . 

Điều 9 . Việc cấp sổ lao_động cho người lao_động theo quy_định tại Điều 183 của <BL rel="Reference"> Bộ_luật Lao_động </BL> được quy_định như sau :
1 . Người lao_động làm_việc theo hợp_đồng lao_động ở tất_cả các doanh_nghiệp , tổ_chức , đơn_vị và cá_nhân đều được cấp sổ lao_động . 

2 . Đối_với những người từ đủ 15 tuổi trở lên có khả_năng lao_động và có giao_kết_hợp_đồng lao_động thì được cấp sổ lao_động . 

3 . Người được cấp sổ lao_động chịu trách_nhiệm trả chi_phí in_ấn và phát_hành sổ lao_động . 

Bộ Lao_động-Thương_binh và Xã_hội quy_định mẫu sổ , cấp , sử_dụng và quản_lý sổ lao_động . 

Điều 10 .  Người sử_dụng lao_động , các Bộ , ngành , địa_phương có trách_nhiệm báo_cáo định_kỳ về việc tuyển_dụng và sử_dụng lao_động theo quy_định của Bộ Lao_động-Thương_binh và Xã_hội . 

Điều 11 . Những trường_hợp sau đây được coi là thay_đổi cơ_cấu hoặc công_nghệ theo quy_định tại khoản 1 Điều 17 của <BL rel="Reference"> Bộ_Luật Lao_động </BL> :
1 . Thay_đổi một phần hoặc toàn_bộ máy_móc , thiết_bị , quy_trình công_nghệ tiên_tiến có năng_suất lao_động cao hơn . 

2 . Thay_đổi sản_phẩm hoặc cơ_cấu sản_phẩm dẫn đến sử_dụng lao_động ít hơn . 

3 . Thay_đổi cơ_cấu tổ_chức : sáp_nhập , giải_thể một_số bộ_phận của đơn_vị . 

Những thay_đổi trên dẫn đến người lao_động bị mất việc_làm thì người sử_dụng lao_động có trách_nhiệm đào_tạo lại nghề cho người lao_động để sử_dụng vào công_việc mới . Nếu không giải_quyết được việc_làm mới mà phải cho người lao_động thôi_việc thì người sử_dụng lao_động phải trả trợ_cấp mất việc_làm theo quy_định tại khoản 1 Điều 17 của <BL rel="Reference"> Bộ_Luật Lao_động </BL> và Điều 12 , Điều 13 của Nghị_định này .
Điều 12 . Mức trợ_cấp mất việc_làm theo quy_định tại khoản 1 Điều 17 của <BL rel="Reference"> Bộ_Luật Lao_động </BL> được quy_định như sau :
1 . Trợ_cấp mất việc_làm được tính trên cơ_sở mức lương quy_định tại <NĐ rel="Reference"> Nghị_định số 114/2002/NĐ-CP ngày 31 tháng 12 năm 2002 </NĐ> của Chính_phủ quy_định chi_tiết và hướng_dẫn thi_hành một_số điều của <BL rel="Others"> Bộ_Luật Lao_động </BL> về tiền_lương .
2 . Thời_gian để tính trợ_cấp mất việc_làm là tổng thời_gian làm_việc thực_tế cho người sử_dụng lao_động đó đến khi bị mất việc_làm . Trường_hợp , người lao_động trước đó có thời_gian làm_việc ở khu_vực nhà_nước mà chưa được nhận trợ_cấp thôi_việc hoặc trợ_cấp mất việc_làm , thì thời_gian đó chỉ được tính để nhận trợ_cấp thôi_việc theo quy_định tại Điều 42 của <BL rel="Reference"> Bộ_Luật Lao_động </BL> . Khoản trợ_cấp thôi_việc này do Quỹ dự_phòng về trợ_cấp mất việc_làm của đơn_vị mà người lao_động bị mất việc_làm trả cùng trợ_cấp mất việc_làm .
Riêng đối_với người lao_động trong các doanh_nghiệp thực_hiện phương_án sắp_xếp lại và chuyển_đổi theo các hình_thức giao , bán , khoán , kinh_doanh , cho thuê doanh_nghiệp và cổ_phần_hóa thì áp_dụng theo các chế_độ quy_định về lao_động của nhà_nước đối_với các trường_hợp này . 

3 . Thời_gian làm_việc để được hưởng trợ_cấp mất việc_làm là từ đủ một năm ( 12 tháng ) trở lên , nếu có tháng lẻ được quy_định như sau : 

a ) Dưới 1 tháng không được tính để hưởng trợ_cấp mất việc_làm . 

b ) Từ 1 đến dưới 6 tháng được tính bằng 6 tháng làm_việc để hưởng trợ_cấp mất việc làm_bằng 1/2 tháng lương . 

c ) Từ đủ 6 tháng trở lên được tính bằng 1 năm làm_việc để hưởng trợ_cấp mất việc làm_bằng 1 tháng lương . 

4 . Trợ_cấp mất việc_làm và trợ_cấp thôi_việc được trả trực_tiếp một lần cho người lao_động tại nơi làm_việc hoặc tại nơi thuận_lợi nhất cho người lao_động và chậm nhất không quá 7 ngày , kể từ ngày người lao_động bị mất việc_làm . 

Điều 13 . Quỹ dự_phòng về trợ_cấp mất việc_làm theo quy_định tại khoản 3 Điều 17 của <BL rel="Reference"> Bộ_luật Lao_động </BL> quy_định như sau :
1 . Các doanh_nghiệp phải lập quỹ dự_phòng về trợ_cấp mất việc_làm để kịp_thời trợ_cấp cho người lao_động trong doanh_nghiệp bị mất việc_làm . 

2 . Mức trích Quỹ dự_phòng về trợ_cấp mất việc_làm từ 1 %-3 % trên quỹ tiền_lương làm cơ_sở đóng bảo_hiểm_xã_hội của doanh_nghiệp và được hạch_toán vào giá_thành hoặc phí lưu_thông . 

3 . Bộ Tài_chính chủ_trì , phối_hợp với Bộ Lao_động-Thương_binh và Xã_hội quy_định việc lập , quản_lý và sử_dụng quỹ dự_phòng về trợ_cấp mất việc_làm của các doanh_nghiệp . 

Điều 14 . Tổ_chức giới_thiệu việc_làm theo quy_định tại khoản 1 Điều 18 của <BL rel="Reference"> Bộ_Luật Lao_động </BL> , bao_gồm : các trung_tâm giới_thiệu việc_làm và các doanh_nghiệp chuyên giới_thiệu việc_làm .
Điều 15 .  Hoạt_động của tổ_chức giới_thiệu việc_làm : 

1 . Trung_tâm giới_thiệu việc_làm do cơ_quan nhà_nước , tổ_chức chính_trị-xã_hội thành_lập là đơn_vị sự_nghiệp có thu tự bảo_đảm một phần chi_phí hoạt_động thường_xuyên theo <NĐ rel="Reference"> Nghị_định số 10/2002/NĐ-CP ngày 16 tháng 01 năm 2002 </NĐ> của Chính_phủ , thuộc lĩnh_vực hoạt_động xã_hội , được nhà_nước , các tổ_chức chính_trị-xã_hội giao chỉ_tiêu biên_chế cán_bộ , được hỗ_trợ đầu_tư từ nguồn ngân_sách nhà_nước về trang_thiết_bị , cơ_sở vật_chất , tài_chính và được miễn hoặc giảm thuế theo quy_định của pháp_luật .
2 . Doanh_nghiệp chuyên hoạt_động về giới_thiệu việc_làm phải bảo_đảm đủ các điều_kiện do Thủ_tướng Chính_phủ quy_định trong Quy_chế về tổ_chức và hoạt_động giới_thiệu việc_làm và được ủy_ban nhân_dân tỉnh , thành_phố trực_thuộc Trung_ương cấp giấy_phép hoạt_động giới_thiệu việc_làm . 

3 . Bộ Lao_động-Thương_binh và Xã_hội trình Thủ_tướng Chính_phủ ban_hành Quy_chế về tổ_chức và hoạt_động giới_thiệu việc_làm . 

Điều 16 .  Nghị_định này có hiệu_lực thi_hành sau 15 ngày , kể từ ngày đăng Công_báo . 

Nghị_định này thay_thế <NĐ rel="Replace"> Nghị_định số 72/CP ngày 31 tháng 10 năm 1995 </NĐ> của Chính_phủ quy_định chi_tiết và hướng_dẫn thi_hành một_số điều của <BL rel="Others"> Bộ_luật Lao_động </BL> về việc_làm .
Điều 17 .  Bộ Lao_động-Thương_binh và Xã_hội , Bộ Tài_chính , Bộ Kế_hoạch và Đầu_tư và các Bộ , ngành có liên_quan trong phạm_vi chức_năng , nhiệm_vụ , quyền_hạn của mình có trách_nhiệm hướng_dẫn thi_hành Nghị_định này . 

Điều 18 .  Các Bộ_trưởng , Thủ_trưởng cơ_quan ngang Bộ , Thủ_trưởng cơ_quan thuộc Chính_phủ , Chủ_tịch Ủy_ban nhân_dân tỉnh , thành_phố trực_thuộc Trung_ương chịu trách_nhiệm thi_hành Nghị_định này ./. 