Thông tư Sửa đổi Thông tư số 29/2015/TT-BTC ngày 06/3/2015, Thông tư số 93/2015/TT-BTC ngày 19/6/2015, Thông tư số 95/2015/TT-BTC ngày 19/6/2015, Thông tư số 167/2015/TT-BTC ngày 06/11/2015 và Thông tư số 192/2015/TT-BTC ngày 24/11/2015 quy định về phí sử dụng đường bộ

Sửa_đổi <TT rel="Amended"> Thông_tư số 29/2015/TT-BTC ngày 06/3/2015 </TT> , <TT rel="Amended"> Thông_tư số 93/2015/TT-BTC ngày 19/6/2015 </TT> , <TT rel="Amended"> Thông_tư số 95/2015/TT-BTC ngày 19/6/2015 </TT> , <TT rel="Amended"> Thông_tư số 167/2015/TT-BTC ngày 06/11/2015 </TT> và <TT rel="Amended"> Thông_tư số 192/2015/TT-BTC ngày 24/11/2015 </TT> quy_định về phí sử_dụng đường_bộ