Nghị định Ban hành Quy chế quản lý vay và trả nợ nước ngoài

Căn_cứ <L rel="Pursuant"> Luật Tổ_chức Chính_phủ ngày 25 tháng 12 năm 2001 </L> ;
Căn_cứ <L rel="Pursuant"> Luật Ngân_sách nhà_nước ngày 16 tháng 12 năm 2002 </L> ;
Căn_cứ <L rel="Pursuant"> Luật Ngân_hàng Nhà_nước Việt_Nam ngày 12 tháng 12 năm 1997 </L> và <L rel="Pursuant"> Luật sửa_đổi , bổ_sung một_số điều của <L rel="Others"> Luật Ngân_hàng Nhà_nước Việt_Nam </L> ngày 17 tháng 6 năm 2003 </L> ;
Căn_cứ <L rel="Pursuant"> Luật Các tổ_chức tín_dụng ngày 12 tháng 12 năm 1997 </L> và <L rel="Pursuant"> Luật sửa_đổi , bổ_sung một_số điều của <L rel="Others"> Luật Các tổ_chức tín_dụng </L> ngày 15 tháng 6 năm 2004 </L> ;
Căn_cứ yêu_cầu thực_tế của công_tác quản_lý nợ nước_ngoài và đề_nghị của Bộ_trưởng Bộ Tài_chính , Thủ_tướng Chính_phủ có_thể thành_lập tổ_chức phối_hợp liên_ngành về quản_lý nợ nước_ngoài hoặc sử_dụng cơ_chế phối_hợp sẵn có phù_hợp với chức_năng , quyền_hạn của Chính_phủ theo quy_định của pháp_luật . 

Căn_cứ vào kế_hoạch ngân_sách nhà_nước trả nợ nước_ngoài hàng năm đã được Chính_phủ phê_duyệt , Bộ Tài_chính tổ_chức thực_hiện việc trả nợ theo đúng cam_kết với người cho vay nước_ngoài tại các thỏa_thuận vay hoặc bảo_lãnh của Chính_phủ .  Trong trường_hợp cần_thiết , Bộ Tài_chính chủ_trì cùng các Bộ , ngành có liên_quan đàm_phán với các chủ_nợ nước_ngoài về hạn_mức , thời_hạn và hình_thức trả nợ thích_hợp ( trả bằng tiền , bằng hàng_hóa , dịch_vụ xuất_khẩu hoặc chuyển_đổi nợ , cơ_cấu lại nợ ... ) . 

Điều 1 .  Ban_hành kèm theo Nghị_định này bản Quy_chế quản_lý vay và trả nợ nước_ngoài . 

Điều 2 . Nghị_định này có hiệu_lực sau 15 ngày , kể từ ngày đăng Công_báo và thay_thế <NĐ rel="Replace"> Nghị_định số 90/1998/NĐ-CP ngày 07 tháng 11 năm 1998 </NĐ> của Chính_phủ .
Điều 3 .  Bộ_trưởng Bộ Tài_chính , Thống_đốc Ngân_hàng Nhà_nước Việt_Nam , Bộ_trưởng Bộ Kế_hoạch và Đầu_tư chịu trách_nhiệm thực_hiện và hướng_dẫn , kiểm_tra việc thi_hành Quy_chế quản_lý vay và trả nợ nước_ngoài ban_hành kèm theo Nghị_định này . 

Điều 4 .  Các Bộ_trưởng , Thủ_trưởng cơ_quan ngang Bộ , Thủ_trưởng cơ_quan thuộc Chính_phủ , Chủ_tịch Ủy_ban nhân_dân tỉnh , thành_phố trực_thuộc Trung_ương và Thủ_trưởng các cơ_quan liên_quan chịu trách_nhiệm thi_hành Nghị_định này ./. 

QUY_CHẾ 

QUẢN_LÝ VAY VÀ TRẢ NỢ NƯỚC_NGOÀI 

( Ban_hành kèm theo <NĐ rel="Others"> Nghị_định số 134/2005/NĐ-CP ngày 01/11/2005 </NĐ>
của Chính_phủ ) 

Vốn đối_ứng có_thể là ngoại_tệ ( tiền đặt_cọc , tiền nhập máy_móc thiết_bị trường_hợp không được sử_dụng vốn vay ... ) hoặc tiền đồng Việt_Nam ( chi cho khảo_sát , thiết_kế , đền_bù giải_phóng mặt_bằng , xây_lắp , quản_lý dự_án , nộp các khoản thuế theo luật_định và tiền bảo_hiểm_... ) . 

Điều 6 .  Phân_công trách_nhiệm quản l ‎ ý nhà_nước về vay , trả nợ nước_ngoài 

1 . Bộ Tài_chính , cơ_quan đầu_mối của Chính_phủ thực_hiện việc quản l ‎ ý nhà_nước về vay và trả nợ nước_ngoài của quốc_gia , có trách_nhiệm : 

a ) Chủ_trì , phối_hợp với Bộ Kế_hoạch và Đầu_tư và Ngân_hàng Nhà_nước Việt_Nam xây_dựng và trình Thủ_tướng Chính_phủ phê_duyệt Chương_trình quản_lý nợ trung_hạn , Kế_hoạch hàng năm về vay và trả nợ nước_ngoài trên cơ_sở tổng_hợp kế_hoạch vay và trả nợ nước_ngoài của Chính_phủ , của các tổ_chức thuộc khu_vực công và tổng hạn_mức vay thương_mại nước_ngoài của quốc_gia ; 

b ) Chủ_trì , phối_hợp với Bộ Kế_hoạch và Đầu_tư xây_dựng , trình Thủ_tướng Chính_phủ quyết_định đề_án huy_động và kế_hoạch sử_dụng vốn vay thương_mại nước_ngoài của Chính_phủ khi Chính_phủ có nhu_cầu vay thương_mại nước_ngoài ; 

c ) Chủ_trì , phối_hợp với Bộ Kế_hoạch và Đầu_tư và Ngân_hàng Nhà_nước Việt_Nam xây_dựng , trình Thủ_tướng Chính_phủ ban_hành hệ_thống các chỉ_tiêu giám_sát nợ quốc_gia , quy_trình thu_thập , báo_cáo , tổng_hợp , chia_sẻ và công_bố thông_tin về nợ nước_ngoài ; 

d ) Tổ_chức đàm_phán , ký_kết các Điều_ước quốc_tế về vay và bảo_lãnh vay vốn nước_ngoài của Chính_phủ theo ủy_quyền hoặc phân_công của Thủ_tướng Chính_phủ ; 

đ ) Đại_diện chính_thức cho người vay đối_với các khoản vay nước_ngoài của Nhà_nước , Chính_phủ tại thỏa_thuận vay cụ_thể ; 

e ) Quản_lý_tài_chính đối_với các khoản vay nước_ngoài của Chính_phủ , bao_gồm : 

- Tổ_chức đăng_ký các khoản vay ; 

- Xây_dựng chế_độ quản_lý_tài_chính , xây_dựng và ban_hành Quy_chế cho vay lại trong nước vốn vay nước_ngoài của Chính_phủ ;  hướng_dẫn và tổ_chức cho vay lại vốn vay nước_ngoài của Chính_phủ và thu_hồi vốn cho vay lại ;  báo_cáo Thủ_tướng Chính_phủ tình_hình sử_dụng nguồn vốn này . 

g ) Quản_lý bảo_lãnh của Chính_phủ theo Quy_chế cấp và quản_lý bảo_lãnh Chính_phủ đối_với các khoản vay nước_ngoài , bao_gồm : 

- Hướng_dẫn quy_trình xem_xét và cấp bảo_lãnh Chính_phủ , thẩm_định các điều_kiện cấp bảo_lãnh và hồ_sơ bảo_lãnh cho chương_trình , dự_án cụ_thể trình Thủ_tướng Chính_phủ quyết_định việc bảo_lãnh ;  trực_tiếp cấp bảo_lãnh Chính_phủ ;  tổ_chức quản_lý các khoản bảo_lãnh của Chính_phủ như đối_với các khoản vay nước_ngoài của Chính_phủ ; 

- Thực_hiện nghĩa_vụ của người bảo_lãnh đối_với người cho vay nước_ngoài ; 

- Thực_hiện việc kiểm_tra , giám_sát kết_quả hoạt_động kinh_doanh , sử_dụng vốn và trả nợ vay nước_ngoài của người được bảo_lãnh ;  được áp_dụng các công_cụ tài_chính và các chế_tài theo quy_định của pháp_luật để truy đòi số nợ đã trả thay người được bảo_lãnh và các chi_phí phát_sinh có liên_quan . 

h ) Chủ_trì xây_dựng và quản l ‎ ý cơ_sở dữ_liệu nợ nước_ngoài của Chính_phủ , tình_hình vay , trả nợ nước_ngoài của quốc_gia ;  là đầu_mối công_bố , cung_cấp thông_tin về tình_hình vay , trả nợ nước_ngoài của Chính_phủ , vay , trả nợ nước_ngoài của quốc_gia theo quy_định của pháp_luật ; 

i ) Bảo_đảm thực_hiện mọi nghĩa_vụ trả nợ nước_ngoài của Chính_phủ đầy_đủ , đúng hạn và có lợi nhất , bao_gồm : tổ_chức thực_hiện việc trả nợ nước_ngoài của Chính_phủ từ ngân_sách nhà_nước ;  thành_lập và tổ_chức quản_lý sử_dụng Quỹ_tích lũy trả nợ nước_ngoài ;  xây_dựng , đề_xuất và trình Thủ_tướng Chính_phủ phê_duyệt và tổ_chức thực_hiện các phương_án xử_lý nợ , cơ_cấu lại nợ nước_ngoài của Chính_phủ khi cần_thiết ; 

k ) Thực_hiện các nhiệm_vụ được Chính_phủ phân_công tại Quy_chế quản_lý và sử_dụng ODA do Chính_phủ ban_hành ; 

l ) Thực_hiện đánh_giá sau dự_án đối_với các chương_trình , dự_án sử_dụng vốn vay thương_mại nước_ngoài của Chính_phủ và chương_trình , dự_án sử_dụng các khoản vay nước_ngoài được Chính_phủ bảo_lãnh . 

2 . Bộ Kế_hoạch và Đầu_tư có trách_nhiệm : 

a ) Chủ_trì , phối_hợp với Bộ Tài_chính và Ngân_hàng Nhà_nước Việt_Nam xây_dựng , trình Thủ_tướng Chính_phủ phê_duyệt Chiến_lược nợ dài_hạn trong chiến_lược tổng_thể về huy_động vốn đầu_tư cho nền kinh_tế ; 

b ) Chủ_trì , thống_nhất với Bộ Tài_chính xây_dựng và trình Thủ_tướng Chính_phủ phê_duyệt danh_mục chương_trình , dự_án được cấp_phát hoặc vay lại toàn_bộ hoặc vay lại một phần nguồn vốn vay nước_ngoài của Chính_phủ ; 

c ) Phối_hợp với Bộ Tài_chính xây_dựng hệ_thống các chỉ_tiêu giám_sát nợ , Chương_trình quản_lý nợ trung_hạn , Kế_hoạch hàng năm về vay và trả nợ nước_ngoài của quốc_gia và giám_sát các chỉ_số vĩ_mô về nợ nước_ngoài của quốc_gia ; 

d ) Phối_hợp với Bộ Tài_chính xây_dựng quy_trình thu_thập , báo_cáo , tổng_hợp , chia_sẻ và công_bố thông_tin về nợ nước_ngoài trình Thủ_tướng Chính_phủ ban_hành ; 

đ ) Thực_hiện các nhiệm_vụ được Chính_phủ phân_công tại Quy_chế quản_lý và sử_dụng ODA do Chính_phủ ban_hành . 

3 . Ngân_hàng Nhà_nước Việt_Nam có trách_nhiệm : 

a ) Thực_hiện quản_lý nhà_nước đối_với việc vay , trả nợ nước_ngoài của các doanh_nghiệp , tổ_chức thuộc khu_vực công ;  giám_sát , theo_dõi việc vay , trả nợ nước_ngoài của khu_vực tư_nhân ;  hướng_dẫn và kiểm_tra việc bảo_lãnh vay nước_ngoài của các ngân_hàng thương_mại và của các tổ_chức khác được phép cấp bảo_lãnh vay nước_ngoài theo pháp_luật hiện_hành ; 

b ) Chủ_trì , phối_hợp với các cơ_quan có liên_quan xây_dựng hạn_mức vay thương_mại nước_ngoài hàng năm của các doanh_nghiệp , tổ_chức thuộc khu_vực công và dự_báo mức vay nước_ngoài hàng năm của khu_vực tư_nhân gửi Bộ Tài_chính để tổng_hợp vào tổng hạn_mức vay thương_mại nước_ngoài hàng năm của khu_vực công và của cả nước trình Thủ_tướng Chính_phủ phê_duyệt ; 

c ) Chủ_trì , phối_hợp với Bộ Tài_chính điều_hành hạn_mức vay thương_mại nước_ngoài hàng năm của các doanh_nghiệp , tổ_chức đã được Thủ_tướng Chính_phủ phê_duyệt ; 

d ) Tổng_hợp tình_hình thực_hiện vay và trả nợ nước_ngoài hàng năm của các doanh_nghiệp , tổ_chức thuộc khu_vực công và của khu_vực tư_nhân , báo_cáo Thủ_tướng Chính_phủ , đồng gửi Bộ Tài_chính để tổng_hợp tình_hình vay , trả nợ nước_ngoài chung hàng năm của cả nước ; 

đ ) Hướng_dẫn và tổ_chức việc đăng_ký các khoản vay nước_ngoài của các doanh_nghiệp , tổ_chức thuộc khu_vực công và của khu_vực tư_nhân ( kể_cả các khoản vay được Chính_phủ bảo_lãnh ) ; 

e ) Giám_sát các luồng tiền_tệ liên_quan đến hoạt_động vay , trả nợ nước_ngoài nhằm phục_vụ cho việc tổng_hợp cán_cân thanh_toán quốc_tế , điều_hành chính_sách tiền_tệ và quản_lý ngoại_hối ; 

g ) Thiết_lập hệ_thống cảnh_báo sớm về rủi_ro từ nợ của khu_vực doanh_nghiệp ; 

h ) Phối_hợp với Bộ Tài_chính xây_dựng hệ_thống các chỉ_tiêu giám_sát nợ , Chương_trình quản_lý nợ trung_hạn và Kế_hoạch hàng năm về vay và trả nợ nước_ngoài ; 

i ) Phối_hợp với Bộ Tài_chính xây_dựng quy_trình thu_thập , báo_cáo , tổng_hợp , chia_sẻ và công_bố thông_tin về nợ nước_ngoài trình Thủ_tướng Chính_phủ ban_hành ; 

k ) Thực_hiện các nhiệm_vụ được Chính_phủ phân_công tại Quy_chế quản_lý và sử_dụng ODA do Chính_phủ ban_hành . 

4 . Bộ Tư_pháp có trách_nhiệm : 

a ) Tham_gia ý_kiến về những vấn_đề pháp_lý trong các thỏa_thuận về vay , trả nợ nước_ngoài của Chính_phủ , các thỏa_thuận về bảo_lãnh của Chính_phủ trước khi trình Thủ_tướng Chính_phủ quyết_định ;  tham_gia ý_kiến trong trường_hợp cần_thiết về những vấn_đề pháp_lý khác có liên_quan đến các văn_kiện vay , trả nợ nước_ngoài của các doanh_nghiệp và tổ_chức kinh_tế trong nước theo đề_nghị của người vay và của cơ_quan bảo_lãnh ; 

b ) Thẩm_định những vấn_đề khác nhau giữa các thỏa_thuận về vay , trả nợ nước_ngoài của Chính_phủ và pháp_luật trong nước ;  theo_dõi việc xử_lý các vấn_đề này trong quá_trình thực_hiện các cam_kết về vay và trả nợ nước_ngoài ; 

c ) Trong các trường_hợp cần_thiết , cấp ý_kiến pháp_lý đối_với các thỏa_thuận vay , trả nợ nước_ngoài của Chính_phủ , các thỏa_thuận vay được Chính_phủ bảo_lãnh và cấp ý_kiến pháp_lý về tư_cách pháp_lý của người vay và của cơ_quan bảo_lãnh theo đề_nghị của các cơ_quan này . 

5 . Các cơ_quan liên_quan khác : có trách_nhiệm phối_hợp với Bộ Tài_chính , Ngân_hàng Nhà_nước Việt_Nam thực_hiện quản_lý nhà_nước về vay , trả nợ nước_ngoài theo chức_năng , thẩm_quyền của mình và theo quy_định tại Quy_chế này . 

Điều 7 .  Phối_hợp liên_ngành về quản_lý nợ nước_ngoài 

Điều 8 .  Mục_tiêu 

Bảo_đảm huy_động có hiệu_quả nguồn vốn cho đầu_tư phát_triển , giảm_thiểu chi_phí và rủi_ro của các giao_dịch huy_động vốn và sử_dụng vốn , đảm_bảo thực_hiện các nghĩa_vụ nợ của khu_vực công ( bao_gồm các nghĩa_vụ nợ trực_tiếp và nghĩa_vụ dự_phòng ) trên cơ_sở giám_sát chặt_chẽ các nghĩa_vụ nợ , giảm_thiểu rủi_ro cho ngân_sách nhà_nước và duy_trì an_toàn nợ quốc_gia . 

Mục 1 

QUẢN_LÝ VAY , TRẢ NỢ NƯỚC_NGOÀI CỦA CHÍNH_PHỦ 

Điều 9 .  Các yêu_cầu cơ_bản 

1 . Việc vay và trả nợ nước_ngoài của Chính_phủ phải được thực_hiện thống_nhất theo các nguyên_tắc quản_lý nợ nước_ngoài của quốc_gia nêu tại Điều 4 của Quy_chế này . 

2 . Bố_trí nguồn vốn vay phù_hợp với mục_tiêu sử_dụng , đảm_bảo hiệu_quả cao trong việc sử_dụng vốn , tạo ra nguồn ngoại_tệ và tích_lũy trong nước đáp_ứng được mục_tiêu phát_triển , đồng_thời đảm_bảo trả được nợ . 

3 . Tranh_thủ tối_đa các nguồn vay ưu_đãi trên cơ_sở cân_nhắc hiệu_quả và chi_phí , ưu_tiên sử_dụng nguồn vốn vay ưu_đãi cho phát_triển hạ_tầng kinh_tế , xã_hội . 

4 . Quản_lý thận_trọng việc vay thương_mại nước_ngoài của Chính_phủ .  Không sử_dụng vốn vay thương_mại nước_ngoài cho các chương_trình , dự_án không có khả_năng thu_hồi vốn trực_tiếp , hoặc sử_dụng vốn vay thương_mại ngắn_hạn cho các mục_tiêu dài_hạn , trừ trường_hợp đặc_biệt được Thủ_tướng Chính_phủ cho phép . 

5 . Thực_hiện các biện_pháp cơ_cấu lại nợ , đảo_nợ , vay mới trả cũ .  . . và các biện_pháp quản_lý nợ hiện_đại trên cơ_sở phân_tích danh_mục nợ , nắm_bắt điều_kiện thị_trường nhằm giảm_thiểu rủi_ro tín_dụng , hối_đoái và chi_phí đối_với ngân_sách nhà_nước trong công_tác vay và trả nợ nước_ngoài . 

Điều 10 .  Nguyên_tắc quản_lý 

1 . Bộ_trưởng Bộ Tài_chính chịu trách_nhiệm trước Chính_phủ về thống_nhất quản_lý các khoản vay nợ , trả nợ nước_ngoài của Chính_phủ trên cơ_sở Chiến_lược nợ dài_hạn và Chương_trình quản_lý nợ trung_hạn , theo_dõi và giám_sát các khoản vay và trả nợ nước_ngoài theo các hạn_mức và kế_hoạch vay , trả nợ hàng năm , áp_dụng các chính_sách và công_cụ tài_chính phù_hợp để bảo_đảm cơ_cấu , thời_hạn và tổng_số nợ hợp_lý , áp_dụng các biện_pháp_chế_tài theo quy_định của pháp_luật nhằm đảm_bảo kỷ_luật tài_chính trong công_tác quản_lý vay , trả nợ nước_ngoài . 

2 . Các cơ_quan chính_quyền địa_phương không được phép trực_tiếp vay nước_ngoài .  Trong trường_hợp được pháp_luật hoặc Thủ_tướng Chính_phủ ủy_quyền và cho phép áp_dụng cơ_chế đặc_biệt , chính_quyền cấp tỉnh , thành_phố trực_thuộc Trung_ương được huy_động vốn vay nước_ngoài cho đầu_tư phát_triển kết_cấu_hạ_tầng thuộc nhiệm_vụ chi của ngân_sách cấp tỉnh theo nguyên_tắc : địa_phương xây_dựng phương_án , chủ_động tìm nguồn vay , phối_hợp với các cơ_quan có liên_quan đàm_phán vay nước_ngoài , lấy ý_kiến của Bộ Tài_chính , Bộ Kế_hoạch và Đầu_tư , Ngân_hàng Nhà_nước Việt_Nam về nội_dung vay , điều_kiện vay trước khi trình Thủ_tướng Chính_phủ xem_xét , quyết_định theo cơ_chế Chính_phủ vay về cho vay lại .  Địa_phương có trách_nhiệm bố_trí ngân_sách cấp tỉnh để trả nợ đầy_đủ theo quy_định của pháp_luật . 

3 . Các cơ_quan , tổ_chức tiếp_nhận và sử_dụng vốn vay nước_ngoài của Chính_phủ hoặc vốn vay được Chính_phủ bảo_lãnh phải sử_dụng vốn vay có hiệu_quả , đúng mục_đích , nội_dung chương_trình , dự_án đã được cơ_quan có thẩm_quyền phê_duyệt . 

Điều 11 .  Vay thương_mại nước_ngoài của Chính_phủ 

1 . Tùy theo nhu_cầu về vốn đầu_tư phát_triển , Chính_phủ có_thể huy_động nguồn vốn vay thương_mại nước_ngoài thông_qua các hình_thức vay trực_tiếp như vay tài_chính , vay tín_dụng xuất_khẩu , phát_hành trái_phiếu Chính_phủ ra thị_trường vốn quốc_tế hoặc các hình_thức phù_hợp khác , trong khuôn_khổ hạn_mức vay thương_mại hàng năm của Chính_phủ được Thủ_tướng Chính_phủ phê_duyệt . 

2 . Nguồn vay thương_mại nước_ngoài của Chính_phủ chỉ được sử_dụng cho các mục_đích sau : 

- Cho vay lại đối_với chương_trình , dự_án đầu_tư phát_triển trọng_điểm của Nhà_nước có nhu_cầu nhập_khẩu thiết_bị , công_nghệ , có khả_năng hoàn vốn trực_tiếp và trả được nợ vay hoặc 

- Để đảo_nợ nước_ngoài của Chính_phủ theo nguyên_tắc đảm_bảo có lợi và với chi_phí thấp nhất cho ngân_sách nhà_nước . 

3 . Trường_hợp Chính_phủ có nhu_cầu vay thương_mại nước_ngoài , Bộ Tài_chính chủ_trì , phối_hợp với Bộ Kế_hoạch và Đầu_tư lập đề_án huy_động và kế_hoạch sử_dụng vốn vay trình Thủ_tướng Chính_phủ xem_xét và quyết_định cho từng trường_hợp cụ_thể .  Trường_hợp phát_hành trái_phiếu dưới danh_nghĩa Nhà_nước hoặc Chính_phủ để vay vốn trên thị_trường vốn quốc_tế , thực_hiện theo quy_định hiện_hành của Chính_phủ về phát_hành trái_phiếu quốc_tế . 

Điều 12 .  Cơ_chế_tài_chính sử_dụng vốn vay nước_ngoài của Chính_phủ 

1 . Các chương_trình , dự_án đầu_tư cơ_sở hạ_tầng , phúc_lợi xã_hội và các dự_án thuộc lĩnh_vực khác không có khả_năng thu_hồi vốn trực_tiếp và là đối_tượng chi của ngân_sách nhà_nước , bao_gồm cả trường_hợp ngân_sách địa_phương được vay lại vốn vay nước_ngoài từ ngân_sách trung_ương để cấp_phát cho chương_trình , dự_án : được cấp_phát từ vốn vay nước_ngoài theo cơ_chế cấp_phát vốn ngân_sách nhà_nước . 

2 . Các chương_trình , dự_án đầu_tư phát_triển có khả_năng thu_hồi vốn toàn_bộ hoặc một phần ( bao_gồm cả các dự_án cơ_sở hạ_tầng ) : áp_dụng cơ_chế cho vay lại toàn_bộ hoặc cho vay lại một phần và cấp_phát một phần từ ngân_sách nhà_nước tùy theo khả_năng hoàn vốn . 

3 . Đối_với khoản vay bằng ngoại_tệ hoặc vay bằng hàng_hóa không trực_tiếp gắn với dự_án : 

a ) Vay nước_ngoài bằng ngoại_tệ : 

- Các khoản vay hỗ_trợ ngân_sách , phát_hành trái_phiếu quốc_tế được hạch_toán thu ngân_sách nhà_nước và được chuyển vào Quỹ ngoại_tệ tập_trung do Bộ Tài_chính quản_lý ; 

- Ngoại_tệ vay hỗ_trợ cán_cân thanh_toán quốc_tế được Bộ Tài_chính bán cho Ngân_hàng Nhà_nước Việt_Nam để chuyển vào Quỹ dự_trữ ngoại_hối do Ngân_hàng Nhà_nước Việt_Nam quản_lý và chuyển phần tiền đồng Việt_Nam tương_đương về ngân_sách nhà_nước ; 

Các khoản vay hỗ_trợ cán_cân thanh_toán theo thỏa_thuận hoán_đổi tiền_tệ ( nguồn ngoại_tệ hoán_đổi vay từ các ngân_hàng trung_ương các nước khác ) được Ngân_hàng Nhà_nước Việt_Nam quản_lý , sử_dụng và chịu trách_nhiệm hoàn_trả ngoại_tệ và thu_hồi nội_tệ khi đến hạn . 

- Tất_cả ngoại_tệ vay nước_ngoài được sử_dụng theo quyết_định cụ_thể của Thủ_tướng Chính_phủ và phù_hợp với các tiêu_chí của người cho vay . 

b ) Vay nước_ngoài bằng hàng hóa : 

- Trường_hợp thỏa_thuận vay có xác_định đối_tượng trong nước sử_dụng hàng_hóa : Bộ Tài_chính_quy_đổi ra tiền Việt_Nam để hạch_toán vào ngân_sách nhà_nước và thực_hiện chi cấp_phát hoặc cho vay lại đối_với đối_tượng sử_dụng hàng_hóa ; 

- Trường_hợp thỏa_thuận vay có xác_định đối_tượng trong nước sử_dụng vốn vay bằng hàng_hóa : Bộ Tài_chính chủ_trì tổ_chức việc nhập hàng , bán đấu_giá và nộp tiền vào ngân_sách nhà_nước để sử_dụng theo quy_định của thỏa_thuận vay ; 

- Trường_hợp thỏa_thuận vay không xác_định đối_tượng sử_dụng vốn vay : Bộ Tài_chính chủ_trì tổ_chức việc nhập hàng , bán đấu_giá và nộp tiền vào ngân_sách nhà_nước để sử_dụng theo quyết_định của Thủ_tướng Chính_phủ . 

Điều 13 .  Cho vay lại vốn vay nước_ngoài của Chính_phủ 

1 . Bộ Tài_chính tổ_chức cho vay lại vốn vay nước_ngoài của Chính_phủ thông_qua các tổ_chức được ủy_quyền là Quỹ hỗ_trợ phát_triển , các ngân_hàng thương_mại nhà_nước và Ngân_hàng Chính_sách Xã_hội ( cơ_quan cho vay lại ) . 

2 . Cơ_quan cho vay lại có trách_nhiệm quản_lý và thu_hồi vốn từ người vay lại để nộp vào Quỹ_tích lũy trả nợ nước_ngoài , đồng_thời được hưởng phí cho vay lại theo quy_định . 

3 . Việc cho vay lại vốn vay nước_ngoài của Chính_phủ được thực_hiện theo các điều_kiện chính sau : 

a ) Đồng_tiền vay lại : 

- Đối_với nguồn vốn vay ODA của Chính_phủ : người vay lại được quyền lựa_chọn đồng_tiền vay lại là nội_tệ hoặc ngoại_tệ tùy theo khả_năng trả nợ ; 

- Đối_với vốn vay thương_mại nước_ngoài của Chính_phủ : người vay lại phải vay lại bằng ngoại_tệ gốc do Chính_phủ vay nước_ngoài , trừ trường_hợp đặc_biệt do Thủ_tướng Chính_phủ quyết_định . 

b ) Thời_hạn cho vay lại : phù_hợp với thời_gian hoàn vốn nêu trong Báo_cáo nghiên_cứu_khả_thi hoặc Báo_cáo đầu_tư xây_dựng công_trình hoặc Báo_cáo kinh_tế-kỹ_thuật xây_dựng công_trình được cấp có thẩm_quyền phê_duyệt theo quy_định của pháp_luật ; 

c ) Lãi_suất và phí cho vay lại : 

- Đối_với vay thương_mại nước_ngoài của Chính_phủ : lãi_suất cho vay lại tính theo mức lãi_suất thị_trường , tối_thiểu phải bằng mức lãi_suất vay của nước_ngoài , cộng các khoản phí vay nước_ngoài và phí dịch_vụ cho vay lại trong nước ; 

- Đối_với vốn vay ODA : lãi_suất cho vay lại bằng nội_tệ được xác_định theo ngành kinh_tế kỹ_thuật , căn_cứ đồng_tiền vay , thời_hạn vay và khả_năng hoàn vốn của chương_trình , dự_án , đảm_bảo mức_độ ưu_đãi công_bằng giữa các chương_trình , dự_án có tính_chất tương_tự trong cùng một ngành .  Mức lãi_suất này bao_gồm cả phí cho vay lại trong nước và không vượt quá mức lãi_suất tín_dụng ưu_đãi của Nhà_nước quy_định trong từng thời_kỳ ; 

Trường_hợp người vay lại đề_nghị vay lại bằng ngoại_tệ : lãi_suất cho vay lại bằng lãi_suất cho vay lại bằng nội_tệ quy_định cho ngành kinh_tế kỹ_thuật tương_ứng trừ đi tỷ_lệ rủi_ro về tỷ_giá hối_đoái theo từng đồng_tiền , nhưng trong mọi trường_hợp không thấp hơn mức lãi_suất vay nước_ngoài . 

Bộ Tài_chính xây_dựng và trình Thủ_tướng Chính_phủ phê_duyệt khung lãi_suất cho vay lại bằng nội_tệ áp_dụng thống_nhất cho các ngành kinh_tế kỹ_thuật .  Hàng năm , trên cơ_sở khung lãi_suất đã được duyệt , tùy theo biến_động của thị_trường tài_chính và tiền_tệ , Bộ Tài_chính điều_chỉnh và công_bố lại mức lãi_suất cho vay lại . 

d ) Bộ Tài_chính xác_định điều_kiện cho vay lại cụ_thể và ký hợp_đồng ủy_quyền cho vay lại ( hoặc ký hiệp_định vay phụ và hợp_đồng ủy_quyền cho vay lại ) cho từng trường_hợp theo các điều_kiện khung nêu trên .  Trường_hợp đặc_biệt cần quy_định khác với điều_kiện khung , Bộ Tài_chính báo_cáo Thủ_tướng Chính_phủ quyết_định . 

Chính_phủ không xem_xét bố_trí vốn cho các chương_trình , dự_án thuộc diện vay lại vốn vay nước_ngoài của Chính_phủ nhưng không có khả_năng trả nợ theo các điều_kiện vay lại đã được Bộ Tài_chính công_bố . 

đ ) Đối_tượng được vay lại : 

Các doanh_nghiệp , tổ_chức kinh_tế thuộc mọi thành_phần kinh_tế , nếu có dự_án đầu_tư khả_thi phù_hợp với danh_mục và quy_hoạch đầu_tư phát_triển của Nhà_nước đã được cấp có thẩm_quyền phê_duyệt theo quy_định hiện_hành , có nhu_cầu sử_dụng vốn vay nước_ngoài của Chính_phủ , có khả_năng trả nợ , có tình_hình tài_chính lành_mạnh , được xem_xét để vay lại vốn vay nước_ngoài của Chính_phủ . 

e ) Tài_sản thế_chấp : 

Tùy_theo đối_tượng được vay lại cụ_thể , cơ_quan cho vay lại có_thể yêu_cầu thế_chấp các tài_sản để đảm_bảo cho các khoản vay , bao_gồm các tài_sản hình_thành từ vốn vay và các tài_sản khác theo quy_định của pháp_luật . 

Điều 14 .  Chính_quyền địa_phương vay lại vốn vay nước_ngoài của Chính_phủ 

Trong một_số trường_hợp đặc_biệt được pháp_luật hoặc Thủ_tướng Chính_phủ cho phép , chính_quyền cấp tỉnh , thành_phố trực_thuộc Trung_ương , nếu đảm_bảo cân_đối được ngân_sách để trả nợ , được vay lại nguồn vốn vay nước_ngoài của Chính_phủ ( thông_qua Bộ Tài_chính ) để thực_hiện các công_trình , dự_án của địa_phương .  Chủ_tịch Ủy_ban nhân_dân tỉnh , thành_phố trực_thuộc Trung_ương là người đại_diện chính_quyền địa_phương ký Thỏa_thuận cho vay lại và nhận nợ với Bộ Tài_chính .  Nguồn trả nợ lấy từ ngân_sách của địa_phương . 

Điều 15 .  Trách_nhiệm của người vay lại vốn vay nước_ngoài của Chính_phủ 

Trong mọi trường_hợp , người vay lại phải chịu trách_nhiệm trước pháp_luật về việc thực_hiện đầy_đủ các cam_kết và nghĩa_vụ trả nợ theo thỏa_thuận vay lại đã ký_kết ;  thường_xuyên , định_kỳ báo_cáo về tình_trạng khoản vay , khả_năng trả nợ và tất_cả các vấn_đề phát_sinh có liên_quan cho cơ_quan chủ_quản , cơ_quan cho vay lại và Bộ Tài_chính ;  phối_hợp và tạo điều_kiện cho các cơ_quan kiểm_toán , thanh_tra .  . . tiến_hành các hoạt_động giám_sát khoản vay . 

Điều 16 .  Trách_nhiệm và quyền_hạn của cơ_quan cho vay lại 

1 . Cơ_quan cho vay lại chịu trách_nhiệm thẩm_định lại phương_án tài_chính của chương_trình , dự_án vay lại , năng_lực tài_chính của người vay lại và báo_cáo kết_quả thẩm_định cho Bộ Tài_chính trước khi ký_kết Thỏa_thuận cho vay lại ( kể_cả khi chương_trình , dự_án đã có quyết_định đầu_tư ) .  Trường_hợp cho vay lại theo chỉ_định của Thủ_tướng Chính_phủ , cơ_quan cho vay lại không phải thẩm_định lại và không chịu rủi_ro tín_dụng . 

2 . Cơ_quan cho vay lại có trách_nhiệm thu_hồi đầy_đủ và đúng hạn các khoản nợ cho vay lại và hoàn_trả cho ngân_sách nhà_nước thông_qua Quỹ_tích lũy trả nợ nước_ngoài theo hướng_dẫn của Bộ Tài_chính . 

3 . Cơ_quan cho vay lại có quyền áp_dụng các biện_pháp cần_thiết phù_hợp với quy_định tín_dụng hiện_hành và quy_định của pháp_luật để đảm_bảo việc thu_hồi nợ và hoàn_trả ngân_sách nhà_nước đầy_đủ , đúng hạn .  Trong trường_hợp không thu_hồi được nợ sau khi đã áp_dụng mọi biện_pháp trên , cơ_quan cho vay lại báo_cáo Bộ Tài_chính để có biện_pháp xử_lý . 

Điều 17 .  Bố_trí vốn đối_ứng 

Mọi chương_trình , dự_án sử_dụng vốn vay nước_ngoài của Chính_phủ phải được bố_trí đầy_đủ và kịp_thời vốn đối_ứng . 

Đối_với chương_trình , dự_án thuộc diện được cấp_phát : chương_trình , dự_án thuộc cấp nào sẽ do ngân_sách cấp đó bố_trí vốn đối_ứng .  Các chủ đầu_tư , cơ_quan chủ_quản phải tính_toán đầy_đủ nhu_cầu về vốn đối_ứng , lập kế_hoạch hàng năm gửi các cơ_quan kế_hoạch và cơ_quan_tài_chính để cân_đối trong ngân_sách nhà_nước_hàng năm . 

Đối_với chương_trình , dự_án theo cơ_chế vay lại ( toàn_bộ hoặc một phần ) vốn vay nước_ngoài của Chính_phủ : các chủ đầu_tư phải tự thu_xếp nguồn vốn đối_ứng và được ưu_tiên vay từ các nguồn tín_dụng của Nhà_nước hoặc từ Quỹ hỗ_trợ phát_triển . 

Điều 18 .  Trả nợ nước_ngoài của Chính_phủ 

Những khoản chi ngân_sách nhà_nước đã trả nợ cho nước_ngoài đối_với các khoản vay về cho vay lại , trả nợ thay người được bảo_lãnh được hoàn_trả từ nguồn Quỹ_tích lũy trả nợ nước_ngoài . 

Điều 19 .  Trách_nhiệm hướng_dẫn thực_hiện 

Bộ Tài_chính chủ_trì , phối_hợp với các cơ_quan liên_quan xây_dựng Quy_chế cho vay lại nguồn vốn vay nước_ngoài của Chính_phủ theo các quy_định nêu tại mục 1 Chương III Quy_chế này , trình Thủ_tướng Chính_phủ ra quyết_định ban_hành Quy_chế . 

Mục 2 

QUẢN_LÝ BẢO_LÃNH CHÍNH_PHỦ ĐỐI_VỚI VAY NƯỚC_NGOÀI 

Điều 20 .  Quy_định chung 

Bảo_lãnh Chính_phủ là hình_thức bảo_lãnh cao nhất của Nhà_nước Cộng_hòa xã_hội chủ_nghĩa Việt_Nam đối_với các khoản vay nước_ngoài . 

Điều 21 .  Điều_kiện cấp bảo_lãnh Chính_phủ để vay vốn nước_ngoài 

1 . Đối_tượng được xem_xét cấp bảo_lãnh Chính_phủ ( người được bảo_lãnh ) : là doanh_nghiệp , tổ_chức kinh_tế , tổ_chức tín_dụng trong nước thuộc mọi thành_phần kinh_tế trực_tiếp ký Thỏa_thuận vay với người cho vay nước_ngoài theo phương_thức tự vay , tự chịu trách_nhiệm trả nợ để thực_hiện chương_trình , dự_án đầu_tư hoặc tín_dụng ;  có tình_hình hoạt_động như quy_định của đoạn 6 Điều 22 của Quy_chế này . 

2 . Loại_hình chương_trình , dự_án được xem_xét cấp bảo_lãnh Chính_phủ : 

a ) Là chương_trình , dự_án đầu_tư trọng_điểm được Quốc_hội hoặc Thủ_tướng Chính_phủ phê_duyệt chủ_trương đầu_tư hoặc 

b ) Là chương_trình , dự_án nhập các thiết_bị công_nghệ_cao hoặc để sản_xuất hàng_hóa , cung_cấp dịch_vụ xuất_khẩu và chương_trình , dự_án thuộc các lĩnh_vực ưu_tiên đầu_tư của Nhà_nước , có khả_năng trả được nợ hoặc 

c ) Là chương_trình , dự_án được tài_trợ bằng khoản vay thương_mại đi cùng nguồn vốn ODA tạo thành nguồn vốn tài_trợ dưới dạng tín_dụng hỗn_hợp hoặc 

d ) Là chương_trình , dự_án vay của các tổ_chức tín_dụng được Ngân_hàng Nhà_nước Việt_Nam thẩm_định và đề_nghị cấp bảo_lãnh Chính_phủ . 

3 . Vốn chủ sở_hữu của chủ đầu_tư cho chương_trình , dự_án phải đảm_bảo không dưới 20 % tổng mức vốn đầu_tư cho chương_trình , dự_án đó . 

4 . Khoản vay thương_mại nước_ngoài được Chính_phủ bảo_lãnh cho chương_trình , dự_án phải nằm trong tổng hạn_mức vay thương_mại nước_ngoài hàng năm của Chính_phủ được Thủ_tướng Chính_phủ phê_duyệt . 

Điều 22 .  Hồ_sơ cấp bảo_lãnh Chính_phủ gồm : 

1 . Đề_nghị chính_thức của người cho vay nước_ngoài yêu_cầu bảo_lãnh của Chính_phủ . 

2 . Đề_nghị chính_thức của người được bảo_lãnh với Thủ_tướng Chính_phủ về việc bảo_lãnh cho khoản vay nước_ngoài . 

3 . Quyết_định đầu_tư , báo_cáo nghiên_cứu_khả_thi/báo_cáo đầu_tư xây_dựng công_trình của chương_trình , dự_án được cấp có thẩm_quyền phê_duyệt theo quy_định hiện_hành , có nội_dung bảo_đảm chương_trình , dự_án đó đáp_ứng được các điều_kiện cấp bảo_lãnh Chính_phủ vay vốn nước_ngoài theo quy_định tại Điều 21 của Quy_chế này . 

4 . Phương_án tài_chính bảo_đảm khả_năng hoàn_trả vốn vay được cơ_quan cấp bảo_lãnh thẩm_định và chấp_nhận .  Chương_trình , dự_án của tổ_chức tín_dụng phải được Ngân_hàng Nhà_nước Việt_Nam thẩm_định phương_án tài_chính và đề_nghị Chính_phủ cấp bảo_lãnh . 

5 . Thỏa_thuận vay , hợp_đồng thương_mại đã ký_kết và được các cơ_quan có thẩm_quyền phê_duyệt theo quy_định hiện_hành ( trong trường_hợp khoản vay nước_ngoài được sử_dụng để tài_trợ cho các hợp_đồng thương_mại ) . 

6 . Báo_cáo tài_chính đã được kiểm_toán hoặc được cơ_quan có thẩm_quyền chứng_minh người được bảo_lãnh có hoạt_động kinh_doanh và tình_hình tài_chính trong trạng_thái_bình_thường , không có lỗ trong 3 năm liên_tục gần nhất , không có các khoản nợ vay trong và ngoài nước quá hạn .  Trường_hợp người được bảo_lãnh chưa đủ 3 năm hoạt_động thì cần có văn_bản cam_kết của cơ_quan chủ_quản cấp trên bảo_đảm khả_năng trả nợ của người được bảo_lãnh , hoặc phương_án tài_chính bảo_đảm khả_năng trả nợ được cơ_quan cấp bảo_lãnh thẩm_định và chấp_nhận . 

Điều 23 .  Mức bảo_lãnh Chính_phủ 

Các khoản vay được Chính_phủ bảo_lãnh phải có trị_giá tối_thiểu tương_đương 10 triệu USD ( trừ các khoản vay thương_mại đi theo vốn ODA để tài_trợ dưới dạng tín_dụng hỗn_hợp ) . 

Điều 24 .  Phí bảo_lãnh 

1 . Bộ Tài_chính quy_định mức phí cụ_thể cho từng chương_trình , dự_án , căn_cứ vào thời_hạn bảo_lãnh và đánh_giá mức_độ rủi_ro , nhưng tối_đa không vượt quá 1,5 % năm tính trên số tiền vay còn đang được bảo_lãnh . 

2 . Phí bảo_lãnh được nộp vào Quỹ_tích lũy trả nợ nước_ngoài theo hướng_dẫn của Bộ Tài_chính để làm nguồn dự_phòng trả nợ trong trường_hợp người được bảo_lãnh không trả được nợ . 

Điều 25 .  Tài_sản thế_chấp cho khoản vay được Chính_phủ bảo_lãnh 

Toàn_bộ tài_sản hình_thành từ vốn vay nước_ngoài được Chính_phủ bảo_lãnh được dùng làm thế_chấp cho bảo_lãnh của Chính_phủ và không được dùng làm thế_chấp để vay tiếp các nguồn vốn khác . 

Điều 26 .  Trách_nhiệm của người được bảo_lãnh 

1 . Cung_cấp cho Bộ Tài_chính hồ_sơ cấp bảo_lãnh Chính_phủ và các tài_liệu cần_thiết có liên_quan để Bộ Tài_chính thẩm_định và đề_nghị Thủ_tướng Chính_phủ quyết_định việc bảo_lãnh . 

2 . Thực_hiện các nghĩa_vụ của người vay theo thỏa_thuận vay đã ký và các nghĩa_vụ của người được bảo_lãnh đối_với Bộ Tài_chính theo Quy_chế cấp và quản_lý bảo_lãnh Chính_phủ đối_với các khoản vay nước_ngoài được ban_hành theo quy_định tại Điều 27 của Quy_chế này . 

3 . Cung_cấp cho Bộ Tài_chính theo định_kỳ và khi cần_thiết các báo_cáo tài_chính được kiểm_toán hoặc có xác_nhận của cơ_quan quản_lý_tài_chính nhà_nước cấp trên ;  báo_cáo kế_hoạch , tình_hình rút vốn vay , trả nợ , dư_nợ ;  báo_cáo tình_hình thực_hiện chương_trình , dự_án và các tình_huống đặc_biệt có ảnh_hưởng đến tình_hình thực_hiện chương_trình , dự_án và khả_năng thực_hiện các nghĩa_vụ thanh_toán theo thỏa_thuận vay . 

4 . Tạo điều_kiện cho Bộ Tài_chính kiểm_tra tình_hình thực_hiện chương_trình , dự_án khi cần_thiết . 

5 . Nộp phí bảo_lãnh kịp_thời và đầy_đủ cho Bộ Tài_chính theo quy_định tại Điều 24 của Quy_chế này . 

Điều 27 .  Trách_nhiệm hướng_dẫn thực_hiện 

Bộ Tài_chính chủ_trì , phối_hợp với các cơ_quan liên_quan xây_dựng Quy_chế cấp và quản_lý bảo_lãnh Chính_phủ đối_với các khoản vay nước_ngoài theo các nguyên_tắc nêu tại mục 2 Chương III Quy_chế này , trình Thủ_tướng Chính_phủ ra quyết_định ban_hành Quy_chế . 

Mục 3 

QUẢN_LÝ VAY , TRẢ NỢ NƯỚC_NGOÀI CỦA DOANH_NGHIỆP , 

TỔ_CHỨC KINH_TẾ THUỘC KHU_VỰC CÔNG 

( gọi tắt là doanh_nghiệp nhà_nước ) 

Điều 28 .  Nguyên_tắc , phương_thức quản_lý 

1 . Doanh_nghiệp nhà_nước được trực_tiếp vay vốn nước_ngoài theo phương_thức tự vay , tự chịu trách_nhiệm trả nợ cho Bên cho vay nước_ngoài theo đúng các điều_kiện đã cam_kết tại các thỏa_thuận vay . 

2 . Chính_phủ không chịu trách_nhiệm đối_với các khoản nợ do các doanh_nghiệp nhà_nước trực_tiếp đi vay nước_ngoài , trừ các khoản vay được Chính_phủ bảo_lãnh nêu ở mục 2 Chương III Quy_chế này . 

3 . Các khoản vay thương_mại nước_ngoài trung , dài_hạn của các doanh_nghiệp nhà_nước phải nằm trong kế_hoạch tổng hạn_mức vay thương_mại hàng năm đã được Thủ_tướng Chính_phủ phê_duyệt và đáp_ứng được các điều_kiện về vay trung và dài_hạn do Ngân_hàng Nhà_nước Việt_Nam quy_định trong từng thời_kỳ ;  phải được đăng_ký với Ngân_hàng Nhà_nước Việt_Nam và được Ngân_hàng Nhà_nước Việt_Nam xác_nhận và phải định_kỳ báo_cáo Ngân_hàng Nhà_nước Việt_Nam về tình_hình rút vốn , sử_dụng vốn và trả nợ theo chế_độ báo_cáo do Thống_đốc Ngân_hàng Nhà_nước Việt_Nam quy_định . 

4 . Trường_hợp_doanh_nghiệp nhà_nước vay vốn nước_ngoài thông_qua phát_hành trái_phiếu quốc_tế : doanh_nghiệp phải lập đề_án phát_hành , lấy ý_kiến thẩm_định của Bộ Tài_chính và Ngân_hàng Nhà_nước Việt_Nam trước khi trình cấp có thẩm_quyền phê_duyệt . 

5 . Các khoản vay nước_ngoài ngắn_hạn của doanh_nghiệp nhà_nước phải nằm trong kế_hoạch tổng hạn_mức vay thương_mại hàng năm đã được Thủ_tướng Chính_phủ phê_duyệt và đáp_ứng các điều_kiện về vay ngắn_hạn do Thống_đốc Ngân_hàng Nhà_nước Việt_Nam quy_định cho từng thời_kỳ . 

6 . Việc rút vốn vay và chuyển tiền trả nợ nước_ngoài của doanh_nghiệp nhà_nước phải thực_hiện qua các ngân_hàng hoạt_động trên lãnh_thổ Việt_Nam được phép hoạt_động ngoại_hối , trừ trường_hợp rút vốn để thanh_toán trực_tiếp cho nhà cung_cấp nước_ngoài .  Trường_hợp rút vốn , trả nợ bằng tài_sản , hàng_hóa ( vô_hình hoặc hữu_hình ) không thực_hiện qua ngân_hàng , doanh_nghiệp phải báo_cáo theo quy_định của Ngân_hàng Nhà_nước Việt_Nam và khi cần_thiết , phải có ý_kiến của cơ_quan quản_lý nhà_nước của ngành , lĩnh_vực có liên_quan . 

7 . Các doanh_nghiệp nhà_nước vay vốn nước_ngoài có nghĩa_vụ sử_dụng vốn vay đúng mục_đích , không được sử_dụng vốn vay ngắn_hạn để đầu_tư cho các dự_án trung và dài_hạn , hoàn_trả nợ ( gốc và lãi ) theo đúng cam_kết trong thỏa_thuận vay ký với người cho vay nước_ngoài , tự chịu mọi rủi_ro và trách_nhiệm trước pháp_luật của Nhà_nước trong quá_trình thực_hiện khoản vay và trả nợ . 

8 . Đối_với các khoản vay trung và dài_hạn của các doanh_nghiệp nhà_nước , các ngân_hàng chỉ được thực_hiện rút vốn và chuyển tiền trả nợ cho nước_ngoài khi khoản vay đã được đăng_ký theo quy_định . 

9 . Ngân_hàng Nhà_nước Việt_Nam phối_hợp với Bộ Tài_chính hướng_dẫn cụ_thể quy_trình quản_lý vay và trả nợ nước_ngoài của doanh_nghiệp nhà_nước nhằm thực_hiện các quy_định nêu tại Điều này . 

Điều 29 .  Các hình_thức bảo_đảm khoản vay 

1 . Trường_hợp người cho vay nước_ngoài yêu_cầu khoản vay của doanh_nghiệp nhà_nước phải có bảo_lãnh của Chính_phủ thì thực_hiện theo các quy_định tại mục 2 Chương III Quy_chế này và tại Quy_chế cấp và quản_lý bảo_lãnh Chính_phủ đối_với các khoản vay nước_ngoài . 

2 . Trường_hợp người cho vay nước_ngoài yêu_cầu bảo_lãnh của ngân_hàng thương_mại hoặc các tổ_chức tài_chính , tín_dụng khác thì việc bảo_lãnh sẽ được thực_hiện theo Quy_chế bảo_lãnh và tái bảo_lãnh vay vốn nước_ngoài do Thống_đốc Ngân_hàng Nhà_nước Việt_Nam ban_hành . 

3 . Doanh_nghiệp nhà_nước vay vốn nước_ngoài có_thể tìm_kiếm bảo_lãnh của người không cư_trú ( các ngân_hàng , tổ_chức tài_chính tín_dụng hoặc công_ty nước_ngoài ... ) nhưng phải bảo_đảm các điều_kiện bảo_lãnh không trái với pháp_luật hiện_hành của Việt_Nam . 

4 . Ngân_hàng , tổ_chức được phép cấp bảo_lãnh theo luật_pháp hiện_hành là người quyết_định và chịu trách_nhiệm cuối_cùng về việc bảo_lãnh vay nước_ngoài cho doanh_nghiệp nhà_nước .  Trường_hợp_doanh_nghiệp được bảo_lãnh không trả được nợ cho nước_ngoài khi đến hạn , cơ_quan bảo_lãnh phải chịu trách_nhiệm trả nợ thay cho doanh_nghiệp ;  đồng_thời có quyền áp_dụng các biện_pháp cần_thiết phù_hợp với các quy_định về tín_dụng và các quy_định khác của pháp_luật Việt_Nam để thu_hồi các khoản nợ đã trả thay cho doanh_nghiệp . 

5 . Doanh_nghiệp nhà_nước có_thể sử_dụng các tài_sản hình_thành từ vốn vay hoặc các hình_thức bảo_đảm khác phù_hợp với pháp_luật Việt_Nam để đảm_bảo việc vay vốn nước_ngoài . 

6 . Đối_với các khoản vay nước_ngoài không có bảo_lãnh hoặc bảo_đảm thì các bên thực_hiện khoản vay tự thỏa_thuận trách_nhiệm về mọi rủi_ro . 

Điều 30 .  Nguyên_tắc quản_lý 

1 . Các khoản nợ nước_ngoài của doanh_nghiệp tư_nhân chịu sự giám_sát , theo_dõi của Chính_phủ .  Cơ_quan thay_mặt Chính_phủ thực_hiện giám_sát , theo_dõi là Ngân_hàng Nhà_nước Việt_Nam . 

2 . Doanh_nghiệp tư_nhân phải đăng_ký khoản vay với Ngân_hàng Nhà_nước Việt_Nam sau khi ký_kết Thỏa_thuận vay với nước_ngoài và phải thực_hiện chế_độ báo_cáo theo quy_định của Thống_đốc Ngân_hàng Nhà_nước Việt_Nam . 

3 . Doanh_nghiệp tư_nhân sử_dụng vốn vay nước_ngoài phải tự chịu hoàn_toàn trách_nhiệm trong việc trả nợ theo đúng các quy_định trong Thỏa_thuận vay , các quy_định của pháp_luật Việt_Nam và thông_lệ pháp_lý quốc_tế . 

4 . Đối_với các khoản vay trung và dài_hạn của các doanh_nghiệp tư_nhân , các ngân_hàng trong nước chỉ được thực_hiện rút vốn và chuyển tiền trả nợ cho nước_ngoài khi khoản vay đã được đăng_ký theo quy_định . 

Điều 31 .  Áp_dụng các nguyên_tắc quản_lý nợ công 

Trường_hợp khoản vay của doanh_nghiệp tư_nhân được Chính_phủ hoặc tổ_chức được phép cấp bảo_lãnh thuộc khu_vực công ( tổ_chức tài_chính/tín_dụng nhà_nước ... ) đứng ra bảo_lãnh thì việc quản_lý và giám_sát khoản vay này được thực_hiện theo các quy_định tại mục 2 và mục 3 Chương III Quy_chế này . 

Điều 32 .  Trách_nhiệm hướng_dẫn thực_hiện 

Thống_đốc Ngân_hàng Nhà_nước Việt_Nam hướng_dẫn cụ_thể quy_trình giám_sát , theo_dõi vay và trả nợ nước_ngoài của khu_vực tư_nhân theo các nguyên_tắc trong Chương này . 

Điều 33 .  Kiểm_tra , giám_sát 

1 . Các Bộ_trưởng , Thủ_trưởng cơ_quan ngang Bộ , Thủ_trưởng cơ_quan thuộc Chính_phủ , Chủ_tịch Ủy_ban nhân_dân các tỉnh , thành_phố trực_thuộc Trung_ương chịu trách_nhiệm trước Thủ_tướng Chính_phủ về việc kiểm_tra , giám_sát việc tiếp_nhận và sử_dụng vốn vay nước_ngoài thuộc phạm_vi quản_lý của mình . 

2 . Bộ Tài_chính , Ngân_hàng Nhà_nước Việt_Nam , Bộ Kế_hoạch và Đầu_tư và Văn_phòng Chính_phủ có trách_nhiệm hướng_dẫn , giúp_đỡ các Bộ , ngành , địa_phương trong công_tác kiểm_tra giám_sát , đồng_thời theo chức_năng của mình trực_tiếp tiến_hành kiểm_tra , giám_sát việc quản_lý sử_dụng vốn vay nước_ngoài của Chính_phủ và việc thực_hiện nghĩa_vụ của các đơn_vị sử_dụng vốn vay nước_ngoài theo đúng quy_định tại các thỏa_thuận vay nước_ngoài hoặc các thỏa_thuận cho vay lại . 

3 . Bộ Kế_hoạch và Đầu_tư , các cơ_quan chủ_quản chịu trách_nhiệm thực_hiện việc kiểm_tra , giám_sát các dự_án đầu_tư hoặc các công_trình xây_dựng sử_dụng vốn vay nước_ngoài theo quy_định của pháp_luật hiện_hành về quản_lý đầu_tư và xây_dựng . 

Điều 34 .  Chế_độ báo_cáo 

1 . Tất_cả các đơn_vị tiếp_nhận và sử_dụng vốn vay nước_ngoài đều phải thực_hiện chế_độ báo_cáo , đánh_giá định_kỳ hàng quý , hàng năm hoặc đột_xuất về tình_hình rút vốn , sử_dụng vốn vay , trả nợ nước_ngoài gửi cơ_quan chủ_quản , cơ_quan quản_lý khoản vay là Bộ Tài_chính hoặc Ngân_hàng Nhà_nước Việt_Nam , cơ_quan bảo_lãnh và cơ_quan cho vay lại theo hướng_dẫn của các cơ_quan này . 

2 . Các Bộ , cơ_quan ngang Bộ , các tỉnh và thành_phố trực_thuộc Trung_ương thực_hiện các báo_cáo tổng_hợp sau đây : 

a ) Báo_cáo tổng_hợp 6 tháng và hàng năm về tình_hình vay , sử_dụng vốn vay và trả nợ nước_ngoài của ngành , địa_phương mình ; 

b ) Báo_cáo về dự_toán ngân_sách của Bộ , địa_phương hàng năm , trong đó nêu rõ dự_kiến các khoản rút vốn vay nước_ngoài , bố_trí vốn đối_ứng cho các chương_trình , dự_án theo đúng tiến_độ chung về lập dự_toán ngân_sách nhà_nước_hàng năm của Chính_phủ ; 

c ) Báo_cáo quyết_toán các dự_án hoàn_thành đưa vào sử_dụng từ nguồn vốn vay nước_ngoài của Chính_phủ theo đúng các quy_định hiện_hành của Nhà_nước . 

3 . Bộ Tài_chính , Ngân_hàng Nhà_nước Việt_Nam có trách_nhiệm tổng_hợp báo_cáo Thủ_tướng Chính_phủ tình_hình vay và trả nợ nước_ngoài theo quy_định về phân_công trách_nhiệm tại Quy_chế này . 

Điều 35 .  Tổ_chức , cá_nhân có thành_tích trong công_tác quản_lý nợ được khen_thưởng theo quy_định của pháp_luật . 

Điều 36 .  Người đứng đầu các cơ_quan quản_lý trực_tiếp của các doanh_nghiệp nhà_nước , tổ_chức tín_dụng nhà_nước vay vốn nước_ngoài chịu trách_nhiệm trước Chính_phủ về hiệu_quả của dự_án vay do mình phê_duyệt hoặc đề_nghị cấp có thẩm_quyền phê_duyệt cho phép vay vốn nước_ngoài . 

Trường_hợp do việc thực_hiện không đúng với các quy_định hiện_hành về xét_duyệt hoặc thẩm_định phương_án đầu_tư bằng vốn vay , quyết_định sai về chủ_trương đầu_tư , gây ra thiệt_hại về kinh_tế thì người lập và người phê_duyệt phương_án , tùy theo mức_độ thiệt_hại phải chịu trách_nhiệm trước pháp_luật . 

Điều 37 .  Các chủ đầu_tư sử_dụng vốn vay nước_ngoài , nếu để xảy ra tình_trạng không trả được nợ do các nguyên_nhân chủ_quan , như sử_dụng vốn kém hiệu_quả , để lãng_phí , thất_thoát vốn , gây ảnh_hưởng xấu đến uy_tín của Chính_phủ và thiệt_hại cho ngân_sách nhà_nước phải chịu trách_nhiệm trước pháp_luật . 

Điều 38 .  Tổ_chức , cá_nhân vi_phạm Quy_chế này và các văn_bản pháp_luật liên_quan , tùy theo tính_chất , mức_độ vi_phạm sẽ bị xử_lý hành_chính hoặc phải bồi_thường thiệt_hại theo quy_định của pháp_luật .  Trường_hợp vi_phạm nghiêm_trọng sẽ bị truy_cứu trách_nhiệm hình_sự ./. 
