Nghị định Quy định việc thi hành Luật Tài nguyên nước

Căn_cứ <L rel="Pursuant"> Luật Tổ_chức Chính_phủ ngày 30 tháng 9 năm 1992 </L> ;
Căn_cứ <L rel="Pursuant"> Luật Tài_nguyên nước ngày 20 tháng 5 năm 1998 </L> ;
Điều 1 . 

1 . Nghị_định này quy_định việc quản_lý , bảo_vệ , khai_thác sử_dụng tài_nguyên nước ;  xả nước_thải vào nguồn nước ;  cấp giấy_phép về tài_nguyên nước và phòng , chống , khắc_phục hậu_quả tác_hại do nước gây ra . 

2 . Nghị_định này cũng được quy_định đối_với các hoạt_động gây ô_nhiễm nước biển ;  quy_định quy_hoạch xây_dựng công_trình trên biển như các công_trình giao_thông , thủy_lợi , thủy_sản và các công_trình khác ;  các hoạt_động liên_quan đến quai đê lấn biển , thoát lũ ;  phòng , chống xâm_nhập mặn , nước biển dâng , tràn , làm muối , nuôi_trồng thủy , hải_sản và các hoạt_động khác có liên_quan . 

3 . Việc xử_phạt vi_phạm hành_chính trong lĩnh_vực tài_nguyên nước , hệ_thống tổ_chức , chức_năng , nhiệm_vụ , quyền_hạn cụ_thể của cơ_quan quản_lý Nhà_nước về tài_nguyên nước Chính_phủ có quy_định riêng . 

Điều 2 . Quy_hoạch lưu_vực sông quy_định tại khoản 1 Điều 5 <L rel="Reference"> Luật Tài_nguyên nước </L> được quy_định cụ_thể như sau :
1 . Quy_hoạch lưu_vực sông phải đảm_bảo yêu_cầu sử_dụng tổng_hợp nguồn nước , đáp_ứng các yêu_cầu về cấp_nước cho sinh_hoạt , phục_vụ cho sản_xuất nông_nghiệp , lâm_nghiệp , công_nghiệp , khai_khoáng , phát_điện , giao_thông thủy , nuôi_trồng thủy , hải_sản , sản_xuất muối , thể_thao , giải_trí , du_lịch , y_tế , an_dưỡng , nghiên_cứu khoa_học và các mục_đích khác ;  đảm_bảo các yêu_cầu về phòng , chống lũ , lụt , hạn_hán và các tác_hại khác do nước gây ra . 

2 . Quy_hoạch lưu_vực sông nhánh , quy_hoạch hệ_thống công_trình thủy_lợi và các quy_hoạch chuyên_ngành về phòng , chống lũ , lụt , hạn_hán , cấp thoát nước , giao_thông thủy , quy_hoạch thủy_điện và các quy_hoạch khai_thác , sử_dụng nước khác phải căn_cứ vào quy_hoạch lưu_vực sông . 

Điều 3 . Việc phòng , chống suy_thoái , cạn_kiệt nguồn nước quy_định tại khoản 1 Điều 11 <L rel="Reference"> Luật tài_nguyên nước </L> được quy_định cụ_thể như sau :
1 . Bộ Nông_nghiệp và Phát_triển nông_thôn chủ_trì , phối_hợp với các Bộ , ngành liên_quan , Ủy_ban nhân_dân tỉnh , thành_phố trực_thuộc Trung_ương : 

a . Tổ_chức điều_tra , đánh_giá các nguồn nước bị suy_thoái , cạn_kiệt ; 

b . Lập quy_hoạch bảo_vệ và phát_triển rừng phù_hợp với quy_hoạch lưu_vực sông để bảo_vệ tài_nguyên nước , phòng , chống lũ , lụt , hạn_hán ; 

c . Lập kế_hoạch khôi_phục , nâng_cấp và xây_dựng bổ_sung , làm mới các công_trình thủy_lợi để tăng khả_năng cung_cấp_nước , khôi_phục các nguồn nước bị suy_thoái , cạn_kiệt ; 

d . Kiểm_tra , giám_sát việc khai_thác , sử_dụng nước dưới đất ;  có biện_pháp xử_lý kịp_thời để bảo_vệ nguồn nước dưới đất ở các vùng , khu_vực đang có nguy_cư suy_giảm về trữ_lượng và bị ô_nhiễm ; 

đ . Kiểm_tra , giám_sát các điểm xả nước_thải vào nguồn nước ;  quy_định việc áp_dụng các biện_pháp xử_lý nước_thải theo quy_định của pháp_luật . 

2 . Bộ Nông_nghiệp và Phát_triển nông_thôn chủ_trì , phối_hợp với Bộ Kế_hoạch và Đầu_tư , Bộ Tài_chính và các Bộ , ngành có liên_quan lập kế_hoạch sử_dụng kinh_phí hàng năm để thực_hiện các quy_định tại khoản 1 điều này trình Thủ_tướng Chính_phủ quyết_định . 

Điều 4 . Kế_hoạch phòng , chống ô_nhiễm nguồn nước quy_định tại khoản 1 Điều 13 <L rel="Reference"> Luật Tài_nguyên nước </L> được quy_định cụ_thể như sau :
1 . Các Bộ : Nông_nghiệp và phát_triển nông_thôn , Công_nghiệp và Tổng_cục Khí_tượng thủy_văn theo chức_năng , nhiệm_vụ của mình có trách_nhiệm phối_hợp với các Bộ , ngành có liên_quan và Ủy_ban nhân_dân tỉnh , thành_phố trực_thuộc Trung_ương : 

a . Xây_dựng mạng_lưới trạm khảo_sát , đánh_giá lại chất_lượng nước mặt và nước dưới đất ;  thu_thập số_liệu , lập ngân_hàng dữ_liệu ; 

b . Lập kế_hoạch ngăn_ngừa và tiến_hành xử_lý ô_nhiễm nguồn nước . 

2 . Bộ Nông_nghiệp và Phát_triển nông_thôn , Bộ Công_nghiệp và Tổng_cục Khí_tượng thủy_văn phối_hợp với Bộ Kế_hoạch và Đầu_tư lập kế_hoạch kinh_phí hàng năm để thực_hiện các quy_định tại khoản 1 điều này trình Thủ_tướng Chính_phủ quyết_định . 

Điều 5 . Việc cấp phép xả nước_thải vào nguồn nước quy_định tại Điều 18 <L rel="Reference"> Luật Tài_nguyên nước </L> được quy_định cụ_thể như sau :
1 . Đối_tượng cấp phép : 

Tổ_chức , cá_nhân sử_dụng nước để sản_xuất , kinh_doanh , nghiên_cứu khoa_học , bệnh_viện , đô_thị , khu dân_cư tập_trung và các hoạt_động khác , nếu xả nước_thải vào nguồn nước , thì phải xin phép cơ_quan quản_lý nhà_nước có thẩm_quyền quy_định tại khoản 5 điều này . 

2 . Điều_kiện cấp phép : 

Việc cấp giấy_phép xả nước_thải vào nguồn nước phải căn_cứ : 

a . <L rel="Pursuant"> Luật Tài_nguyên nước </L> và các pháp_luật khác có liên_quan ;
b . Quy_hoạch bảo_vệ , khai_thác , sử_dụng nguồn nước và phòng , chống tác_hại do nước gây ra của lưu_vực sông và quy_hoạch hệ_thống công_trình thủy_lợi ; 

c . Khả_năng tiếp_nhận nước_thải của nguồn nước ;  tiêu_chuẩn nước_thải ; 

d . Đề_nghị của cơ_quan quản_lý quy_hoạch lưu_vực sông ;  tổ_chức , cá_nhân quản_lý , khai_thác công_trình thủy_lợi . 

3 . Thời_hạn của giấy_phép : 

a . Thời_hạn của giấy_phép từ 3 đến 5 năm đối_với việc xả nước_thải vào nguồn nước ; 

b . Trường_hợp thời_hạn sử_dụng giấy_phép đã hết hạn , cơ_quan có thẩm_quyền cấp giấy_phép quyết_định việc gia_hạn , nhưng mỗi lần gia_hạn giấy_phép không quá 3 năm ; 

c . Thời_hạn sử_dụng giấy_phép có_thể bị thay_đổi khi xảy ra một trong các trường_hợp sau : 

Nguồn nước không_thể bảo_đảm khả_năng tiếp_nhận nước_thải ; 

Nhu_cầu sử_dụng nước và thải nước tăng nhiều mà chưa có biến pháp xử_lý , khắc_phục ; 

Xuất_hiện tình_huống đặc_biệt khác cần phải hạn_chế việc xả nước_thải vào nguồn nước . 

4 . Thu_hồi và đình_chỉ sử_dụng giấy_phép : 

Việc thu_hồi hoặc đình_chỉ hiệu_lực sử_dụng giấy_phép xả nước_thải vào nguồn nước được áp_dụng trong các trường_hợp sau : 

a . Tổ_chức , cá_nhân xả nước_thải vi_phạm nội_dung quy_định trong giấy_phép ; 

b . Tổ_chức , cá_nhân xả nước_thải vi_phạm_quy_định tại khoản 2 Điều 19 của <L rel="Reference"> Luật Tài_nguyên nước </L> ;
c . Tổ_chức , cá_nhân xả nước_thải vào nguồn nước bị giải_thể , chuyển_nhượng hoặc bị tuyên_bố phá_sản ; 

d . Giấy_phép cấp không đúng thẩm_quyền ; 

đ . Giấy_phép không sử_dụng trong thời_gian 01 năm mà không có_lý_do chính_đáng ; 

e . Khi cơ_quan nhà_nước có thẩm_quyền xét thấy cần_thiết thu_hồi hoặc đình_chỉ hiệu_lực của giấy_phép vì lý_do quốc_phòng , an_ninh hoặc vì lợi_ích quốc_gia , lợi_ích công_cộng . 

5 . Thẩm_quyền cấp , thu_hồi giấy_phép : 

a . Bộ Nông_nghiệp và Phát_triển nông_thôn thực_hiện việc cấp , thu_hồi Giấy_phép xả nước_thải vào nguồn nước và các hệ_thống công_trình thủy_lợi liên tỉnh ; 

b . Ủy_ban nhân_dân tỉnh , thành_phố trực_thuộc Trung_ương thực_hiện việc cấp , thu_hồi Giấy_phép xả nước_thải vào nguồn nước và hệ_thống công_trình thủy_lợi thuộc tỉnh quản_lý ;  Giấy_phép xả nước_thải vào nguồn nước và hệ_thống công_trình thủy_lợi liên tỉnh do tỉnh quản_lý nhưng phải có sự thỏa_thuận bằng văn_bản của Bộ Nông_nghiệp và Phát_triển nông_thôn ; 

c . Cơ_quan quản_lý Nhà_nước về tài_nguyên nước có thẩm_quyền cấp giấy_phép loại nào thì có quyền thu_hồi giấy_phép loại đó . 

6 . Bộ Nông_nghiệp và Phát_triển nông_thôn quy_định thủ_tục cấp phép và quy_định việc ủy_quyền cấp phép xả nước_thải vào nguồn nước . 

Điều 6 . Việc nộp lệ_phí cấp phép , phí xả nước_thải vào nguồn nước , phí phòng , chống ô_nhiễm nguồn nước quy_định tại Điều 7 và điểm b khoản 2 Điều 19 <L rel="Reference"> Luật Tài_nguyên nước </L> được quy_định cụ_thể như sau :
1 . Tổ_chức , cá_nhân khi xin phép xử nước_thải vào nguồn nước phải nộp lệ_phí cấp phép ; 

2 . Tổ_chức , cá_nhân có nhu_cầu xả nước_thải vào nguồn nước , hệ_thống công_trình thủy_lợi phải nộp phí xả nước_thải ; 

3 . Tổ_chức , cá_nhân xả nước_thải sinh_hoạt vào hệ_thống tiêu_thoát nước chung của thành_phố , đô_thị , khu dân_cư tập_trung phải nộp phí phòng , chống ô_nhiễm ; 

4 . Tổ_chức , cá_nhân sản_xuất , kinh_doanh xả nước_thải vào hệ_thống tiêu_thoát nước chung của thành_phố , đô_thị , khu dân_cư tập_trung phải nộp phí xả nước_thải ;  trường_hợp tổ_chức , cá_nhân áp_dụng các biến pháp khoa_học công_nghệ tiên_tiến bảo_đảm khối_lượng xả ít hơn , mức_độ xử_lý nước_thải tốt hơn so với quy_định thì được xét miễn , giảm phí xả nước_thải ; 

5 . Lệ_phí cấp phép , phí xả nước_thải , phí phòng , chống ô_nhiễm được sử_dụng cho việc quản_lý và bảo_vệ tài_nguyên nước .  Bộ Nông_nghiệp và Phát_triển nông_thôn phối_hợp với Bộ Tài_chính hướng_dẫn thủ_tục thu , nộp , quản_lý , sử_dụng phí xả nước_thải , phí phòng , chống ô_nhiễm và các trường_hợp miễn , giảm . 

Bộ Tài_chính chủ_trì , phối_hợp với Bộ Nông_nghiệp và Phát_triển nông_thôn và các Bộ , ngành có liên_quan trình Thủ_tướng Chính_phủ quyết_định về mức thu lệ_phí cấp phép , phí xả nước_thải , phí phòng , chống ô_nhiễm nguồn nước . 

Điều 7 . Việc điều hòa , phân_phối tài_nguyên nước quy_định tại Điều 20 <L rel="Reference"> Luật Tài_nguyên nước </L> được quy_định cụ_thể như sau :
1 . Cơ_quan quản_lý nhà_nước về tài_nguyên nước căn_cứ vào quy_hoạch lưu_vực sông và tiềm_năng thực_tế của nguồn nước , thông_báo khả_năng của nguồn nước cho các ngành , các địa_phương liên_quan lập kế_hoạch bố_trí dân_sinh , kinh_tế-xã_hội phù_hợp với tiềm_năng của nguồn nước . 

Khi nguồn nước không đáp_ứng nhu_cầu dùng nước , thì các ngành , các địa_phương phải điều_chỉnh kế_hoạch , bố_trí dân_sinh , kinh_tế-xã_hội cho phù_hợp với khả_năng thực_tế của nguồn nước . 

2 . Khi xảy ra hạn_hán , gây thiếu nước nghiêm_trọng , cơ_quan quản_lý nhà_nước về tài_nguyên nước thực_hiện việc điều hòa , phân_phối tài_nguyên nước theo nguyên_tắc : 

a . Bảo_đảm chủ_động nước cho sinh_hoạt với định_mức tối_thiểu ; 

b . Nhu_cầu nước cho chăn_nuôi gia_súc , gia_cầm và nuôi , trồng thủy , hải_sản ; 

c . Bảo_đảm nước cho các cơ_sở công_nghiệp và cơ_sở nghiên_cứu khoa_học quan_trọng ; 

d . Bảo_đảm nước phục_vụ cho chương_trình an_ninh lương_thực và cây_trồng có giá_trị kinh_tế cao ; 

đ . Các mục_đích khai_thác , sử_dụng nước khác . 

Cơ_quan quản_lý nhà_nước về tài_nguyên nước theo quy_định tại khoản 1 và 2 điều này chịu trách_nhiệm lập kế_hoạch điều hòa , phân_phối tài_nguyên nước . 

Điều 8 . Nghĩa_vụ tài_chính của tổ_chức , cá_nhân quy_định tại điểm e khoản 1 Điều 23 <L rel="Reference"> Luật Tài_nguyên nước </L> được quy_định cụ_thể như sau :
1 . Tổ_chức , cá_nhân khai_thác , sử_dụng tài_nguyên nước , trừ trường_hợp không phải xin phép quy_định tại khoản 2 Điều 24 <L rel="Reference"> Luật Tài_nguyên nước </L> phải nộp thuế tài_nguyên theo quy_định của pháp_luật ;
2 . Trả phí sử_dụng nước theo quy_định của pháp_luật ; 

3 . Bồi_thường thiệt_hại do mình gây ra trong khai_thác , sử_dụng tài_nguyên nước theo quy_định của pháp_luật ; 

4 . Trả lệ_phí cấp giấy_phép khai_thác , sử_dụng tài_nguyên nước ; 

5 . Lệ_phí cấp phép khai_thác , phí sử_dụng nước được sử_dụng cho việc quản_lý và bảo_vệ tài_nguyên nước . 

Bộ Tài_chính chủ_trì , phối_hợp với Bộ Nông_nghiệp và Phát_triển nông_thôn và các Bộ , ngành có liên_quan trình Thủ_tướng Chính_phủ quyết_định về mức thu phí , lệ_phí cấp phép khai_thác , sử_dụng nước . 

Điều 9 . Việc cấp phép và việc khai_thác , sử_dụng tài_nguyên nước quy_định tạ khoản 1 Điều 24 <L rel="Reference"> Luật Tài_nguyên nước </L> được quy_định cụ_thể như sau :
1 . Đối_tượng cấp giấy_phép : 

Tổ_chức , cá_nhân khai_thác , sử_dụng tài_nguyên nước cho các mục_đích sinh_hoạt , sản_xuất nông_nghiệp , công_nghiệp , khai_khoáng , phát_điện và các mục_đích khác thì phải xn phép cơ_quan quản_lý nhà_nước có thẩm_quyền cấp giấy_phép quy_định tại khoản 5 điều này . 

2 . Điều_kiện cấp giấy_phép : 

Việc cấp giấy_phép khai_thác , sử_dụng nguồn nước phải căn_cứ : 

a . Pháp_luật về tài_nguyên nước và pháp_luật khác có liên_quan ; 

kết_quả đánh_giá các đề_án thăm_dò và báo_cáo thăm_dò nước dưới đất của các cơ_quan chuyên_môn hoặc hội_đồng chuyên_môn ; 

c . Khả_năng thực_tế của nguồn nước , tiêu_chuẩn cấp_nước , nhu_cầu dùng nước ; 

d . Đề_nghị của cơ_quan quản_lý quy_hoạch lưu_vực sông , tổ_chức , cá_nhân quản_lý , khai_thác công_trình thủy_lợi . 

3 . Thời_hạn sử_dụng của giấy_phép : 

a . Thời_hạn sử_dụng của giấy_phép là 20 năm đối_với khai_thác , sử_dụng nước mặt ;  15 năm đối_với khai_thác , sử_dụng nước dưới đất ; 

b . Trường_hợp giấy_phép sử_dụng đã hết hạn , cơ_quan có thẩm_quyền cấp phép quyết_định việc gia_hạn , nhưng mỗi lần gia_hạn thì thời_hạn giấy_phép không quá 10 năm ; 

c . Thời_hạn của giấy_phép có_thể bị thay_đổi khi xảy ra một trong các trường_hợp sau đây : 

- Nguồn nước không_thể bảo_đảm việc cung_cấp_nước bình_thường ; 

- Việc khai_thác nước dưới đất vượt quá mức quy_định gây suy_thoái , cạn_kiệt hoặc nguồn nước dưới đất bị ô_nhiễm nghiêm_trọng ; 

- Nhu_cầu sử_dụng nước tăng nhiều mà chưa có biện_pháp xử_lý , bổ_sung nguồn nước ; 

- Xuất_hiện tình_huống đặc_biệt khác cần phải hạn_chế việc khai_thác , sử_dụng nước . 

Việc thu_hồi và đình_chỉ hiệu_lực của giấy_phép khai_thác , sử_dụng nước được thực_hiện trong các trường_hợp sau : 

a . Tổ_chức , cá_nhân khai_thác , sử_dụng nước vi_phạm nội_dung quy_định trong giấy_phép ; 

b . Tổ_chức , cá_nhân khai_thác , sử_dụng nước vi_phạm_quy_định tại Điều 23 của <L rel="Reference"> Luật Tài_nguyên nước </L> ;
c . Tổ_chức , cá_nhân khai_thác , sử_dụng nước bị giải_thể hoặc bị tuyên_bố phá_sản ; 

đ . Giấy_phép không sử_dụng trong thời_gian 1 năm mà không có_lý_do chính_đáng ; 

a . Bộ Nông_nghiệp và Phát_triển nông_thôn cấp , thu_hồi các loại giấy_phép khai_thác , sử_dụng nước sau : 

- Giấy_phép khai_thác , sử_dụng nước đối_với các công_trình quan_trọng quốc_gia đã được Thủ_tướng Chính_phủ phê_duyệt ; 

- Giấy_phép thăm_dò , khai_thác nước dưới đất đối_với các công_trình khai_thác nước tập_trung với lưu_lượng từ 1000 m3/ngày/đêm trở lên . 

- Giấy_phép lấy nước mặt cho nông_nghiệp , công_nghiệp , khai_khoáng và sinh_hoạt với lưu_lượng từ 2 m3/s trở lên . 

- Giấy_phép khai_thác , sử_dụng nước để phát_điện với công_suất từ 500 kw trở lên . 

b . Ủy_ban nhân_dân tỉnh , thành_phố trực_thuộc Trung_ương cấp , thu_hồi các loại giấy_phép khai_thác , sử_dụng nước sau : 

- Giấy_phép thăm_dò , khai_thác nước dưới đất đối_với các công_trình khai_thác nước dưới đất , lưu_lượng khai_thác dưới 1.000 m3/ngày/đêm ; 

- Giấy_phép lấy nước mặt cho sản_xuất nông_nghiệp , công_nghiệp , khai_khoáng , sinh_hoạt với lưu_lượng dưới 2 m3/s ; 

- Giấy_phép khai_thác , sử_dụng nước cho phát_điện với công_suất dưới 500 kw . 

c . Bộ Nông_nghiệp và Phát_triển nông_thôn cấp phép khai_thác , sử_dụng tài_nguyên nước cho các mục_đích khác thuộc lưu_vực sông , hệ_thống công_trình thủy_lợi liên tỉnh ; 

d . Ủy_ban nhân_dân tỉnh , thành_phố trực_thuộc Trung_ương cấp phép khai_thác , sử_dụng tài_nguyên nước cho các mục_đích khác thuộc lưu_vực sông , hệ_thống công_trình thủy_lợi trong phạm_vi địa_phương ;  thực_hiện việc cấp phép khai_thác , sử_dụng nước thuộc lưu_vực sông , hệ_thống công_trình thủy_lợi liên tỉnh theo ủy_quyền của Bộ Nông_nghiệp và Phát_triển nông_thôn ; 

đ . Cơ_quan quản_lý nhà_nước về tài_nguyên nước có thẩm_quyền cấp giấy_phép lại nào thì có quyền thu_hồi giấy_phép loại đó . 

6 . Bộ Nông_nghiệp và Phát_triển nông_thôn quy_định thủ_tục cấp phép khai_thác , sử_dụng tài_nguyên nước . 

Điều 10 . 

1 . Ủy_ban nhân_dân tỉnh , thành_phố trực_thuộc Trung_ương quy_định_mức quy_mô nhỏ về khai tác sử_dụng nước trong phạm_vi gia_đình quy_định tại điểm a , b , c khoản 2 Điều 24 <L rel="Reference"> Luật Tài_nguyên nước </L> theo hướng_dẫn của Bộ Nông_nghiệp và Phát_triển nông_thôn .
2 . Các trường_hợp khai_thác , sử_dụng nước quy_định tại điểm đ khoản 2 Điều 24 <L rel="Reference"> Luật Tài_nguyên nước </L> là các trường_hợp khai_thác , sử_dụng tài_nguyên nước cho các mục_đích lâm_nghiệp , giao_thông thủy , nuôi_trồng thủy , hải_sản , sản_xuất muối , thể_thao , giải_trí , du_lịch , y_tế , an_dưỡng , nghiên_cứu khoa_học không nhằm mục_đích kinh_doanh .
Điều 11 . 

Quyền_dẫn nước chảy qua quy_định tại Điều 33 <L rel="Reference"> Luật Tài_nguyên nước </L> được thực_hiện theo quy_định tại các Điều 274 , 275 , 282 và 283 của <BL rel="Reference"> Bộ_luật Dân_sự </BL> .
Trường_hợp dẫn nước bằng các biện_pháp công_trình , thì Chủ đầu_tư phải tuân theo quy_hoạch lưu_vực sông , quy_hoạch hệ_thống công_trình thủy_lợi và phải được cơ_quan quản_lý nhà_nước về tài_nguyên nước có thẩm_quyền cấp giấy_phép quy_định tại khoản 5 Điều 9 Nghị_định này . 

Điều 12 . Tổ_chức , cá_nhân khi cần bổ_sung , thay_đổi mục_đích , quy_mô khai_thác , sử_dụng tài_nguyên nước quy_định tại Điều 35 <L rel="Reference"> Luật Tài_nguyên nước </L> thì phải có đơn xin phép , lập đề_án trình cơ_quan quản_lý nhà_nước có thẩm_quyền cấp giấy_phép quy_định tại khoản 5 Điều 9 Nghị_định này .
Điều 13 .  Bộ Nông_nghiệp và Phát_triển nông_thôn chịu trách_nhiệm trước Chính_phủ thực_hiện chức_năng quản_lý Nhà_nước về tài_nguyên nước trong phạm_vi cả nước , bao_gồm : 

1 . Chủ_trì , phối_hợp với các Bộ , ngành có liên_quan , Ủy_ban nhân_dân tỉnh , thành_phố trực_thuộc Trung_ương xây_dựng và chỉ_đạo thực_hiện chiến_lược , quy_hoạch , kế_hoạch , chính_sách về bảo_vệ , khai_thác , sử_dụng , phát_triển tài_nguyên nước ;  phòng , chống và khắc_phục hậu_quả tác_hại do nước gây ra ;  lập danh_mục các lưu_vực sông trình Thủ_tướng Chính_phủ quyết_định ; 

2 . Xây_dựng và trình Chính_phủ ban_hành hoặc ban_hành theo thẩm_quyền các văn_bản pháp_quy , quy_trình , quy_phạm , tiêu_chuẩn , định_mức về bảo_vệ , khai_thác , sử_dụng tài_nguyên nước , phòng , chống và khắc_phục hậu_quả tác_hại do nước gây ra ; 

3 . Tổng_hợp , quản_lý kết_quả điều_tra cơ_bản , kiểm_kê , đánh_giá tài_nguyên nước trong phạm_vi cả nước ;  xây_dựng ngân_hàng dữ_liệu về tài_nguyên nước và thực_hiện công_tác kiểm_kê , đánh_giá tài_nguyên nước thuộc chức_năng , nhiệm_vụ quản_lý của Bộ Nông_nghiệp và Phát_triển nông_thôn ; 

4 . Quyết_định theo thẩm_quyền việc điều hòa , phân_phối tài_nguyên nước theo quy_định tại khoản 3 Điều 7 của Nghị_định này ;  cấp , thu_hồi , gia_hạn giấy_phép hoặc ủy_quyền cho Ủy_ban nhân_dân tỉnh , thành_phố trực_thuộc Trung_ương cấp , thu_hồi , gia_hạn giấy_phép về tài_nguyên nước , giấy_phép hành_nghề khoan điều_tra , khảo_sát địa_chất , thăm_dò , thi_công công_trình khai_thác nước dưới đất theo quy_định của Nghị_định này ; 

5 . Quyết_định theo thẩm_quyền hoặc trình Thủ_tướng Chính_phủ quyết_định biện_pháp , huy_động lực_lượng , vật_tư , phương_tiện để phòng , chống , khắc_phục hậu_quả lũ , lụt , hạn_hán , xử_lý_sự_cố công_trình thủy_lợi và các tác_hại khác do nước gây ra ; 

6 . Tổ_chức công_tác thanh_tra chuyên_ngành về tài_nguyên nước ;  giải_quyết các tranh_chấp , khiếu_nại , tố_cáo trong lĩnh_vực pháp_luật về tài_nguyên nước ; 

7 . Tổng_hợp và đề xuất_trình Chính_phủ xử_lý các vấn_đề trong quan_hệ quốc_tế về lĩnh_vực tài_nguyên nước ; 

8 . Đề_xuất , trình Chính_phủ về chức_năng , nhiệm_vụ , quyền_hạn và hệ_thống tổ_chức cơ_quan quản_lý nhà_nước về tài_nguyên nước ;  tuyên_truyền , phổ_biến pháp_luật tài_nguyên nước ; 

9 . Quản_lý việc khai_thác và bảo_vệ công_trình thủy_lợi , công_tác phòng , chống lụt , bão và xây_dựng , tổ_chức thực_hiện chương_trình nước_sạch và vệ_sinh môi_trường nông_thôn . 

Điều 14 .  Các bộ , cơ_quan ngang bộ , cơ_quan thuộc Chính_phủ theo chức_năng , nhiệm_vụ của mình có trách_nhiệm : 

1 . Tổng_cục Khí_tượng thủy_văn phối_hợp với các Bộ , ngành có liên_quan lập và tổ_chức thực_hiện kế_hoạch hàng năm và dài_hạn việc điều_tra cơ_bản về số_lượng , chất_lượng về tài_nguyên nước mặt ; 

2 . Bộ Khoa_học , Công_nghệ và Môi_trường phối_hợp với các Bộ , ngành có liên_quan xây_dựng tiêu_chuẩn chất_lượng nước ;  kiểm_soát và hạn_chế mưa axít ; 

3 . Bộ_Công_nghiệp phối_hợp với các Bộ , ngành có liên_quan lập và tổ_chức thực_hiện kế_hoạch hàng năm và dài_hạn việc điều_tra cơ_bản địa_chất tài_nguyên nước dưới đất ;  xây_dựng quy_trình vận_hành hồ chứa thủy_điện , phương_án bảo_đảm an_toàn công_trình thủy_công của công_trình thủy_điện , khai_thác tổng_hợp nguồn nước trình Thủ_tướng Chính_phủ quyết_định ; 

4 . Bộ Giao_thông vận_tải phối_hợp với Bộ Nông_nghiệp và Phát_triển nông_thôn và các Bộ , ngành có liên_quan xây_dựng , tổ_chức thực_hiện quy_hoạch mạng_lưới giao_thông thủy và xây_dựng các công_trình giao_thông thủy ; 

5 . Bộ Xây_dựng phối_hợp với Bộ Nông_nghiệp và Phát_triển nông_thôn và các Bộ , ngành có liên_quan xây_dựng , tổ_chức thực_hiện quy_hoạch cấp , thoát nước đô_thị , khu công_nghiệp , khu dân_cư tập_trung ; 

6 . Bộ Thủy_sản phối_hợp với Bộ Nông_nghiệp và Phát_triển nông_thôn và các Bộ , ngành có liên_quan xây_dựng tổ_chức thực_hiện quy_hoạch bảo_vệ , khai_thác , sử_dụng nguồn nước cho việc phát_triển thủy_sản nội_địa ; 

7 . Bộ Kế_hoạch và Đầu_tư phối_hợp với các Bộ , ngành có liên_quan tổng_hợp kế_hoạch đầu_tư kinh_phí cho các dự_án về quản_lý , bảo_vệ , khai_thác , sử_dụng tài_nguyên nước , phòng , chống và khắc_phục hậu_quả tác_hại do nước gây ra trình Thủ_tướng Chính_phủ quyết_định ; 

8 . Bộ Tài_chính phối_hợp với Bộ Nông_nghiệp và Phát_triển nông_thôn xây_dựng các chính_sách về thuế tài_nguyên nước , phí , lệ_phí quản_lý_tài_nguyên nước , trình Thủ_tướng Chính_phủ quyết_định . 

Điều 15 .  Ủy_ban nhân_dân tỉnh , thành_phố trực_thuộc Trung_ương có trách_nhiệm : 

1 . Xây_dựng và chỉ_đạo thực_hiện quy_hoạch , kế_hoạch về bảo_vệ , khai_thác , sử_dụng , phát_triển tài_nguyên nước ;  phòng , chống và khắc_phục hậu_quả tác_hại do nước gây ra tại địa_phương ; 

2 . Hướng_dẫn thi_hành các quy_định của Chính_phủ và các Bộ về quản_lý , bảo_vệ , khai_thác , sử_dụng tài_nguyên nước ;  phòng , chống và khắc_phục hậu_quả tác_hại do nước gây ra tại địa_phương ; 

3 . Tổ_chức , chỉ_đạo thực_hiện việc điều_tra cơ_bản , kiểm_kê , đánh_giá tài_nguyên nước tại địa_phương theo hướng_dẫn của Bộ Nông_nghiệp và Phát_triển nông_thôn và các Bộ , ngành có liên_quan ; 

4 . Cấp , thu_hồi , gia_hạn giấy_phép về tài_nguyên nước , giấy_phép hành_nghề khoan điều_tra , khảo_sát địa_chất , thăm_dò , thi_công công_trình khai_thác nước dưới đất theo quy_định của nghị_định này và hướng_dẫn của Bộ Nông_nghiệp và Phát_triển nông_thôn ;  điều hòa , phân_phối nước tại địa_phương theo hướng_dẫn của Bộ Nông_nghiệp và Phát_triển nông_thôn ; 

5 . Quyết_định biện_pháp , huy_động lực_lượng , vật_tư , phương_tiện để phòng , chống , khắc_phục hậu_quả lũ , lụt , hạn_hán ;  xử_lý_sự_cố công_trình thủy_lợi và các tác_hại do nước gây ra tại địa_phương theo hướng_dẫn của Bộ Nông_nghiệp và Phát_triển nông_thôn ; 

6 . Tổ_chức công_tác thanh_tra về tài_nguyên nước ; giải_quyết hoặc tham_gia giải_quyết các tranh_chấp về tài_nguyên nước và xử_lý các vi_phạm pháp_luật về tài_nguyên nước tại địa_phương theo thẩm_quyền quy_định tại Điều 62 của <L rel="Reference"> Luật Tài_nguyên nước </L> và các quy_định khác của pháp_luật ; tuyên_truyền , phổ_biến pháp_luật về tài_nguyên nước tại địa_phương ;
7 . Thực_hiện các điều_ước quốc_tế mà Cộng_hòa xã_hội chủ_nghĩa Việt_Nam ký_kết hoặc tham_gia ; 

8 . Quy_định vùng bảo bộ vệ_sinh và mức quy_mô nhỏ trong khai_thác , sử_dụng tài_nguyên nước theo quy_định tại khoản 1 Điều 10 Nghị_định này . 

Điều 16 . 

1 . Hội_đồng quốc_gia về tài_nguyên nước theo quy_định tại Điều 63 <L rel="Reference"> Luật Tài_nguyên nước </L> có nhiệm_vụ tư_vấn giúp Chính_phủ :
a . Chiến_lược , chính_sách tài_nguyên nước quốc_gia ; 

b . Xét_duyệt quy_hoạch các lưu_vực sông lớn ; 

c . Chuyển nước giữa các lưu_vực sông lớn ; 

d . Các dự_án về bảo_vệ , khai_thác , sử_dụng tài_nguyên nước do Chính_phủ quyết_định ;  phòng , chống và khắc_phục hậu_quả lũ , lụt và các tác_hại khác do nước gây ra ; 

đ . Quản_lý , bảo_vệ , khai_thác , sử_dụng các nguồn nước quốc_tế và giải_quyết các tranh_chấp phát_sinh ; 

e . Giải_quyết tranh_chấp về tài_nguyên nước giữa các Bộ , ngành với nhau và giữa các Bộ , ngành với Ủy_ban nhân_dân tỉnh , thành_phố trực_thuộc Trung_ương và giữa các tỉnh , thành_phố trực_thuộc Trung_ương . 

2 . Việc lập , quy_chế về tổ_chức và hoạt_động của Hội_đồng quốc_gia về tài_nguyên nước do Thủ_tướng Chính_phủ quyết_định . 

Điều 17 . Cơ_quan quản_lý quy_hoạch lưu_vực sông quy_định tại Điều 64 <L rel="Reference"> Luật Tài_nguyên nước </L> được quy_định cụ_thể như sau :
1 . Căn_cứ vào danh_mục các lưu_vực sông đã được phê_duyệt , Bộ_trưởng Bộ Nông_nghiệp và Phát_triển nông_thôn quyết_định lập , quy_chế cụ_thể về tổ_chức và hoạt_động của cơ_quan quản_lý quy_hoạch lưu_vực sông Hồng-Thái_Bình , sông Cửu_Long ; 

2 . Chủ_tịch Ủy_ban nhân_dân tỉnh , thành_phố trực_thuộc Trung_ương quyết_định lập , quy_chế về tổ_chức và hoạt_động của các cơ_quan quản_lý quy_hoạch lưu_vực sông đối_với các sông thuộc phạm_vi địa_phương theo hướng_dẫn của Bộ Nông_nghiệp và Phát_triển nông_thôn . 

Điều 18 .  Hệ_thống tổ_chức Thanh_tra chuyên_ngành về tài_nguyên nước : 

1 . Thanh_tra chuyên_ngành về tài_nguyên nước ở Trung_ương trực_thuộc Bộ Nông_nghiệp và Phát_triển nông_thôn ; 

2 . Thanh_tra chuyên_ngành về tài_nguyên nước ở địa_phương trực_thuộc Sở Nông_nghiệp và Phát_triển nông_thôn . 

Việc lập , ban_hành Quy_chế hoạt_động của thanh_tra chuyên_ngành về tài_nguyên nước các cấp do Chính_phủ quyết_định . 

Điều 19 .  Nghị_định này có hiệu_lực sau 15 ngày kể từ ngày ký .  Các quy_định trước_đây trái với Nghị_định này đều bãi_bỏ . 

Điều 20 .  Bộ_trưởng Bộ Nông_nghiệp và Phát_triển nông_thôn , Bộ_trưởng các bộ , ngành có liên_quan chịu trách_nhiệm hướng_dẫn thi_hành Nghị_định này . 

Điều 21 .  Bộ_trưởng , Thủ_trưởng cơ_quan ngang Bộ , Thủ_trưởng cơ_quan thuộc Chính_phủ , Chủ_tịch Ủy_ban nhân_dân tỉnh , thành_phố trực_thuộc Trung_ương chịu trách_nhiệm thi_hành Nghị_định này . 